Record Length,2.500000e+03,,   0.006975000000,   0.08000,
Sample Interval,2.000000e-08,,   0.006975020000,   0.08000,
Trigger Point,-3.487500000000e+05,,   0.006975040000,   0.04000,
,,,   0.006975060000,   0.04000,
,,,   0.006975080000,   0.04000,
,,,   0.006975100000,   0.04000,
Source,CH2,,   0.006975120000,   0.04000,
Vertical Units,V,,   0.006975140000,   0.04000,
Vertical Scale,1.000000e+00,,   0.006975160000,   0.04000,
Vertical Offset,3.600000e-01,,   0.006975180000,   0.00000,
Horizontal Units,s,,   0.006975200000,   0.08000,
Horizontal Scale,5.000000e-06,,   0.006975220000,   0.08000,
Pt Fmt,Y,,   0.006975240000,   0.04000,
Yzero,0.000000e+00,,   0.006975260000,   0.04000,
Probe Atten,1.000000e+01,,   0.006975280000,   0.04000,
Model Number,TDS1012B,,   0.006975300000,   0.00000,
Serial Number,C055216,,   0.006975320000,   0.04000,
Firmware Version,FV:v22.16,,   0.006975340000,   0.00000,
,,,0.006975360000,   0.04000,
,,,0.006975380000,   0.04000,
,,,0.006975400000,   0.04000,
,,,0.006975420000,   0.08000,
,,,0.006975440000,   0.08000,
,,,0.006975460000,   0.00000,
,,,0.006975480000,   0.08000,
,,,0.006975500000,   0.00000,
,,,0.006975520000,   0.04000,
,,,0.006975540000,   0.04000,
,,,0.006975560000,   0.04000,
,,,0.006975580000,   0.04000,
,,,0.006975600000,   0.08000,
,,,0.006975620000,   0.04000,
,,,0.006975640000,   0.04000,
,,,0.006975660000,   0.04000,
,,,0.006975680000,   0.04000,
,,,0.006975700000,   0.04000,
,,,0.006975720000,   0.04000,
,,,0.006975740000,   0.04000,
,,,0.006975760000,   0.04000,
,,,0.006975780000,   0.00000,
,,,0.006975800000,   0.08000,
,,,0.006975820000,   0.04000,
,,,0.006975840000,   0.04000,
,,,0.006975860000,   0.04000,
,,,0.006975880000,   0.04000,
,,,0.006975900000,   0.04000,
,,,0.006975920000,   0.08000,
,,,0.006975940000,   0.04000,
,,,0.006975960000,   0.04000,
,,,0.006975980000,   0.04000,
,,,0.006976000000,   0.04000,
,,,0.006976020000,   0.04000,
,,,0.006976040000,   0.04000,
,,,0.006976060000,   0.08000,
,,,0.006976080000,   0.04000,
,,,0.006976100000,   0.04000,
,,,0.006976120000,   0.04000,
,,,0.006976140000,   0.04000,
,,,0.006976160000,   0.04000,
,,,0.006976180000,   0.04000,
,,,0.006976200000,   0.08000,
,,,0.006976220000,   0.00000,
,,,0.006976240000,   0.08000,
,,,0.006976260000,   0.04000,
,,,0.006976280000,   0.04000,
,,,0.006976300000,   0.04000,
,,,0.006976320000,   0.00000,
,,,0.006976340000,   0.04000,
,,,0.006976360000,   0.00000,
,,,0.006976380000,   0.08000,
,,,0.006976400000,   0.04000,
,,,0.006976420000,   0.00000,
,,,0.006976440000,   0.04000,
,,,0.006976460000,   0.04000,
,,,0.006976480000,   0.00000,
,,,0.006976500000,   0.04000,
,,,0.006976520000,   0.04000,
,,,0.006976540000,   0.08000,
,,,0.006976560000,   0.08000,
,,,0.006976580000,   0.00000,
,,,0.006976600000,   0.04000,
,,,0.006976620000,   0.04000,
,,,0.006976640000,   0.04000,
,,,0.006976660000,   0.04000,
,,,0.006976680000,   0.08000,
,,,0.006976700000,   0.04000,
,,,0.006976720000,   0.04000,
,,,0.006976740000,   0.04000,
,,,0.006976760000,   0.04000,
,,,0.006976780000,   0.00000,
,,,0.006976800000,   0.04000,
,,,0.006976820000,  -0.04000,
,,,0.006976840000,   0.00000,
,,,0.006976860000,   0.04000,
,,,0.006976880000,   0.04000,
,,,0.006976900000,   0.04000,
,,,0.006976920000,   0.00000,
,,,0.006976940000,   0.04000,
,,,0.006976960000,   0.00000,
,,,0.006976980000,   0.04000,
,,,0.006977000000,   0.04000,
,,,0.006977020000,   0.04000,
,,,0.006977040000,   0.00000,
,,,0.006977060000,   0.00000,
,,,0.006977080000,   0.00000,
,,,0.006977100000,   0.00000,
,,,0.006977120000,   0.04000,
,,,0.006977140000,   0.00000,
,,,0.006977160000,  -0.04000,
,,,0.006977180000,   0.04000,
,,,0.006977200000,   0.04000,
,,,0.006977220000,   0.00000,
,,,0.006977240000,   0.04000,
,,,0.006977260000,   0.04000,
,,,0.006977280000,  -0.04000,
,,,0.006977300000,   0.04000,
,,,0.006977320000,   0.00000,
,,,0.006977340000,   0.00000,
,,,0.006977360000,   0.00000,
,,,0.006977380000,   0.00000,
,,,0.006977400000,   0.00000,
,,,0.006977420000,   0.00000,
,,,0.006977440000,   0.04000,
,,,0.006977460000,  -0.04000,
,,,0.006977480000,   0.00000,
,,,0.006977500000,  -0.04000,
,,,0.006977520000,   0.04000,
,,,0.006977540000,   0.00000,
,,,0.006977560000,   0.00000,
,,,0.006977580000,   0.04000,
,,,0.006977600000,  -0.04000,
,,,0.006977620000,   0.04000,
,,,0.006977640000,  -0.04000,
,,,0.006977660000,   0.00000,
,,,0.006977680000,   0.00000,
,,,0.006977700000,   0.00000,
,,,0.006977720000,   0.00000,
,,,0.006977740000,   0.00000,
,,,0.006977760000,  -0.04000,
,,,0.006977780000,   0.00000,
,,,0.006977800000,   0.00000,
,,,0.006977820000,   0.00000,
,,,0.006977840000,   0.04000,
,,,0.006977860000,   0.04000,
,,,0.006977880000,   0.00000,
,,,0.006977900000,   0.04000,
,,,0.006977920000,   0.00000,
,,,0.006977940000,   0.00000,
,,,0.006977960000,   0.04000,
,,,0.006977980000,  -0.04000,
,,,0.006978000000,   0.00000,
,,,0.006978020000,   0.00000,
,,,0.006978040000,   0.04000,
,,,0.006978060000,  -0.04000,
,,,0.006978080000,   0.00000,
,,,0.006978100000,   0.00000,
,,,0.006978120000,   0.00000,
,,,0.006978140000,   0.00000,
,,,0.006978160000,  -0.04000,
,,,0.006978180000,   0.00000,
,,,0.006978200000,   0.00000,
,,,0.006978220000,   0.00000,
,,,0.006978240000,  -0.04000,
,,,0.006978260000,  -0.04000,
,,,0.006978280000,  -0.04000,
,,,0.006978300000,   0.00000,
,,,0.006978320000,   0.00000,
,,,0.006978340000,   0.00000,
,,,0.006978360000,   0.00000,
,,,0.006978380000,   0.00000,
,,,0.006978400000,   0.00000,
,,,0.006978420000,   0.00000,
,,,0.006978440000,  -0.04000,
,,,0.006978460000,  -0.04000,
,,,0.006978480000,   0.00000,
,,,0.006978500000,  -0.04000,
,,,0.006978520000,   0.00000,
,,,0.006978540000,   0.00000,
,,,0.006978560000,   0.04000,
,,,0.006978580000,   0.04000,
,,,0.006978600000,  -0.04000,
,,,0.006978620000,   0.04000,
,,,0.006978640000,  -0.04000,
,,,0.006978660000,   0.00000,
,,,0.006978680000,   0.00000,
,,,0.006978700000,  -0.04000,
,,,0.006978720000,   0.00000,
,,,0.006978740000,   0.00000,
,,,0.006978760000,   0.00000,
,,,0.006978780000,   0.00000,
,,,0.006978800000,  -0.04000,
,,,0.006978820000,   0.00000,
,,,0.006978840000,  -0.04000,
,,,0.006978860000,   0.00000,
,,,0.006978880000,   0.00000,
,,,0.006978900000,  -0.04000,
,,,0.006978920000,   0.00000,
,,,0.006978940000,   0.00000,
,,,0.006978960000,   0.00000,
,,,0.006978980000,   0.04000,
,,,0.006979000000,   0.00000,
,,,0.006979020000,  -0.04000,
,,,0.006979040000,  -0.08000,
,,,0.006979060000,   0.00000,
,,,0.006979080000,  -0.04000,
,,,0.006979100000,   0.00000,
,,,0.006979120000,  -0.04000,
,,,0.006979140000,  -0.04000,
,,,0.006979160000,   0.00000,
,,,0.006979180000,   0.00000,
,,,0.006979200000,   0.00000,
,,,0.006979220000,   0.00000,
,,,0.006979240000,  -0.04000,
,,,0.006979260000,  -0.08000,
,,,0.006979280000,   0.00000,
,,,0.006979300000,  -0.08000,
,,,0.006979320000,   0.00000,
,,,0.006979340000,  -0.04000,
,,,0.006979360000,  -0.08000,
,,,0.006979380000,   0.00000,
,,,0.006979400000,   0.00000,
,,,0.006979420000,   0.00000,
,,,0.006979440000,   0.00000,
,,,0.006979460000,   0.00000,
,,,0.006979480000,  -0.04000,
,,,0.006979500000,   0.00000,
,,,0.006979520000,   0.00000,
,,,0.006979540000,  -0.04000,
,,,0.006979560000,  -0.04000,
,,,0.006979580000,   0.00000,
,,,0.006979600000,   0.04000,
,,,0.006979620000,   0.00000,
,,,0.006979640000,   0.00000,
,,,0.006979660000,   0.00000,
,,,0.006979680000,  -0.04000,
,,,0.006979700000,   0.00000,
,,,0.006979720000,   0.00000,
,,,0.006979740000,  -0.04000,
,,,0.006979760000,   0.00000,
,,,0.006979780000,   0.00000,
,,,0.006979800000,  -0.04000,
,,,0.006979820000,  -0.04000,
,,,0.006979840000,   0.00000,
,,,0.006979860000,   0.00000,
,,,0.006979880000,   0.00000,
,,,0.006979900000,   0.00000,
,,,0.006979920000,  -0.04000,
,,,0.006979940000,   0.04000,
,,,0.006979960000,  -0.04000,
,,,0.006979980000,   0.00000,
,,,0.006980000000,   0.00000,
,,,0.006980020000,   0.00000,
,,,0.006980040000,   0.00000,
,,,0.006980060000,  -0.04000,
,,,0.006980080000,   0.00000,
,,,0.006980100000,   0.00000,
,,,0.006980120000,   0.04000,
,,,0.006980140000,  -0.04000,
,,,0.006980160000,  -0.04000,
,,,0.006980180000,   0.00000,
,,,0.006980200000,   0.00000,
,,,0.006980220000,   0.00000,
,,,0.006980240000,   0.00000,
,,,0.006980260000,   0.00000,
,,,0.006980280000,   0.00000,
,,,0.006980300000,   0.00000,
,,,0.006980320000,   0.00000,
,,,0.006980340000,  -0.04000,
,,,0.006980360000,   0.00000,
,,,0.006980380000,   0.00000,
,,,0.006980400000,   0.00000,
,,,0.006980420000,  -0.04000,
,,,0.006980440000,  -0.04000,
,,,0.006980460000,  -0.04000,
,,,0.006980480000,  -0.04000,
,,,0.006980500000,   0.04000,
,,,0.006980520000,   0.00000,
,,,0.006980540000,  -0.04000,
,,,0.006980560000,  -0.04000,
,,,0.006980580000,   0.00000,
,,,0.006980600000,   0.00000,
,,,0.006980620000,   0.00000,
,,,0.006980640000,   0.00000,
,,,0.006980660000,   0.00000,
,,,0.006980680000,   0.00000,
,,,0.006980700000,   0.00000,
,,,0.006980720000,   0.00000,
,,,0.006980740000,   0.00000,
,,,0.006980760000,   0.04000,
,,,0.006980780000,   0.00000,
,,,0.006980800000,  -0.04000,
,,,0.006980820000,   0.00000,
,,,0.006980840000,  -0.04000,
,,,0.006980860000,   0.04000,
,,,0.006980880000,  -0.04000,
,,,0.006980900000,   0.00000,
,,,0.006980920000,   0.04000,
,,,0.006980940000,   0.00000,
,,,0.006980960000,   0.00000,
,,,0.006980980000,   0.00000,
,,,0.006981000000,  -0.04000,
,,,0.006981020000,   0.00000,
,,,0.006981040000,  -0.04000,
,,,0.006981060000,   0.00000,
,,,0.006981080000,   0.00000,
,,,0.006981100000,   0.00000,
,,,0.006981120000,   0.00000,
,,,0.006981140000,  -0.04000,
,,,0.006981160000,   0.04000,
,,,0.006981180000,   0.00000,
,,,0.006981200000,   0.04000,
,,,0.006981220000,   0.04000,
,,,0.006981240000,  -0.04000,
,,,0.006981260000,   0.00000,
,,,0.006981280000,  -0.04000,
,,,0.006981300000,  -0.04000,
,,,0.006981320000,  -0.04000,
,,,0.006981340000,   0.00000,
,,,0.006981360000,   0.00000,
,,,0.006981380000,  -0.04000,
,,,0.006981400000,   0.00000,
,,,0.006981420000,   0.00000,
,,,0.006981440000,   0.00000,
,,,0.006981460000,   0.00000,
,,,0.006981480000,   0.00000,
,,,0.006981500000,  -0.04000,
,,,0.006981520000,   0.00000,
,,,0.006981540000,   0.00000,
,,,0.006981560000,   0.00000,
,,,0.006981580000,   0.04000,
,,,0.006981600000,   0.00000,
,,,0.006981620000,   0.00000,
,,,0.006981640000,   0.04000,
,,,0.006981660000,   0.04000,
,,,0.006981680000,   0.04000,
,,,0.006981700000,   0.00000,
,,,0.006981720000,   0.00000,
,,,0.006981740000,   0.00000,
,,,0.006981760000,   0.00000,
,,,0.006981780000,   0.00000,
,,,0.006981800000,   0.00000,
,,,0.006981820000,   0.00000,
,,,0.006981840000,   0.00000,
,,,0.006981860000,   0.00000,
,,,0.006981880000,   0.04000,
,,,0.006981900000,   0.00000,
,,,0.006981920000,   0.00000,
,,,0.006981940000,   0.04000,
,,,0.006981960000,   0.00000,
,,,0.006981980000,   0.04000,
,,,0.006982000000,   0.04000,
,,,0.006982020000,   0.00000,
,,,0.006982040000,   0.00000,
,,,0.006982060000,   0.04000,
,,,0.006982080000,   0.04000,
,,,0.006982100000,   0.04000,
,,,0.006982120000,   0.04000,
,,,0.006982140000,   0.04000,
,,,0.006982160000,   0.00000,
,,,0.006982180000,   0.04000,
,,,0.006982200000,   0.04000,
,,,0.006982220000,   0.04000,
,,,0.006982240000,   0.00000,
,,,0.006982260000,   0.04000,
,,,0.006982280000,   0.04000,
,,,0.006982300000,   0.04000,
,,,0.006982320000,   0.00000,
,,,0.006982340000,   0.00000,
,,,0.006982360000,   0.00000,
,,,0.006982380000,   0.04000,
,,,0.006982400000,   0.04000,
,,,0.006982420000,   0.04000,
,,,0.006982440000,   0.00000,
,,,0.006982460000,   0.00000,
,,,0.006982480000,   0.04000,
,,,0.006982500000,   0.04000,
,,,0.006982520000,   0.00000,
,,,0.006982540000,   0.00000,
,,,0.006982560000,   0.00000,
,,,0.006982580000,   0.04000,
,,,0.006982600000,   0.00000,
,,,0.006982620000,   0.04000,
,,,0.006982640000,   0.00000,
,,,0.006982660000,   0.00000,
,,,0.006982680000,   0.04000,
,,,0.006982700000,   0.04000,
,,,0.006982720000,   0.00000,
,,,0.006982740000,   0.08000,
,,,0.006982760000,   0.04000,
,,,0.006982780000,   0.04000,
,,,0.006982800000,   0.04000,
,,,0.006982820000,   0.04000,
,,,0.006982840000,   0.04000,
,,,0.006982860000,   0.04000,
,,,0.006982880000,   0.04000,
,,,0.006982900000,   0.04000,
,,,0.006982920000,   0.04000,
,,,0.006982940000,   0.04000,
,,,0.006982960000,   0.04000,
,,,0.006982980000,   0.04000,
,,,0.006983000000,   0.04000,
,,,0.006983020000,   0.04000,
,,,0.006983040000,   0.04000,
,,,0.006983060000,   0.04000,
,,,0.006983080000,   0.00000,
,,,0.006983100000,   0.00000,
,,,0.006983120000,   0.04000,
,,,0.006983140000,   0.04000,
,,,0.006983160000,   0.04000,
,,,0.006983180000,   0.00000,
,,,0.006983200000,   0.04000,
,,,0.006983220000,   0.00000,
,,,0.006983240000,   0.04000,
,,,0.006983260000,  -0.04000,
,,,0.006983280000,   0.04000,
,,,0.006983300000,   0.00000,
,,,0.006983320000,   0.00000,
,,,0.006983340000,   0.04000,
,,,0.006983360000,   0.04000,
,,,0.006983380000,   0.00000,
,,,0.006983400000,   0.00000,
,,,0.006983420000,   0.00000,
,,,0.006983440000,   0.04000,
,,,0.006983460000,   0.00000,
,,,0.006983480000,   0.04000,
,,,0.006983500000,   0.04000,
,,,0.006983520000,   0.04000,
,,,0.006983540000,   0.00000,
,,,0.006983560000,   0.08000,
,,,0.006983580000,   0.08000,
,,,0.006983600000,   0.04000,
,,,0.006983620000,   0.00000,
,,,0.006983640000,   0.04000,
,,,0.006983660000,   0.04000,
,,,0.006983680000,   0.04000,
,,,0.006983700000,   0.04000,
,,,0.006983720000,   0.08000,
,,,0.006983740000,   0.08000,
,,,0.006983760000,   0.04000,
,,,0.006983780000,   0.04000,
,,,0.006983800000,   0.08000,
,,,0.006983820000,   0.00000,
,,,0.006983840000,   0.04000,
,,,0.006983860000,   0.00000,
,,,0.006983880000,   0.04000,
,,,0.006983900000,   0.04000,
,,,0.006983920000,   0.04000,
,,,0.006983940000,   0.04000,
,,,0.006983960000,   0.12000,
,,,0.006983980000,   0.04000,
,,,0.006984000000,   0.04000,
,,,0.006984020000,   0.04000,
,,,0.006984040000,   0.00000,
,,,0.006984060000,   0.04000,
,,,0.006984080000,   0.04000,
,,,0.006984100000,   0.00000,
,,,0.006984120000,   0.08000,
,,,0.006984140000,   0.04000,
,,,0.006984160000,   0.08000,
,,,0.006984180000,   0.04000,
,,,0.006984200000,   0.04000,
,,,0.006984220000,   0.04000,
,,,0.006984240000,   0.04000,
,,,0.006984260000,   0.04000,
,,,0.006984280000,   0.00000,
,,,0.006984300000,   0.08000,
,,,0.006984320000,   0.04000,
,,,0.006984340000,   0.04000,
,,,0.006984360000,   0.04000,
,,,0.006984380000,   0.04000,
,,,0.006984400000,   0.04000,
,,,0.006984420000,   0.04000,
,,,0.006984440000,   0.04000,
,,,0.006984460000,   0.04000,
,,,0.006984480000,   0.04000,
,,,0.006984500000,   0.04000,
,,,0.006984520000,   0.04000,
,,,0.006984540000,   0.04000,
,,,0.006984560000,   0.08000,
,,,0.006984580000,   0.04000,
,,,0.006984600000,   0.08000,
,,,0.006984620000,   0.04000,
,,,0.006984640000,   0.00000,
,,,0.006984660000,   0.08000,
,,,0.006984680000,   0.12000,
,,,0.006984700000,   0.04000,
,,,0.006984720000,   0.12000,
,,,0.006984740000,   0.04000,
,,,0.006984760000,   0.04000,
,,,0.006984780000,   0.08000,
,,,0.006984800000,   0.08000,
,,,0.006984820000,   0.04000,
,,,0.006984840000,   0.04000,
,,,0.006984860000,   0.04000,
,,,0.006984880000,   0.04000,
,,,0.006984900000,   0.04000,
,,,0.006984920000,   0.04000,
,,,0.006984940000,   0.04000,
,,,0.006984960000,   0.00000,
,,,0.006984980000,   0.00000,
,,,0.006985000000,   0.04000,
,,,0.006985020000,   0.08000,
,,,0.006985040000,   0.04000,
,,,0.006985060000,   0.04000,
,,,0.006985080000,   0.04000,
,,,0.006985100000,   0.04000,
,,,0.006985120000,   0.04000,
,,,0.006985140000,   0.00000,
,,,0.006985160000,   0.04000,
,,,0.006985180000,   0.04000,
,,,0.006985200000,   0.00000,
,,,0.006985220000,   0.04000,
,,,0.006985240000,   0.04000,
,,,0.006985260000,   0.04000,
,,,0.006985280000,   0.04000,
,,,0.006985300000,   0.00000,
,,,0.006985320000,   0.08000,
,,,0.006985340000,   0.00000,
,,,0.006985360000,   0.00000,
,,,0.006985380000,   0.04000,
,,,0.006985400000,   0.00000,
,,,0.006985420000,   0.04000,
,,,0.006985440000,   0.04000,
,,,0.006985460000,   0.04000,
,,,0.006985480000,   0.04000,
,,,0.006985500000,   0.00000,
,,,0.006985520000,   0.04000,
,,,0.006985540000,   0.12000,
,,,0.006985560000,   0.04000,
,,,0.006985580000,   0.04000,
,,,0.006985600000,   0.08000,
,,,0.006985620000,   0.04000,
,,,0.006985640000,   0.00000,
,,,0.006985660000,   0.04000,
,,,0.006985680000,   0.00000,
,,,0.006985700000,   0.04000,
,,,0.006985720000,   0.04000,
,,,0.006985740000,   0.08000,
,,,0.006985760000,   0.00000,
,,,0.006985780000,   0.04000,
,,,0.006985800000,   0.00000,
,,,0.006985820000,   0.04000,
,,,0.006985840000,   0.04000,
,,,0.006985860000,   0.04000,
,,,0.006985880000,   0.04000,
,,,0.006985900000,   0.00000,
,,,0.006985920000,   0.08000,
,,,0.006985940000,   0.00000,
,,,0.006985960000,   0.04000,
,,,0.006985980000,   0.00000,
,,,0.006986000000,   0.04000,
,,,0.006986020000,   0.04000,
,,,0.006986040000,   0.04000,
,,,0.006986060000,   0.04000,
,,,0.006986080000,   0.04000,
,,,0.006986100000,   0.00000,
,,,0.006986120000,   0.04000,
,,,0.006986140000,   0.04000,
,,,0.006986160000,   0.08000,
,,,0.006986180000,   0.00000,
,,,0.006986200000,   0.00000,
,,,0.006986220000,   0.00000,
,,,0.006986240000,   0.04000,
,,,0.006986260000,   0.04000,
,,,0.006986280000,   0.04000,
,,,0.006986300000,   0.00000,
,,,0.006986320000,   0.00000,
,,,0.006986340000,   0.04000,
,,,0.006986360000,   0.00000,
,,,0.006986380000,   0.04000,
,,,0.006986400000,   0.04000,
,,,0.006986420000,   0.00000,
,,,0.006986440000,   0.04000,
,,,0.006986460000,   0.00000,
,,,0.006986480000,   0.04000,
,,,0.006986500000,   0.08000,
,,,0.006986520000,   0.00000,
,,,0.006986540000,   0.00000,
,,,0.006986560000,   0.08000,
,,,0.006986580000,   0.00000,
,,,0.006986600000,   0.08000,
,,,0.006986620000,   0.04000,
,,,0.006986640000,   0.04000,
,,,0.006986660000,   0.00000,
,,,0.006986680000,   0.00000,
,,,0.006986700000,   0.04000,
,,,0.006986720000,   0.00000,
,,,0.006986740000,   0.00000,
,,,0.006986760000,   0.04000,
,,,0.006986780000,   0.04000,
,,,0.006986800000,   0.04000,
,,,0.006986820000,   0.04000,
,,,0.006986840000,   0.00000,
,,,0.006986860000,   0.04000,
,,,0.006986880000,   0.04000,
,,,0.006986900000,   0.00000,
,,,0.006986920000,   0.00000,
,,,0.006986940000,   0.00000,
,,,0.006986960000,   0.04000,
,,,0.006986980000,   0.04000,
,,,0.006987000000,   0.04000,
,,,0.006987020000,   0.00000,
,,,0.006987040000,   0.04000,
,,,0.006987060000,   0.00000,
,,,0.006987080000,   0.00000,
,,,0.006987100000,   0.04000,
,,,0.006987120000,   0.04000,
,,,0.006987140000,   0.04000,
,,,0.006987160000,   0.08000,
,,,0.006987180000,  -0.04000,
,,,0.006987200000,   0.04000,
,,,0.006987220000,  -0.04000,
,,,0.006987240000,   0.04000,
,,,0.006987260000,   0.00000,
,,,0.006987280000,  -0.04000,
,,,0.006987300000,   0.04000,
,,,0.006987320000,  -0.04000,
,,,0.006987340000,   0.04000,
,,,0.006987360000,   0.00000,
,,,0.006987380000,  -0.04000,
,,,0.006987400000,  -0.04000,
,,,0.006987420000,   0.00000,
,,,0.006987440000,   0.00000,
,,,0.006987460000,   0.00000,
,,,0.006987480000,   0.00000,
,,,0.006987500000,   0.00000,
,,,0.006987520000,   0.04000,
,,,0.006987540000,   0.00000,
,,,0.006987560000,   0.04000,
,,,0.006987580000,   0.04000,
,,,0.006987600000,   0.04000,
,,,0.006987620000,   0.00000,
,,,0.006987640000,   0.00000,
,,,0.006987660000,   0.00000,
,,,0.006987680000,   0.00000,
,,,0.006987700000,  -0.04000,
,,,0.006987720000,   0.00000,
,,,0.006987740000,   0.00000,
,,,0.006987760000,   0.00000,
,,,0.006987780000,  -0.04000,
,,,0.006987800000,   0.00000,
,,,0.006987820000,   0.00000,
,,,0.006987840000,  -0.04000,
,,,0.006987860000,   0.00000,
,,,0.006987880000,  -0.04000,
,,,0.006987900000,   0.00000,
,,,0.006987920000,   0.00000,
,,,0.006987940000,   0.00000,
,,,0.006987960000,  -0.04000,
,,,0.006987980000,   0.00000,
,,,0.006988000000,   0.00000,
,,,0.006988020000,   0.04000,
,,,0.006988040000,   0.00000,
,,,0.006988060000,  -0.04000,
,,,0.006988080000,   0.00000,
,,,0.006988100000,   0.00000,
,,,0.006988120000,   0.00000,
,,,0.006988140000,   0.04000,
,,,0.006988160000,   0.00000,
,,,0.006988180000,   0.00000,
,,,0.006988200000,   0.04000,
,,,0.006988220000,   0.00000,
,,,0.006988240000,   0.00000,
,,,0.006988260000,   0.00000,
,,,0.006988280000,   0.00000,
,,,0.006988300000,   0.00000,
,,,0.006988320000,   0.04000,
,,,0.006988340000,   0.00000,
,,,0.006988360000,   0.00000,
,,,0.006988380000,   0.00000,
,,,0.006988400000,   0.00000,
,,,0.006988420000,   0.00000,
,,,0.006988440000,   0.00000,
,,,0.006988460000,   0.00000,
,,,0.006988480000,  -0.04000,
,,,0.006988500000,   0.00000,
,,,0.006988520000,  -0.04000,
,,,0.006988540000,   0.00000,
,,,0.006988560000,  -0.04000,
,,,0.006988580000,   0.04000,
,,,0.006988600000,  -0.04000,
,,,0.006988620000,   0.00000,
,,,0.006988640000,   0.00000,
,,,0.006988660000,  -0.04000,
,,,0.006988680000,   0.00000,
,,,0.006988700000,  -0.08000,
,,,0.006988720000,  -0.04000,
,,,0.006988740000,   0.00000,
,,,0.006988760000,   0.00000,
,,,0.006988780000,  -0.04000,
,,,0.006988800000,   0.00000,
,,,0.006988820000,   0.00000,
,,,0.006988840000,   0.00000,
,,,0.006988860000,   0.00000,
,,,0.006988880000,   0.00000,
,,,0.006988900000,  -0.04000,
,,,0.006988920000,  -0.04000,
,,,0.006988940000,   0.00000,
,,,0.006988960000,  -0.04000,
,,,0.006988980000,  -0.04000,
,,,0.006989000000,  -0.04000,
,,,0.006989020000,  -0.04000,
,,,0.006989040000,  -0.04000,
,,,0.006989060000,  -0.04000,
,,,0.006989080000,   0.00000,
,,,0.006989100000,  -0.04000,
,,,0.006989120000,  -0.04000,
,,,0.006989140000,   0.04000,
,,,0.006989160000,  -0.08000,
,,,0.006989180000,  -0.04000,
,,,0.006989200000,  -0.04000,
,,,0.006989220000,   0.00000,
,,,0.006989240000,   0.00000,
,,,0.006989260000,  -0.04000,
,,,0.006989280000,  -0.04000,
,,,0.006989300000,  -0.08000,
,,,0.006989320000,   0.04000,
,,,0.006989340000,   0.00000,
,,,0.006989360000,  -0.04000,
,,,0.006989380000,  -0.04000,
,,,0.006989400000,   0.00000,
,,,0.006989420000,  -0.04000,
,,,0.006989440000,  -0.04000,
,,,0.006989460000,  -0.04000,
,,,0.006989480000,   0.00000,
,,,0.006989500000,   0.00000,
,,,0.006989520000,  -0.04000,
,,,0.006989540000,   0.04000,
,,,0.006989560000,   0.00000,
,,,0.006989580000,   0.00000,
,,,0.006989600000,   0.00000,
,,,0.006989620000,  -0.04000,
,,,0.006989640000,   0.00000,
,,,0.006989660000,  -0.04000,
,,,0.006989680000,  -0.04000,
,,,0.006989700000,   0.00000,
,,,0.006989720000,   0.00000,
,,,0.006989740000,   0.00000,
,,,0.006989760000,   0.00000,
,,,0.006989780000,  -0.04000,
,,,0.006989800000,  -0.04000,
,,,0.006989820000,   0.00000,
,,,0.006989840000,  -0.04000,
,,,0.006989860000,   0.00000,
,,,0.006989880000,   0.00000,
,,,0.006989900000,   0.00000,
,,,0.006989920000,   0.04000,
,,,0.006989940000,   0.00000,
,,,0.006989960000,   0.00000,
,,,0.006989980000,  -0.04000,
,,,0.006990000000,   0.00000,
,,,0.006990020000,  -0.04000,
,,,0.006990040000,   0.00000,
,,,0.006990060000,   0.00000,
,,,0.006990080000,   0.00000,
,,,0.006990100000,  -0.04000,
,,,0.006990120000,   0.04000,
,,,0.006990140000,   0.00000,
,,,0.006990160000,   0.00000,
,,,0.006990180000,  -0.04000,
,,,0.006990200000,  -0.04000,
,,,0.006990220000,  -0.04000,
,,,0.006990240000,  -0.04000,
,,,0.006990260000,   0.00000,
,,,0.006990280000,  -0.04000,
,,,0.006990300000,  -0.04000,
,,,0.006990320000,  -0.04000,
,,,0.006990340000,  -0.04000,
,,,0.006990360000,   0.00000,
,,,0.006990380000,  -0.04000,
,,,0.006990400000,   0.04000,
,,,0.006990420000,   0.04000,
,,,0.006990440000,   0.00000,
,,,0.006990460000,   0.00000,
,,,0.006990480000,   0.00000,
,,,0.006990500000,  -0.04000,
,,,0.006990520000,   0.00000,
,,,0.006990540000,   0.00000,
,,,0.006990560000,   0.00000,
,,,0.006990580000,   0.00000,
,,,0.006990600000,   0.00000,
,,,0.006990620000,  -0.04000,
,,,0.006990640000,  -0.04000,
,,,0.006990660000,   0.00000,
,,,0.006990680000,   0.00000,
,,,0.006990700000,   0.00000,
,,,0.006990720000,  -0.04000,
,,,0.006990740000,   0.00000,
,,,0.006990760000,  -0.04000,
,,,0.006990780000,   0.00000,
,,,0.006990800000,   0.04000,
,,,0.006990820000,  -0.04000,
,,,0.006990840000,   0.00000,
,,,0.006990860000,   0.04000,
,,,0.006990880000,  -0.04000,
,,,0.006990900000,  -0.08000,
,,,0.006990920000,  -0.04000,
,,,0.006990940000,  -0.04000,
,,,0.006990960000,  -0.04000,
,,,0.006990980000,  -0.04000,
,,,0.006991000000,   0.00000,
,,,0.006991020000,   0.00000,
,,,0.006991040000,  -0.04000,
,,,0.006991060000,  -0.04000,
,,,0.006991080000,   0.00000,
,,,0.006991100000,  -0.04000,
,,,0.006991120000,   0.00000,
,,,0.006991140000,   0.00000,
,,,0.006991160000,   0.00000,
,,,0.006991180000,   0.00000,
,,,0.006991200000,   0.00000,
,,,0.006991220000,   0.00000,
,,,0.006991240000,  -0.08000,
,,,0.006991260000,   0.00000,
,,,0.006991280000,  -0.04000,
,,,0.006991300000,  -0.04000,
,,,0.006991320000,   0.00000,
,,,0.006991340000,  -0.04000,
,,,0.006991360000,  -0.04000,
,,,0.006991380000,  -0.04000,
,,,0.006991400000,   0.00000,
,,,0.006991420000,   0.00000,
,,,0.006991440000,  -0.04000,
,,,0.006991460000,  -0.08000,
,,,0.006991480000,   0.00000,
,,,0.006991500000,   0.00000,
,,,0.006991520000,   0.04000,
,,,0.006991540000,   0.00000,
,,,0.006991560000,   0.00000,
,,,0.006991580000,   0.00000,
,,,0.006991600000,   0.00000,
,,,0.006991620000,   0.00000,
,,,0.006991640000,   0.00000,
,,,0.006991660000,   0.00000,
,,,0.006991680000,   0.00000,
,,,0.006991700000,   0.04000,
,,,0.006991720000,   0.00000,
,,,0.006991740000,   0.04000,
,,,0.006991760000,   0.00000,
,,,0.006991780000,   0.04000,
,,,0.006991800000,   0.00000,
,,,0.006991820000,   0.00000,
,,,0.006991840000,   0.00000,
,,,0.006991860000,   0.04000,
,,,0.006991880000,   0.04000,
,,,0.006991900000,   0.00000,
,,,0.006991920000,   0.00000,
,,,0.006991940000,   0.00000,
,,,0.006991960000,   0.08000,
,,,0.006991980000,   0.00000,
,,,0.006992000000,   0.00000,
,,,0.006992020000,   0.04000,
,,,0.006992040000,   0.04000,
,,,0.006992060000,   0.00000,
,,,0.006992080000,   0.08000,
,,,0.006992100000,   0.04000,
,,,0.006992120000,   0.00000,
,,,0.006992140000,   0.04000,
,,,0.006992160000,   0.04000,
,,,0.006992180000,   0.00000,
,,,0.006992200000,  -0.04000,
,,,0.006992220000,   0.04000,
,,,0.006992240000,   0.04000,
,,,0.006992260000,   0.04000,
,,,0.006992280000,  -0.04000,
,,,0.006992300000,   0.04000,
,,,0.006992320000,   0.00000,
,,,0.006992340000,   0.04000,
,,,0.006992360000,   0.04000,
,,,0.006992380000,   0.08000,
,,,0.006992400000,   0.04000,
,,,0.006992420000,   0.04000,
,,,0.006992440000,   0.04000,
,,,0.006992460000,   0.04000,
,,,0.006992480000,   0.00000,
,,,0.006992500000,   0.00000,
,,,0.006992520000,   0.00000,
,,,0.006992540000,   0.00000,
,,,0.006992560000,   0.00000,
,,,0.006992580000,   0.00000,
,,,0.006992600000,   0.04000,
,,,0.006992620000,   0.00000,
,,,0.006992640000,   0.08000,
,,,0.006992660000,   0.00000,
,,,0.006992680000,   0.00000,
,,,0.006992700000,   0.08000,
,,,0.006992720000,   0.04000,
,,,0.006992740000,   0.04000,
,,,0.006992760000,   0.00000,
,,,0.006992780000,   0.00000,
,,,0.006992800000,   0.04000,
,,,0.006992820000,   0.04000,
,,,0.006992840000,   0.08000,
,,,0.006992860000,   0.04000,
,,,0.006992880000,   0.04000,
,,,0.006992900000,   0.00000,
,,,0.006992920000,   0.00000,
,,,0.006992940000,   0.04000,
,,,0.006992960000,   0.04000,
,,,0.006992980000,   0.04000,
,,,0.006993000000,   0.04000,
,,,0.006993020000,   0.04000,
,,,0.006993040000,   0.04000,
,,,0.006993060000,   0.04000,
,,,0.006993080000,   0.04000,
,,,0.006993100000,   0.08000,
,,,0.006993120000,   0.00000,
,,,0.006993140000,   0.04000,
,,,0.006993160000,   0.04000,
,,,0.006993180000,   0.00000,
,,,0.006993200000,   0.04000,
,,,0.006993220000,  -0.04000,
,,,0.006993240000,   0.04000,
,,,0.006993260000,   0.04000,
,,,0.006993280000,   0.04000,
,,,0.006993300000,   0.04000,
,,,0.006993320000,   0.04000,
,,,0.006993340000,   0.00000,
,,,0.006993360000,   0.00000,
,,,0.006993380000,   0.04000,
,,,0.006993400000,   0.04000,
,,,0.006993420000,   0.04000,
,,,0.006993440000,   0.00000,
,,,0.006993460000,   0.04000,
,,,0.006993480000,   0.04000,
,,,0.006993500000,   0.04000,
,,,0.006993520000,   0.04000,
,,,0.006993540000,   0.04000,
,,,0.006993560000,   0.04000,
,,,0.006993580000,   0.04000,
,,,0.006993600000,   0.04000,
,,,0.006993620000,   0.04000,
,,,0.006993640000,   0.04000,
,,,0.006993660000,   0.04000,
,,,0.006993680000,   0.08000,
,,,0.006993700000,   0.08000,
,,,0.006993720000,   0.00000,
,,,0.006993740000,   0.04000,
,,,0.006993760000,   0.04000,
,,,0.006993780000,   0.00000,
,,,0.006993800000,   0.04000,
,,,0.006993820000,   0.00000,
,,,0.006993840000,   0.08000,
,,,0.006993860000,   0.04000,
,,,0.006993880000,   0.04000,
,,,0.006993900000,   0.08000,
,,,0.006993920000,   0.04000,
,,,0.006993940000,   0.04000,
,,,0.006993960000,   0.08000,
,,,0.006993980000,   0.04000,
,,,0.006994000000,   0.04000,
,,,0.006994020000,   0.04000,
,,,0.006994040000,   0.04000,
,,,0.006994060000,   0.04000,
,,,0.006994080000,   0.08000,
,,,0.006994100000,   0.04000,
,,,0.006994120000,   0.04000,
,,,0.006994140000,   0.04000,
,,,0.006994160000,   0.04000,
,,,0.006994180000,   0.04000,
,,,0.006994200000,   0.04000,
,,,0.006994220000,   0.04000,
,,,0.006994240000,   0.00000,
,,,0.006994260000,   0.08000,
,,,0.006994280000,   0.04000,
,,,0.006994300000,   0.08000,
,,,0.006994320000,   0.04000,
,,,0.006994340000,   0.04000,
,,,0.006994360000,   0.04000,
,,,0.006994380000,   0.04000,
,,,0.006994400000,   0.08000,
,,,0.006994420000,   0.04000,
,,,0.006994440000,   0.08000,
,,,0.006994460000,   0.04000,
,,,0.006994480000,   0.08000,
,,,0.006994500000,   0.04000,
,,,0.006994520000,   0.04000,
,,,0.006994540000,   0.04000,
,,,0.006994560000,   0.08000,
,,,0.006994580000,   0.04000,
,,,0.006994600000,   0.08000,
,,,0.006994620000,   0.08000,
,,,0.006994640000,   0.04000,
,,,0.006994660000,   0.04000,
,,,0.006994680000,   0.08000,
,,,0.006994700000,   0.04000,
,,,0.006994720000,   0.04000,
,,,0.006994740000,   0.04000,
,,,0.006994760000,   0.04000,
,,,0.006994780000,   0.08000,
,,,0.006994800000,   0.08000,
,,,0.006994820000,   0.08000,
,,,0.006994840000,   0.00000,
,,,0.006994860000,   0.00000,
,,,0.006994880000,   0.00000,
,,,0.006994900000,   0.04000,
,,,0.006994920000,   0.04000,
,,,0.006994940000,   0.04000,
,,,0.006994960000,   0.04000,
,,,0.006994980000,   0.00000,
,,,0.006995000000,   0.00000,
,,,0.006995020000,   0.08000,
,,,0.006995040000,   0.04000,
,,,0.006995060000,   0.04000,
,,,0.006995080000,   0.04000,
,,,0.006995100000,   0.00000,
,,,0.006995120000,   0.04000,
,,,0.006995140000,   0.04000,
,,,0.006995160000,   0.04000,
,,,0.006995180000,   0.04000,
,,,0.006995200000,   0.04000,
,,,0.006995220000,   0.08000,
,,,0.006995240000,   0.00000,
,,,0.006995260000,   0.04000,
,,,0.006995280000,   0.08000,
,,,0.006995300000,   0.00000,
,,,0.006995320000,   0.00000,
,,,0.006995340000,   0.04000,
,,,0.006995360000,   0.00000,
,,,0.006995380000,   0.00000,
,,,0.006995400000,   0.00000,
,,,0.006995420000,   0.04000,
,,,0.006995440000,   0.08000,
,,,0.006995460000,   0.08000,
,,,0.006995480000,   0.08000,
,,,0.006995500000,   0.04000,
,,,0.006995520000,   0.04000,
,,,0.006995540000,   0.00000,
,,,0.006995560000,   0.04000,
,,,0.006995580000,   0.00000,
,,,0.006995600000,   0.04000,
,,,0.006995620000,   0.08000,
,,,0.006995640000,   0.08000,
,,,0.006995660000,   0.00000,
,,,0.006995680000,   0.04000,
,,,0.006995700000,   0.04000,
,,,0.006995720000,   0.04000,
,,,0.006995740000,   0.04000,
,,,0.006995760000,   0.04000,
,,,0.006995780000,   0.04000,
,,,0.006995800000,   0.04000,
,,,0.006995820000,   0.08000,
,,,0.006995840000,   0.04000,
,,,0.006995860000,   0.04000,
,,,0.006995880000,   0.00000,
,,,0.006995900000,   0.08000,
,,,0.006995920000,   0.00000,
,,,0.006995940000,   0.04000,
,,,0.006995960000,   0.04000,
,,,0.006995980000,   0.04000,
,,,0.006996000000,   0.08000,
,,,0.006996020000,   0.04000,
,,,0.006996040000,   0.04000,
,,,0.006996060000,   0.08000,
,,,0.006996080000,   0.08000,
,,,0.006996100000,   0.08000,
,,,0.006996120000,   0.04000,
,,,0.006996140000,   0.04000,
,,,0.006996160000,   0.04000,
,,,0.006996180000,   0.04000,
,,,0.006996200000,   0.00000,
,,,0.006996220000,   0.04000,
,,,0.006996240000,   0.04000,
,,,0.006996260000,   0.04000,
,,,0.006996280000,   0.00000,
,,,0.006996300000,   0.00000,
,,,0.006996320000,   0.04000,
,,,0.006996340000,   0.08000,
,,,0.006996360000,   0.00000,
,,,0.006996380000,   0.04000,
,,,0.006996400000,   0.00000,
,,,0.006996420000,  -0.04000,
,,,0.006996440000,   0.04000,
,,,0.006996460000,   0.04000,
,,,0.006996480000,   0.04000,
,,,0.006996500000,   0.04000,
,,,0.006996520000,   0.04000,
,,,0.006996540000,   0.00000,
,,,0.006996560000,   0.04000,
,,,0.006996580000,   0.04000,
,,,0.006996600000,   0.08000,
,,,0.006996620000,  -0.04000,
,,,0.006996640000,   0.04000,
,,,0.006996660000,   0.00000,
,,,0.006996680000,   0.04000,
,,,0.006996700000,   0.04000,
,,,0.006996720000,   0.04000,
,,,0.006996740000,   0.00000,
,,,0.006996760000,   0.04000,
,,,0.006996780000,   0.00000,
,,,0.006996800000,   0.04000,
,,,0.006996820000,   0.00000,
,,,0.006996840000,   0.00000,
,,,0.006996860000,   0.04000,
,,,0.006996880000,   0.04000,
,,,0.006996900000,   0.04000,
,,,0.006996920000,   0.00000,
,,,0.006996940000,   0.00000,
,,,0.006996960000,   0.00000,
,,,0.006996980000,   0.04000,
,,,0.006997000000,   0.04000,
,,,0.006997020000,   0.04000,
,,,0.006997040000,   0.00000,
,,,0.006997060000,   0.08000,
,,,0.006997080000,  -0.04000,
,,,0.006997100000,   0.04000,
,,,0.006997120000,   0.00000,
,,,0.006997140000,   0.00000,
,,,0.006997160000,   0.00000,
,,,0.006997180000,   0.00000,
,,,0.006997200000,   0.04000,
,,,0.006997220000,   0.00000,
,,,0.006997240000,   0.04000,
,,,0.006997260000,   0.00000,
,,,0.006997280000,  -0.04000,
,,,0.006997300000,  -0.04000,
,,,0.006997320000,   0.04000,
,,,0.006997340000,   0.00000,
,,,0.006997360000,  -0.04000,
,,,0.006997380000,   0.00000,
,,,0.006997400000,  -0.04000,
,,,0.006997420000,   0.04000,
,,,0.006997440000,  -0.04000,
,,,0.006997460000,   0.00000,
,,,0.006997480000,   0.04000,
,,,0.006997500000,   0.00000,
,,,0.006997520000,   0.00000,
,,,0.006997540000,   0.00000,
,,,0.006997560000,  -0.04000,
,,,0.006997580000,   0.04000,
,,,0.006997600000,   0.00000,
,,,0.006997620000,  -0.04000,
,,,0.006997640000,   0.00000,
,,,0.006997660000,   0.04000,
,,,0.006997680000,   0.04000,
,,,0.006997700000,   0.00000,
,,,0.006997720000,   0.00000,
,,,0.006997740000,   0.00000,
,,,0.006997760000,   0.00000,
,,,0.006997780000,   0.08000,
,,,0.006997800000,   0.00000,
,,,0.006997820000,   0.00000,
,,,0.006997840000,   0.00000,
,,,0.006997860000,   0.00000,
,,,0.006997880000,   0.00000,
,,,0.006997900000,   0.00000,
,,,0.006997920000,   0.04000,
,,,0.006997940000,  -0.04000,
,,,0.006997960000,  -0.04000,
,,,0.006997980000,   0.04000,
,,,0.006998000000,   0.00000,
,,,0.006998020000,   0.08000,
,,,0.006998040000,   0.00000,
,,,0.006998060000,   0.00000,
,,,0.006998080000,   0.00000,
,,,0.006998100000,   0.00000,
,,,0.006998120000,   0.00000,
,,,0.006998140000,   0.00000,
,,,0.006998160000,  -0.04000,
,,,0.006998180000,   0.00000,
,,,0.006998200000,  -0.04000,
,,,0.006998220000,  -0.04000,
,,,0.006998240000,  -0.04000,
,,,0.006998260000,   0.00000,
,,,0.006998280000,   0.00000,
,,,0.006998300000,   0.00000,
,,,0.006998320000,   0.04000,
,,,0.006998340000,   0.00000,
,,,0.006998360000,  -0.04000,
,,,0.006998380000,   0.04000,
,,,0.006998400000,   0.00000,
,,,0.006998420000,   0.00000,
,,,0.006998440000,   0.00000,
,,,0.006998460000,   0.00000,
,,,0.006998480000,   0.00000,
,,,0.006998500000,   0.00000,
,,,0.006998520000,   0.00000,
,,,0.006998540000,   0.00000,
,,,0.006998560000,  -0.04000,
,,,0.006998580000,   0.04000,
,,,0.006998600000,  -0.04000,
,,,0.006998620000,   0.00000,
,,,0.006998640000,   0.00000,
,,,0.006998660000,   0.00000,
,,,0.006998680000,   0.00000,
,,,0.006998700000,   0.00000,
,,,0.006998720000,  -0.04000,
,,,0.006998740000,   0.00000,
,,,0.006998760000,   0.00000,
,,,0.006998780000,   0.00000,
,,,0.006998800000,   0.00000,
,,,0.006998820000,  -0.04000,
,,,0.006998840000,  -0.04000,
,,,0.006998860000,   0.00000,
,,,0.006998880000,  -0.04000,
,,,0.006998900000,   0.00000,
,,,0.006998920000,   0.00000,
,,,0.006998940000,   0.00000,
,,,0.006998960000,   0.00000,
,,,0.006998980000,   0.00000,
,,,0.006999000000,  -0.04000,
,,,0.006999020000,  -0.04000,
,,,0.006999040000,   0.04000,
,,,0.006999060000,  -0.08000,
,,,0.006999080000,   0.00000,
,,,0.006999100000,  -0.04000,
,,,0.006999120000,  -0.04000,
,,,0.006999140000,   0.00000,
,,,0.006999160000,  -0.08000,
,,,0.006999180000,  -0.04000,
,,,0.006999200000,  -0.04000,
,,,0.006999220000,   0.00000,
,,,0.006999240000,   0.00000,
,,,0.006999260000,  -0.04000,
,,,0.006999280000,  -0.04000,
,,,0.006999300000,   0.00000,
,,,0.006999320000,   0.00000,
,,,0.006999340000,  -0.08000,
,,,0.006999360000,   0.00000,
,,,0.006999380000,  -0.04000,
,,,0.006999400000,   0.04000,
,,,0.006999420000,   0.00000,
,,,0.006999440000,  -0.04000,
,,,0.006999460000,   0.00000,
,,,0.006999480000,  -0.04000,
,,,0.006999500000,   0.00000,
,,,0.006999520000,  -0.04000,
,,,0.006999540000,  -0.04000,
,,,0.006999560000,   0.04000,
,,,0.006999580000,   0.00000,
,,,0.006999600000,  -0.04000,
,,,0.006999620000,  -0.04000,
,,,0.006999640000,   0.00000,
,,,0.006999660000,  -0.04000,
,,,0.006999680000,   0.00000,
,,,0.006999700000,   0.00000,
,,,0.006999720000,   0.00000,
,,,0.006999740000,   0.00000,
,,,0.006999760000,  -0.04000,
,,,0.006999780000,   0.00000,
,,,0.006999800000,   0.04000,
,,,0.006999820000,  -0.04000,
,,,0.006999840000,  -0.04000,
,,,0.006999860000,  -0.04000,
,,,0.006999880000,   0.00000,
,,,0.006999900000,  -0.04000,
,,,0.006999920000,  -0.04000,
,,,0.006999940000,  -0.04000,
,,,0.006999960000,  -0.04000,
,,,0.006999980000,  -0.04000,
,,,0.007000000000,   0.00000,
,,,0.007000020000,   0.04000,
,,,0.007000040000,  -0.04000,
,,,0.007000060000,   0.00000,
,,,0.007000080000,   0.00000,
,,,0.007000100000,   0.00000,
,,,0.007000120000,   0.00000,
,,,0.007000140000,   0.00000,
,,,0.007000160000,   0.00000,
,,,0.007000180000,   0.00000,
,,,0.007000200000,   0.00000,
,,,0.007000220000,  -0.04000,
,,,0.007000240000,  -0.04000,
,,,0.007000260000,   0.00000,
,,,0.007000280000,  -0.04000,
,,,0.007000300000,  -0.04000,
,,,0.007000320000,   0.00000,
,,,0.007000340000,  -0.04000,
,,,0.007000360000,  -0.08000,
,,,0.007000380000,   0.00000,
,,,0.007000400000,  -0.04000,
,,,0.007000420000,  -0.04000,
,,,0.007000440000,  -0.04000,
,,,0.007000460000,   0.04000,
,,,0.007000480000,   0.00000,
,,,0.007000500000,   0.00000,
,,,0.007000520000,  -0.04000,
,,,0.007000540000,   0.00000,
,,,0.007000560000,   0.00000,
,,,0.007000580000,   0.00000,
,,,0.007000600000,   0.00000,
,,,0.007000620000,   0.00000,
,,,0.007000640000,   0.00000,
,,,0.007000660000,   0.00000,
,,,0.007000680000,  -0.04000,
,,,0.007000700000,  -0.04000,
,,,0.007000720000,   0.00000,
,,,0.007000740000,   0.00000,
,,,0.007000760000,   0.00000,
,,,0.007000780000,  -0.04000,
,,,0.007000800000,  -0.08000,
,,,0.007000820000,  -0.04000,
,,,0.007000840000,   0.00000,
,,,0.007000860000,   0.00000,
,,,0.007000880000,   0.00000,
,,,0.007000900000,   0.00000,
,,,0.007000920000,   0.00000,
,,,0.007000940000,   0.00000,
,,,0.007000960000,   0.00000,
,,,0.007000980000,   0.00000,
,,,0.007001000000,   0.00000,
,,,0.007001020000,   0.00000,
,,,0.007001040000,  -0.08000,
,,,0.007001060000,   0.00000,
,,,0.007001080000,  -0.04000,
,,,0.007001100000,  -0.08000,
,,,0.007001120000,  -0.04000,
,,,0.007001140000,  -0.04000,
,,,0.007001160000,   0.00000,
,,,0.007001180000,  -0.04000,
,,,0.007001200000,   0.04000,
,,,0.007001220000,   0.00000,
,,,0.007001240000,  -0.04000,
,,,0.007001260000,  -0.04000,
,,,0.007001280000,  -0.04000,
,,,0.007001300000,  -0.04000,
,,,0.007001320000,  -0.04000,
,,,0.007001340000,  -0.04000,
,,,0.007001360000,   0.00000,
,,,0.007001380000,   0.00000,
,,,0.007001400000,   0.00000,
,,,0.007001420000,   0.04000,
,,,0.007001440000,   0.04000,
,,,0.007001460000,   0.04000,
,,,0.007001480000,   0.00000,
,,,0.007001500000,   0.00000,
,,,0.007001520000,  -0.04000,
,,,0.007001540000,   0.04000,
,,,0.007001560000,   0.00000,
,,,0.007001580000,   0.00000,
,,,0.007001600000,   0.04000,
,,,0.007001620000,   0.00000,
,,,0.007001640000,   0.04000,
,,,0.007001660000,   0.00000,
,,,0.007001680000,   0.00000,
,,,0.007001700000,   0.00000,
,,,0.007001720000,   0.04000,
,,,0.007001740000,  -0.04000,
,,,0.007001760000,   0.00000,
,,,0.007001780000,   0.00000,
,,,0.007001800000,   0.00000,
,,,0.007001820000,  -0.04000,
,,,0.007001840000,   0.04000,
,,,0.007001860000,   0.00000,
,,,0.007001880000,   0.04000,
,,,0.007001900000,  -0.04000,
,,,0.007001920000,  -0.04000,
,,,0.007001940000,   0.04000,
,,,0.007001960000,   0.00000,
,,,0.007001980000,   0.00000,
,,,0.007002000000,   0.00000,
,,,0.007002020000,   0.00000,
,,,0.007002040000,   0.00000,
,,,0.007002060000,   0.04000,
,,,0.007002080000,   0.04000,
,,,0.007002100000,   0.00000,
,,,0.007002120000,   0.00000,
,,,0.007002140000,   0.00000,
,,,0.007002160000,   0.00000,
,,,0.007002180000,   0.00000,
,,,0.007002200000,   0.04000,
,,,0.007002220000,   0.00000,
,,,0.007002240000,   0.00000,
,,,0.007002260000,  -0.04000,
,,,0.007002280000,   0.04000,
,,,0.007002300000,   0.04000,
,,,0.007002320000,   0.00000,
,,,0.007002340000,   0.04000,
,,,0.007002360000,   0.04000,
,,,0.007002380000,   0.00000,
,,,0.007002400000,   0.00000,
,,,0.007002420000,   0.04000,
,,,0.007002440000,   0.00000,
,,,0.007002460000,   0.00000,
,,,0.007002480000,   0.04000,
,,,0.007002500000,   0.00000,
,,,0.007002520000,   0.00000,
,,,0.007002540000,   0.04000,
,,,0.007002560000,   0.04000,
,,,0.007002580000,   0.00000,
,,,0.007002600000,   0.04000,
,,,0.007002620000,   0.04000,
,,,0.007002640000,   0.08000,
,,,0.007002660000,   0.04000,
,,,0.007002680000,   0.04000,
,,,0.007002700000,   0.04000,
,,,0.007002720000,   0.04000,
,,,0.007002740000,   0.04000,
,,,0.007002760000,   0.04000,
,,,0.007002780000,   0.00000,
,,,0.007002800000,   0.00000,
,,,0.007002820000,   0.08000,
,,,0.007002840000,   0.04000,
,,,0.007002860000,   0.00000,
,,,0.007002880000,   0.00000,
,,,0.007002900000,  -0.04000,
,,,0.007002920000,   0.00000,
,,,0.007002940000,   0.00000,
,,,0.007002960000,   0.00000,
,,,0.007002980000,   0.04000,
,,,0.007003000000,   0.04000,
,,,0.007003020000,   0.00000,
,,,0.007003040000,   0.04000,
,,,0.007003060000,  -0.04000,
,,,0.007003080000,   0.00000,
,,,0.007003100000,   0.04000,
,,,0.007003120000,  -0.04000,
,,,0.007003140000,   0.04000,
,,,0.007003160000,   0.04000,
,,,0.007003180000,   0.04000,
,,,0.007003200000,   0.00000,
,,,0.007003220000,  -0.04000,
,,,0.007003240000,   0.00000,
,,,0.007003260000,   0.04000,
,,,0.007003280000,   0.04000,
,,,0.007003300000,   0.04000,
,,,0.007003320000,   0.04000,
,,,0.007003340000,   0.00000,
,,,0.007003360000,   0.08000,
,,,0.007003380000,   0.08000,
,,,0.007003400000,   0.08000,
,,,0.007003420000,   0.04000,
,,,0.007003440000,   0.04000,
,,,0.007003460000,   0.04000,
,,,0.007003480000,   0.04000,
,,,0.007003500000,   0.00000,
,,,0.007003520000,   0.04000,
,,,0.007003540000,   0.04000,
,,,0.007003560000,   0.08000,
,,,0.007003580000,   0.08000,
,,,0.007003600000,   0.04000,
,,,0.007003620000,   0.00000,
,,,0.007003640000,   0.04000,
,,,0.007003660000,   0.04000,
,,,0.007003680000,   0.04000,
,,,0.007003700000,   0.04000,
,,,0.007003720000,   0.04000,
,,,0.007003740000,   0.04000,
,,,0.007003760000,   0.08000,
,,,0.007003780000,   0.08000,
,,,0.007003800000,   0.00000,
,,,0.007003820000,   0.04000,
,,,0.007003840000,   0.04000,
,,,0.007003860000,   0.04000,
,,,0.007003880000,   0.00000,
,,,0.007003900000,   0.04000,
,,,0.007003920000,   0.08000,
,,,0.007003940000,   0.04000,
,,,0.007003960000,   0.08000,
,,,0.007003980000,   0.08000,
,,,0.007004000000,   0.08000,
,,,0.007004020000,   0.04000,
,,,0.007004040000,   0.04000,
,,,0.007004060000,   0.08000,
,,,0.007004080000,   0.04000,
,,,0.007004100000,   0.04000,
,,,0.007004120000,   0.04000,
,,,0.007004140000,   0.08000,
,,,0.007004160000,   0.04000,
,,,0.007004180000,   0.04000,
,,,0.007004200000,   0.08000,
,,,0.007004220000,   0.04000,
,,,0.007004240000,   0.04000,
,,,0.007004260000,   0.08000,
,,,0.007004280000,   0.04000,
,,,0.007004300000,   0.00000,
,,,0.007004320000,   0.08000,
,,,0.007004340000,   0.08000,
,,,0.007004360000,   0.04000,
,,,0.007004380000,   0.04000,
,,,0.007004400000,   0.08000,
,,,0.007004420000,   0.04000,
,,,0.007004440000,   0.08000,
,,,0.007004460000,   0.08000,
,,,0.007004480000,   0.04000,
,,,0.007004500000,   0.04000,
,,,0.007004520000,   0.08000,
,,,0.007004540000,   0.04000,
,,,0.007004560000,   0.04000,
,,,0.007004580000,   0.04000,
,,,0.007004600000,   0.08000,
,,,0.007004620000,   0.04000,
,,,0.007004640000,   0.08000,
,,,0.007004660000,   0.08000,
,,,0.007004680000,   0.04000,
,,,0.007004700000,   0.04000,
,,,0.007004720000,   0.08000,
,,,0.007004740000,   0.04000,
,,,0.007004760000,   0.00000,
,,,0.007004780000,   0.04000,
,,,0.007004800000,   0.04000,
,,,0.007004820000,   0.04000,
,,,0.007004840000,   0.08000,
,,,0.007004860000,   0.04000,
,,,0.007004880000,   0.04000,
,,,0.007004900000,   0.04000,
,,,0.007004920000,   0.08000,
,,,0.007004940000,   0.00000,
,,,0.007004960000,   0.04000,
,,,0.007004980000,   0.08000,
,,,0.007005000000,   0.00000,
,,,0.007005020000,   0.08000,
,,,0.007005040000,   0.04000,
,,,0.007005060000,   0.04000,
,,,0.007005080000,   0.04000,
,,,0.007005100000,   0.04000,
,,,0.007005120000,   0.08000,
,,,0.007005140000,   0.04000,
,,,0.007005160000,   0.04000,
,,,0.007005180000,   0.04000,
,,,0.007005200000,   0.00000,
,,,0.007005220000,   0.04000,
,,,0.007005240000,   0.08000,
,,,0.007005260000,   0.04000,
,,,0.007005280000,   0.00000,
,,,0.007005300000,   0.04000,
,,,0.007005320000,   0.00000,
,,,0.007005340000,   0.04000,
,,,0.007005360000,   0.04000,
,,,0.007005380000,   0.08000,
,,,0.007005400000,   0.08000,
,,,0.007005420000,   0.04000,
,,,0.007005440000,   0.04000,
,,,0.007005460000,   0.00000,
,,,0.007005480000,   0.00000,
,,,0.007005500000,   0.04000,
,,,0.007005520000,   0.04000,
,,,0.007005540000,   0.08000,
,,,0.007005560000,   0.04000,
,,,0.007005580000,   0.04000,
,,,0.007005600000,   0.04000,
,,,0.007005620000,   0.08000,
,,,0.007005640000,   0.00000,
,,,0.007005660000,   0.04000,
,,,0.007005680000,   0.04000,
,,,0.007005700000,   0.04000,
,,,0.007005720000,   0.08000,
,,,0.007005740000,   0.04000,
,,,0.007005760000,   0.08000,
,,,0.007005780000,   0.04000,
,,,0.007005800000,   0.04000,
,,,0.007005820000,   0.04000,
,,,0.007005840000,   0.08000,
,,,0.007005860000,   0.04000,
,,,0.007005880000,   0.04000,
,,,0.007005900000,   0.04000,
,,,0.007005920000,   0.08000,
,,,0.007005940000,   0.04000,
,,,0.007005960000,   0.04000,
,,,0.007005980000,   0.04000,
,,,0.007006000000,   0.04000,
,,,0.007006020000,   0.04000,
,,,0.007006040000,   0.04000,
,,,0.007006060000,   0.04000,
,,,0.007006080000,   0.04000,
,,,0.007006100000,   0.04000,
,,,0.007006120000,   0.04000,
,,,0.007006140000,   0.08000,
,,,0.007006160000,   0.00000,
,,,0.007006180000,   0.04000,
,,,0.007006200000,   0.04000,
,,,0.007006220000,   0.00000,
,,,0.007006240000,   0.08000,
,,,0.007006260000,   0.04000,
,,,0.007006280000,   0.04000,
,,,0.007006300000,   0.00000,
,,,0.007006320000,   0.04000,
,,,0.007006340000,   0.00000,
,,,0.007006360000,   0.04000,
,,,0.007006380000,   0.04000,
,,,0.007006400000,   0.04000,
,,,0.007006420000,   0.04000,
,,,0.007006440000,   0.04000,
,,,0.007006460000,   0.04000,
,,,0.007006480000,   0.00000,
,,,0.007006500000,   0.08000,
,,,0.007006520000,   0.04000,
,,,0.007006540000,   0.00000,
,,,0.007006560000,   0.04000,
,,,0.007006580000,   0.04000,
,,,0.007006600000,   0.04000,
,,,0.007006620000,   0.04000,
,,,0.007006640000,   0.04000,
,,,0.007006660000,   0.00000,
,,,0.007006680000,   0.04000,
,,,0.007006700000,   0.04000,
,,,0.007006720000,   0.00000,
,,,0.007006740000,  -0.04000,
,,,0.007006760000,   0.00000,
,,,0.007006780000,   0.04000,
,,,0.007006800000,   0.00000,
,,,0.007006820000,   0.04000,
,,,0.007006840000,   0.08000,
,,,0.007006860000,   0.00000,
,,,0.007006880000,   0.00000,
,,,0.007006900000,   0.00000,
,,,0.007006920000,   0.00000,
,,,0.007006940000,   0.04000,
,,,0.007006960000,   0.04000,
,,,0.007006980000,  -0.04000,
,,,0.007007000000,   0.04000,
,,,0.007007020000,  -0.04000,
,,,0.007007040000,   0.00000,
,,,0.007007060000,   0.04000,
,,,0.007007080000,   0.00000,
,,,0.007007100000,   0.00000,
,,,0.007007120000,   0.00000,
,,,0.007007140000,   0.00000,
,,,0.007007160000,   0.04000,
,,,0.007007180000,  -0.08000,
,,,0.007007200000,   0.00000,
,,,0.007007220000,   0.00000,
,,,0.007007240000,   0.00000,
,,,0.007007260000,   0.00000,
,,,0.007007280000,   0.04000,
,,,0.007007300000,  -0.04000,
,,,0.007007320000,   0.04000,
,,,0.007007340000,   0.00000,
,,,0.007007360000,   0.00000,
,,,0.007007380000,   0.00000,
,,,0.007007400000,   0.04000,
,,,0.007007420000,  -0.04000,
,,,0.007007440000,   0.00000,
,,,0.007007460000,  -0.04000,
,,,0.007007480000,   0.04000,
,,,0.007007500000,   0.00000,
,,,0.007007520000,   0.04000,
,,,0.007007540000,   0.04000,
,,,0.007007560000,   0.00000,
,,,0.007007580000,   0.00000,
,,,0.007007600000,   0.04000,
,,,0.007007620000,   0.00000,
,,,0.007007640000,  -0.04000,
,,,0.007007660000,   0.04000,
,,,0.007007680000,   0.04000,
,,,0.007007700000,   0.04000,
,,,0.007007720000,   0.00000,
,,,0.007007740000,   0.00000,
,,,0.007007760000,   0.00000,
,,,0.007007780000,   0.00000,
,,,0.007007800000,   0.04000,
,,,0.007007820000,   0.00000,
,,,0.007007840000,  -0.04000,
,,,0.007007860000,  -0.04000,
,,,0.007007880000,   0.04000,
,,,0.007007900000,  -0.04000,
,,,0.007007920000,   0.04000,
,,,0.007007940000,   0.00000,
,,,0.007007960000,   0.00000,
,,,0.007007980000,  -0.04000,
,,,0.007008000000,   0.04000,
,,,0.007008020000,   0.00000,
,,,0.007008040000,   0.00000,
,,,0.007008060000,   0.00000,
,,,0.007008080000,   0.04000,
,,,0.007008100000,  -0.04000,
,,,0.007008120000,  -0.04000,
,,,0.007008140000,   0.00000,
,,,0.007008160000,  -0.04000,
,,,0.007008180000,   0.04000,
,,,0.007008200000,   0.00000,
,,,0.007008220000,   0.04000,
,,,0.007008240000,   0.00000,
,,,0.007008260000,   0.00000,
,,,0.007008280000,   0.00000,
,,,0.007008300000,  -0.04000,
,,,0.007008320000,   0.00000,
,,,0.007008340000,   0.00000,
,,,0.007008360000,   0.04000,
,,,0.007008380000,   0.00000,
,,,0.007008400000,   0.00000,
,,,0.007008420000,   0.00000,
,,,0.007008440000,  -0.04000,
,,,0.007008460000,  -0.04000,
,,,0.007008480000,   0.00000,
,,,0.007008500000,  -0.04000,
,,,0.007008520000,   0.00000,
,,,0.007008540000,   0.00000,
,,,0.007008560000,   0.04000,
,,,0.007008580000,   0.00000,
,,,0.007008600000,   0.00000,
,,,0.007008620000,   0.00000,
,,,0.007008640000,   0.00000,
,,,0.007008660000,   0.00000,
,,,0.007008680000,   0.00000,
,,,0.007008700000,  -0.04000,
,,,0.007008720000,  -0.04000,
,,,0.007008740000,  -0.04000,
,,,0.007008760000,  -0.04000,
,,,0.007008780000,   0.00000,
,,,0.007008800000,   0.00000,
,,,0.007008820000,   0.00000,
,,,0.007008840000,  -0.04000,
,,,0.007008860000,   0.00000,
,,,0.007008880000,  -0.04000,
,,,0.007008900000,   0.04000,
,,,0.007008920000,   0.00000,
,,,0.007008940000,  -0.04000,
,,,0.007008960000,  -0.04000,
,,,0.007008980000,   0.00000,
,,,0.007009000000,  -0.08000,
,,,0.007009020000,  -0.04000,
,,,0.007009040000,   0.00000,
,,,0.007009060000,  -0.08000,
,,,0.007009080000,   0.00000,
,,,0.007009100000,   0.00000,
,,,0.007009120000,   0.00000,
,,,0.007009140000,  -0.04000,
,,,0.007009160000,  -0.04000,
,,,0.007009180000,  -0.04000,
,,,0.007009200000,   0.00000,
,,,0.007009220000,   0.00000,
,,,0.007009240000,   0.00000,
,,,0.007009260000,  -0.04000,
,,,0.007009280000,   0.00000,
,,,0.007009300000,   0.00000,
,,,0.007009320000,  -0.08000,
,,,0.007009340000,   0.00000,
,,,0.007009360000,   0.00000,
,,,0.007009380000,  -0.04000,
,,,0.007009400000,   0.00000,
,,,0.007009420000,   0.00000,
,,,0.007009440000,  -0.08000,
,,,0.007009460000,   0.00000,
,,,0.007009480000,  -0.04000,
,,,0.007009500000,   0.00000,
,,,0.007009520000,  -0.04000,
,,,0.007009540000,   0.00000,
,,,0.007009560000,   0.00000,
,,,0.007009580000,   0.00000,
,,,0.007009600000,   0.00000,
,,,0.007009620000,  -0.04000,
,,,0.007009640000,   0.00000,
,,,0.007009660000,  -0.04000,
,,,0.007009680000,   0.04000,
,,,0.007009700000,  -0.04000,
,,,0.007009720000,   0.00000,
,,,0.007009740000,  -0.04000,
,,,0.007009760000,   0.00000,
,,,0.007009780000,   0.00000,
,,,0.007009800000,   0.04000,
,,,0.007009820000,   0.00000,
,,,0.007009840000,  -0.08000,
,,,0.007009860000,   0.00000,
,,,0.007009880000,   0.04000,
,,,0.007009900000,  -0.04000,
,,,0.007009920000,   0.04000,
,,,0.007009940000,   0.00000,
,,,0.007009960000,   0.00000,
,,,0.007009980000,   0.00000,
,,,0.007010000000,  -0.04000,
,,,0.007010020000,  -0.04000,
,,,0.007010040000,  -0.04000,
,,,0.007010060000,   0.00000,
,,,0.007010080000,  -0.04000,
,,,0.007010100000,   0.00000,
,,,0.007010120000,   0.00000,
,,,0.007010140000,   0.00000,
,,,0.007010160000,   0.00000,
,,,0.007010180000,  -0.04000,
,,,0.007010200000,   0.00000,
,,,0.007010220000,   0.00000,
,,,0.007010240000,  -0.04000,
,,,0.007010260000,   0.00000,
,,,0.007010280000,   0.00000,
,,,0.007010300000,  -0.04000,
,,,0.007010320000,  -0.04000,
,,,0.007010340000,   0.00000,
,,,0.007010360000,   0.04000,
,,,0.007010380000,  -0.04000,
,,,0.007010400000,   0.04000,
,,,0.007010420000,  -0.04000,
,,,0.007010440000,  -0.04000,
,,,0.007010460000,   0.00000,
,,,0.007010480000,  -0.04000,
,,,0.007010500000,   0.00000,
,,,0.007010520000,   0.00000,
,,,0.007010540000,   0.00000,
,,,0.007010560000,   0.00000,
,,,0.007010580000,   0.00000,
,,,0.007010600000,  -0.04000,
,,,0.007010620000,   0.00000,
,,,0.007010640000,   0.00000,
,,,0.007010660000,   0.00000,
,,,0.007010680000,  -0.04000,
,,,0.007010700000,  -0.04000,
,,,0.007010720000,  -0.04000,
,,,0.007010740000,   0.00000,
,,,0.007010760000,  -0.04000,
,,,0.007010780000,  -0.04000,
,,,0.007010800000,   0.00000,
,,,0.007010820000,  -0.04000,
,,,0.007010840000,  -0.04000,
,,,0.007010860000,   0.00000,
,,,0.007010880000,   0.00000,
,,,0.007010900000,   0.00000,
,,,0.007010920000,   0.04000,
,,,0.007010940000,  -0.08000,
,,,0.007010960000,   0.00000,
,,,0.007010980000,  -0.04000,
,,,0.007011000000,   0.00000,
,,,0.007011020000,   0.04000,
,,,0.007011040000,  -0.04000,
,,,0.007011060000,  -0.04000,
,,,0.007011080000,  -0.04000,
,,,0.007011100000,  -0.04000,
,,,0.007011120000,   0.00000,
,,,0.007011140000,  -0.04000,
,,,0.007011160000,   0.00000,
,,,0.007011180000,   0.04000,
,,,0.007011200000,   0.04000,
,,,0.007011220000,   0.04000,
,,,0.007011240000,   0.00000,
,,,0.007011260000,   0.00000,
,,,0.007011280000,   0.00000,
,,,0.007011300000,  -0.04000,
,,,0.007011320000,   0.04000,
,,,0.007011340000,   0.04000,
,,,0.007011360000,   0.00000,
,,,0.007011380000,   0.00000,
,,,0.007011400000,   0.00000,
,,,0.007011420000,  -0.04000,
,,,0.007011440000,   0.00000,
,,,0.007011460000,   0.00000,
,,,0.007011480000,   0.04000,
,,,0.007011500000,  -0.04000,
,,,0.007011520000,  -0.04000,
,,,0.007011540000,   0.00000,
,,,0.007011560000,   0.04000,
,,,0.007011580000,   0.00000,
,,,0.007011600000,   0.00000,
,,,0.007011620000,  -0.04000,
,,,0.007011640000,  -0.04000,
,,,0.007011660000,   0.00000,
,,,0.007011680000,   0.00000,
,,,0.007011700000,   0.00000,
,,,0.007011720000,   0.00000,
,,,0.007011740000,   0.00000,
,,,0.007011760000,   0.04000,
,,,0.007011780000,   0.04000,
,,,0.007011800000,   0.04000,
,,,0.007011820000,  -0.04000,
,,,0.007011840000,   0.04000,
,,,0.007011860000,   0.00000,
,,,0.007011880000,   0.04000,
,,,0.007011900000,   0.00000,
,,,0.007011920000,   0.04000,
,,,0.007011940000,   0.00000,
,,,0.007011960000,   0.04000,
,,,0.007011980000,   0.04000,
,,,0.007012000000,   0.00000,
,,,0.007012020000,   0.04000,
,,,0.007012040000,   0.00000,
,,,0.007012060000,   0.00000,
,,,0.007012080000,   0.00000,
,,,0.007012100000,   0.04000,
,,,0.007012120000,   0.00000,
,,,0.007012140000,   0.00000,
,,,0.007012160000,   0.00000,
,,,0.007012180000,   0.04000,
,,,0.007012200000,   0.00000,
,,,0.007012220000,   0.04000,
,,,0.007012240000,   0.04000,
,,,0.007012260000,   0.08000,
,,,0.007012280000,   0.04000,
,,,0.007012300000,   0.04000,
,,,0.007012320000,   0.00000,
,,,0.007012340000,   0.04000,
,,,0.007012360000,  -0.04000,
,,,0.007012380000,   0.04000,
,,,0.007012400000,   0.00000,
,,,0.007012420000,   0.00000,
,,,0.007012440000,   0.04000,
,,,0.007012460000,   0.00000,
,,,0.007012480000,   0.08000,
,,,0.007012500000,   0.04000,
,,,0.007012520000,   0.04000,
,,,0.007012540000,   0.00000,
,,,0.007012560000,   0.04000,
,,,0.007012580000,   0.04000,
,,,0.007012600000,   0.04000,
,,,0.007012620000,   0.04000,
,,,0.007012640000,   0.04000,
,,,0.007012660000,   0.04000,
,,,0.007012680000,   0.00000,
,,,0.007012700000,   0.00000,
,,,0.007012720000,   0.08000,
,,,0.007012740000,   0.04000,
,,,0.007012760000,   0.00000,
,,,0.007012780000,   0.08000,
,,,0.007012800000,   0.00000,
,,,0.007012820000,   0.04000,
,,,0.007012840000,   0.04000,
,,,0.007012860000,   0.08000,
,,,0.007012880000,   0.04000,
,,,0.007012900000,   0.04000,
,,,0.007012920000,   0.00000,
,,,0.007012940000,   0.08000,
,,,0.007012960000,   0.04000,
,,,0.007012980000,   0.04000,
,,,0.007013000000,   0.00000,
,,,0.007013020000,  -0.04000,
,,,0.007013040000,   0.08000,
,,,0.007013060000,   0.00000,
,,,0.007013080000,   0.00000,
,,,0.007013100000,   0.04000,
,,,0.007013120000,   0.00000,
,,,0.007013140000,   0.04000,
,,,0.007013160000,   0.04000,
,,,0.007013180000,  -0.04000,
,,,0.007013200000,   0.00000,
,,,0.007013220000,   0.04000,
,,,0.007013240000,   0.04000,
,,,0.007013260000,   0.08000,
,,,0.007013280000,   0.04000,
,,,0.007013300000,   0.04000,
,,,0.007013320000,   0.04000,
,,,0.007013340000,   0.08000,
,,,0.007013360000,   0.00000,
,,,0.007013380000,   0.04000,
,,,0.007013400000,   0.00000,
,,,0.007013420000,   0.00000,
,,,0.007013440000,   0.08000,
,,,0.007013460000,   0.08000,
,,,0.007013480000,   0.00000,
,,,0.007013500000,   0.04000,
,,,0.007013520000,   0.00000,
,,,0.007013540000,   0.04000,
,,,0.007013560000,   0.08000,
,,,0.007013580000,   0.04000,
,,,0.007013600000,   0.04000,
,,,0.007013620000,   0.04000,
,,,0.007013640000,   0.04000,
,,,0.007013660000,   0.04000,
,,,0.007013680000,   0.04000,
,,,0.007013700000,   0.00000,
,,,0.007013720000,   0.04000,
,,,0.007013740000,   0.04000,
,,,0.007013760000,   0.08000,
,,,0.007013780000,   0.04000,
,,,0.007013800000,   0.00000,
,,,0.007013820000,   0.08000,
,,,0.007013840000,   0.00000,
,,,0.007013860000,   0.08000,
,,,0.007013880000,   0.00000,
,,,0.007013900000,   0.04000,
,,,0.007013920000,   0.04000,
,,,0.007013940000,   0.04000,
,,,0.007013960000,   0.08000,
,,,0.007013980000,   0.04000,
,,,0.007014000000,   0.08000,
,,,0.007014020000,   0.08000,
,,,0.007014040000,   0.04000,
,,,0.007014060000,   0.04000,
,,,0.007014080000,   0.04000,
,,,0.007014100000,   0.04000,
,,,0.007014120000,   0.04000,
,,,0.007014140000,   0.00000,
,,,0.007014160000,   0.04000,
,,,0.007014180000,   0.04000,
,,,0.007014200000,   0.04000,
,,,0.007014220000,   0.04000,
,,,0.007014240000,   0.04000,
,,,0.007014260000,   0.04000,
,,,0.007014280000,   0.08000,
,,,0.007014300000,   0.04000,
,,,0.007014320000,   0.04000,
,,,0.007014340000,   0.00000,
,,,0.007014360000,   0.04000,
,,,0.007014380000,   0.04000,
,,,0.007014400000,   0.04000,
,,,0.007014420000,   0.08000,
,,,0.007014440000,   0.00000,
,,,0.007014460000,   0.04000,
,,,0.007014480000,   0.04000,
,,,0.007014500000,   0.04000,
,,,0.007014520000,   0.08000,
,,,0.007014540000,   0.04000,
,,,0.007014560000,   0.08000,
,,,0.007014580000,   0.04000,
,,,0.007014600000,   0.08000,
,,,0.007014620000,   0.04000,
,,,0.007014640000,   0.04000,
,,,0.007014660000,   0.00000,
,,,0.007014680000,   0.04000,
,,,0.007014700000,   0.04000,
,,,0.007014720000,   0.00000,
,,,0.007014740000,   0.04000,
,,,0.007014760000,   0.04000,
,,,0.007014780000,   0.04000,
,,,0.007014800000,   0.08000,
,,,0.007014820000,   0.04000,
,,,0.007014840000,   0.08000,
,,,0.007014860000,   0.04000,
,,,0.007014880000,   0.08000,
,,,0.007014900000,   0.00000,
,,,0.007014920000,   0.08000,
,,,0.007014940000,   0.04000,
,,,0.007014960000,   0.04000,
,,,0.007014980000,   0.04000,
,,,0.007015000000,   0.00000,
,,,0.007015020000,   0.12000,
,,,0.007015040000,   0.00000,
,,,0.007015060000,   0.00000,
,,,0.007015080000,   0.04000,
,,,0.007015100000,   0.00000,
,,,0.007015120000,   0.04000,
,,,0.007015140000,   0.04000,
,,,0.007015160000,   0.04000,
,,,0.007015180000,   0.04000,
,,,0.007015200000,   0.04000,
,,,0.007015220000,   0.04000,
,,,0.007015240000,   0.08000,
,,,0.007015260000,   0.04000,
,,,0.007015280000,   0.04000,
,,,0.007015300000,   0.04000,
,,,0.007015320000,   0.04000,
,,,0.007015340000,   0.04000,
,,,0.007015360000,   0.04000,
,,,0.007015380000,   0.00000,
,,,0.007015400000,   0.04000,
,,,0.007015420000,   0.04000,
,,,0.007015440000,   0.08000,
,,,0.007015460000,   0.04000,
,,,0.007015480000,   0.08000,
,,,0.007015500000,   0.00000,
,,,0.007015520000,   0.04000,
,,,0.007015540000,   0.00000,
,,,0.007015560000,   0.04000,
,,,0.007015580000,   0.08000,
,,,0.007015600000,   0.08000,
,,,0.007015620000,   0.04000,
,,,0.007015640000,   0.08000,
,,,0.007015660000,   0.08000,
,,,0.007015680000,   0.04000,
,,,0.007015700000,   0.04000,
,,,0.007015720000,   0.08000,
,,,0.007015740000,   0.04000,
,,,0.007015760000,   0.00000,
,,,0.007015780000,   0.00000,
,,,0.007015800000,   0.08000,
,,,0.007015820000,   0.04000,
,,,0.007015840000,   0.04000,
,,,0.007015860000,   0.08000,
,,,0.007015880000,   0.04000,
,,,0.007015900000,   0.04000,
,,,0.007015920000,   0.04000,
,,,0.007015940000,   0.04000,
,,,0.007015960000,   0.00000,
,,,0.007015980000,   0.08000,
,,,0.007016000000,   0.04000,
,,,0.007016020000,   0.00000,
,,,0.007016040000,   0.04000,
,,,0.007016060000,   0.00000,
,,,0.007016080000,   0.00000,
,,,0.007016100000,   0.04000,
,,,0.007016120000,   0.00000,
,,,0.007016140000,   0.04000,
,,,0.007016160000,   0.04000,
,,,0.007016180000,   0.04000,
,,,0.007016200000,   0.08000,
,,,0.007016220000,   0.04000,
,,,0.007016240000,   0.04000,
,,,0.007016260000,   0.00000,
,,,0.007016280000,   0.08000,
,,,0.007016300000,   0.00000,
,,,0.007016320000,   0.04000,
,,,0.007016340000,   0.04000,
,,,0.007016360000,   0.04000,
,,,0.007016380000,   0.04000,
,,,0.007016400000,   0.08000,
,,,0.007016420000,   0.00000,
,,,0.007016440000,   0.04000,
,,,0.007016460000,   0.00000,
,,,0.007016480000,   0.08000,
,,,0.007016500000,   0.00000,
,,,0.007016520000,   0.00000,
,,,0.007016540000,   0.00000,
,,,0.007016560000,   0.04000,
,,,0.007016580000,   0.04000,
,,,0.007016600000,   0.04000,
,,,0.007016620000,   0.00000,
,,,0.007016640000,  -0.04000,
,,,0.007016660000,   0.00000,
,,,0.007016680000,   0.04000,
,,,0.007016700000,   0.00000,
,,,0.007016720000,   0.00000,
,,,0.007016740000,   0.08000,
,,,0.007016760000,   0.00000,
,,,0.007016780000,   0.00000,
,,,0.007016800000,   0.00000,
,,,0.007016820000,   0.04000,
,,,0.007016840000,   0.04000,
,,,0.007016860000,   0.04000,
,,,0.007016880000,  -0.04000,
,,,0.007016900000,   0.04000,
,,,0.007016920000,  -0.04000,
,,,0.007016940000,   0.00000,
,,,0.007016960000,   0.00000,
,,,0.007016980000,   0.00000,
,,,0.007017000000,   0.04000,
,,,0.007017020000,   0.04000,
,,,0.007017040000,   0.00000,
,,,0.007017060000,   0.04000,
,,,0.007017080000,  -0.04000,
,,,0.007017100000,   0.00000,
,,,0.007017120000,   0.00000,
,,,0.007017140000,   0.00000,
,,,0.007017160000,  -0.04000,
,,,0.007017180000,   0.00000,
,,,0.007017200000,   0.00000,
,,,0.007017220000,   0.00000,
,,,0.007017240000,   0.00000,
,,,0.007017260000,   0.00000,
,,,0.007017280000,   0.04000,
,,,0.007017300000,   0.00000,
,,,0.007017320000,  -0.04000,
,,,0.007017340000,   0.04000,
,,,0.007017360000,   0.00000,
,,,0.007017380000,   0.00000,
,,,0.007017400000,   0.00000,
,,,0.007017420000,   0.00000,
,,,0.007017440000,   0.00000,
,,,0.007017460000,   0.00000,
,,,0.007017480000,  -0.04000,
,,,0.007017500000,   0.00000,
,,,0.007017520000,   0.00000,
,,,0.007017540000,   0.00000,
,,,0.007017560000,   0.00000,
,,,0.007017580000,   0.00000,
,,,0.007017600000,   0.04000,
,,,0.007017620000,   0.00000,
,,,0.007017640000,   0.00000,
,,,0.007017660000,  -0.04000,
,,,0.007017680000,   0.00000,
,,,0.007017700000,   0.00000,
,,,0.007017720000,   0.00000,
,,,0.007017740000,   0.00000,
,,,0.007017760000,  -0.04000,
,,,0.007017780000,   0.04000,
,,,0.007017800000,   0.00000,
,,,0.007017820000,   0.00000,
,,,0.007017840000,   0.00000,
,,,0.007017860000,   0.00000,
,,,0.007017880000,   0.00000,
,,,0.007017900000,   0.00000,
,,,0.007017920000,   0.04000,
,,,0.007017940000,   0.00000,
,,,0.007017960000,   0.04000,
,,,0.007017980000,   0.00000,
,,,0.007018000000,   0.00000,
,,,0.007018020000,   0.04000,
,,,0.007018040000,  -0.04000,
,,,0.007018060000,  -0.04000,
,,,0.007018080000,   0.00000,
,,,0.007018100000,  -0.04000,
,,,0.007018120000,   0.00000,
,,,0.007018140000,   0.00000,
,,,0.007018160000,   0.00000,
,,,0.007018180000,   0.00000,
,,,0.007018200000,   0.00000,
,,,0.007018220000,   0.00000,
,,,0.007018240000,   0.04000,
,,,0.007018260000,  -0.04000,
,,,0.007018280000,   0.04000,
,,,0.007018300000,  -0.04000,
,,,0.007018320000,   0.00000,
,,,0.007018340000,   0.00000,
,,,0.007018360000,   0.00000,
,,,0.007018380000,   0.04000,
,,,0.007018400000,  -0.04000,
,,,0.007018420000,   0.00000,
,,,0.007018440000,   0.00000,
,,,0.007018460000,   0.00000,
,,,0.007018480000,   0.00000,
,,,0.007018500000,  -0.04000,
,,,0.007018520000,  -0.04000,
,,,0.007018540000,   0.00000,
,,,0.007018560000,   0.00000,
,,,0.007018580000,   0.00000,
,,,0.007018600000,   0.00000,
,,,0.007018620000,  -0.04000,
,,,0.007018640000,  -0.04000,
,,,0.007018660000,  -0.04000,
,,,0.007018680000,   0.00000,
,,,0.007018700000,   0.04000,
,,,0.007018720000,   0.00000,
,,,0.007018740000,   0.00000,
,,,0.007018760000,   0.00000,
,,,0.007018780000,   0.00000,
,,,0.007018800000,   0.00000,
,,,0.007018820000,  -0.04000,
,,,0.007018840000,   0.04000,
,,,0.007018860000,  -0.08000,
,,,0.007018880000,  -0.04000,
,,,0.007018900000,   0.00000,
,,,0.007018920000,   0.00000,
,,,0.007018940000,   0.00000,
,,,0.007018960000,  -0.04000,
,,,0.007018980000,   0.04000,
,,,0.007019000000,   0.00000,
,,,0.007019020000,   0.00000,
,,,0.007019040000,  -0.04000,
,,,0.007019060000,  -0.04000,
,,,0.007019080000,  -0.04000,
,,,0.007019100000,   0.00000,
,,,0.007019120000,   0.04000,
,,,0.007019140000,  -0.04000,
,,,0.007019160000,  -0.04000,
,,,0.007019180000,  -0.04000,
,,,0.007019200000,   0.04000,
,,,0.007019220000,  -0.04000,
,,,0.007019240000,   0.00000,
,,,0.007019260000,   0.00000,
,,,0.007019280000,  -0.04000,
,,,0.007019300000,  -0.04000,
,,,0.007019320000,   0.04000,
,,,0.007019340000,   0.00000,
,,,0.007019360000,   0.00000,
,,,0.007019380000,   0.00000,
,,,0.007019400000,   0.00000,
,,,0.007019420000,   0.00000,
,,,0.007019440000,   0.00000,
,,,0.007019460000,   0.00000,
,,,0.007019480000,   0.04000,
,,,0.007019500000,   0.00000,
,,,0.007019520000,  -0.04000,
,,,0.007019540000,   0.04000,
,,,0.007019560000,  -0.04000,
,,,0.007019580000,  -0.04000,
,,,0.007019600000,   0.00000,
,,,0.007019620000,   0.00000,
,,,0.007019640000,  -0.04000,
,,,0.007019660000,  -0.04000,
,,,0.007019680000,   0.00000,
,,,0.007019700000,  -0.04000,
,,,0.007019720000,   0.00000,
,,,0.007019740000,  -0.04000,
,,,0.007019760000,  -0.04000,
,,,0.007019780000,   0.00000,
,,,0.007019800000,   0.00000,
,,,0.007019820000,   0.00000,
,,,0.007019840000,   0.00000,
,,,0.007019860000,   0.00000,
,,,0.007019880000,   0.00000,
,,,0.007019900000,   0.00000,
,,,0.007019920000,  -0.04000,
,,,0.007019940000,   0.00000,
,,,0.007019960000,  -0.04000,
,,,0.007019980000,   0.00000,
,,,0.007020000000,   0.00000,
,,,0.007020020000,   0.00000,
,,,0.007020040000,   0.00000,
,,,0.007020060000,   0.00000,
,,,0.007020080000,  -0.04000,
,,,0.007020100000,  -0.04000,
,,,0.007020120000,   0.00000,
,,,0.007020140000,   0.00000,
,,,0.007020160000,   0.00000,
,,,0.007020180000,   0.00000,
,,,0.007020200000,  -0.04000,
,,,0.007020220000,   0.00000,
,,,0.007020240000,  -0.04000,
,,,0.007020260000,   0.00000,
,,,0.007020280000,   0.00000,
,,,0.007020300000,   0.00000,
,,,0.007020320000,   0.00000,
,,,0.007020340000,  -0.04000,
,,,0.007020360000,   0.04000,
,,,0.007020380000,  -0.08000,
,,,0.007020400000,   0.00000,
,,,0.007020420000,  -0.04000,
,,,0.007020440000,   0.00000,
,,,0.007020460000,   0.00000,
,,,0.007020480000,   0.00000,
,,,0.007020500000,  -0.04000,
,,,0.007020520000,   0.00000,
,,,0.007020540000,   0.00000,
,,,0.007020560000,   0.00000,
,,,0.007020580000,  -0.04000,
,,,0.007020600000,  -0.04000,
,,,0.007020620000,  -0.04000,
,,,0.007020640000,  -0.04000,
,,,0.007020660000,   0.00000,
,,,0.007020680000,  -0.04000,
,,,0.007020700000,   0.00000,
,,,0.007020720000,  -0.04000,
,,,0.007020740000,   0.00000,
,,,0.007020760000,   0.00000,
,,,0.007020780000,   0.00000,
,,,0.007020800000,   0.00000,
,,,0.007020820000,   0.00000,
,,,0.007020840000,  -0.08000,
,,,0.007020860000,   0.00000,
,,,0.007020880000,  -0.04000,
,,,0.007020900000,  -0.04000,
,,,0.007020920000,   0.00000,
,,,0.007020940000,  -0.08000,
,,,0.007020960000,   0.00000,
,,,0.007020980000,   0.00000,
,,,0.007021000000,   0.00000,
,,,0.007021020000,   0.00000,
,,,0.007021040000,  -0.04000,
,,,0.007021060000,   0.00000,
,,,0.007021080000,  -0.04000,
,,,0.007021100000,  -0.04000,
,,,0.007021120000,  -0.08000,
,,,0.007021140000,  -0.04000,
,,,0.007021160000,  -0.04000,
,,,0.007021180000,   0.00000,
,,,0.007021200000,   0.00000,
,,,0.007021220000,   0.04000,
,,,0.007021240000,   0.04000,
,,,0.007021260000,   0.04000,
,,,0.007021280000,   0.00000,
,,,0.007021300000,   0.00000,
,,,0.007021320000,  -0.04000,
,,,0.007021340000,   0.00000,
,,,0.007021360000,   0.04000,
,,,0.007021380000,   0.04000,
,,,0.007021400000,   0.00000,
,,,0.007021420000,   0.00000,
,,,0.007021440000,   0.00000,
,,,0.007021460000,   0.04000,
,,,0.007021480000,   0.00000,
,,,0.007021500000,   0.00000,
,,,0.007021520000,   0.00000,
,,,0.007021540000,   0.04000,
,,,0.007021560000,   0.00000,
,,,0.007021580000,   0.04000,
,,,0.007021600000,  -0.04000,
,,,0.007021620000,   0.00000,
,,,0.007021640000,   0.00000,
,,,0.007021660000,   0.00000,
,,,0.007021680000,   0.04000,
,,,0.007021700000,   0.04000,
,,,0.007021720000,  -0.04000,
,,,0.007021740000,   0.04000,
,,,0.007021760000,  -0.04000,
,,,0.007021780000,   0.04000,
,,,0.007021800000,   0.04000,
,,,0.007021820000,   0.00000,
,,,0.007021840000,   0.00000,
,,,0.007021860000,   0.00000,
,,,0.007021880000,   0.04000,
,,,0.007021900000,   0.00000,
,,,0.007021920000,   0.00000,
,,,0.007021940000,   0.04000,
,,,0.007021960000,   0.00000,
,,,0.007021980000,   0.00000,
,,,0.007022000000,   0.00000,
,,,0.007022020000,   0.04000,
,,,0.007022040000,   0.04000,
,,,0.007022060000,   0.00000,
,,,0.007022080000,   0.04000,
,,,0.007022100000,   0.00000,
,,,0.007022120000,   0.04000,
,,,0.007022140000,   0.04000,
,,,0.007022160000,   0.00000,
,,,0.007022180000,   0.04000,
,,,0.007022200000,   0.04000,
,,,0.007022220000,   0.04000,
,,,0.007022240000,   0.04000,
,,,0.007022260000,   0.04000,
,,,0.007022280000,   0.04000,
,,,0.007022300000,   0.04000,
,,,0.007022320000,   0.00000,
,,,0.007022340000,   0.04000,
,,,0.007022360000,  -0.04000,
,,,0.007022380000,   0.04000,
,,,0.007022400000,   0.08000,
,,,0.007022420000,   0.04000,
,,,0.007022440000,   0.04000,
,,,0.007022460000,   0.00000,
,,,0.007022480000,  -0.04000,
,,,0.007022500000,   0.04000,
,,,0.007022520000,   0.04000,
,,,0.007022540000,   0.04000,
,,,0.007022560000,   0.04000,
,,,0.007022580000,  -0.04000,
,,,0.007022600000,   0.00000,
,,,0.007022620000,   0.00000,
,,,0.007022640000,   0.04000,
,,,0.007022660000,   0.00000,
,,,0.007022680000,   0.00000,
,,,0.007022700000,   0.00000,
,,,0.007022720000,   0.00000,
,,,0.007022740000,   0.04000,
,,,0.007022760000,   0.00000,
,,,0.007022780000,   0.04000,
,,,0.007022800000,   0.04000,
,,,0.007022820000,   0.00000,
,,,0.007022840000,   0.04000,
,,,0.007022860000,   0.04000,
,,,0.007022880000,   0.00000,
,,,0.007022900000,   0.04000,
,,,0.007022920000,   0.00000,
,,,0.007022940000,   0.04000,
,,,0.007022960000,   0.04000,
,,,0.007022980000,   0.00000,
,,,0.007023000000,   0.04000,
,,,0.007023020000,   0.00000,
,,,0.007023040000,   0.00000,
,,,0.007023060000,   0.08000,
,,,0.007023080000,   0.04000,
,,,0.007023100000,   0.00000,
,,,0.007023120000,   0.04000,
,,,0.007023140000,   0.00000,
,,,0.007023160000,   0.08000,
,,,0.007023180000,   0.04000,
,,,0.007023200000,   0.04000,
,,,0.007023220000,   0.04000,
,,,0.007023240000,   0.00000,
,,,0.007023260000,   0.04000,
,,,0.007023280000,   0.04000,
,,,0.007023300000,   0.00000,
,,,0.007023320000,   0.04000,
,,,0.007023340000,   0.04000,
,,,0.007023360000,   0.08000,
,,,0.007023380000,   0.04000,
,,,0.007023400000,   0.04000,
,,,0.007023420000,   0.04000,
,,,0.007023440000,   0.00000,
,,,0.007023460000,   0.08000,
,,,0.007023480000,   0.04000,
,,,0.007023500000,   0.08000,
,,,0.007023520000,   0.04000,
,,,0.007023540000,   0.04000,
,,,0.007023560000,   0.08000,
,,,0.007023580000,   0.08000,
,,,0.007023600000,   0.08000,
,,,0.007023620000,   0.04000,
,,,0.007023640000,   0.04000,
,,,0.007023660000,   0.04000,
,,,0.007023680000,   0.00000,
,,,0.007023700000,   0.00000,
,,,0.007023720000,   0.04000,
,,,0.007023740000,   0.04000,
,,,0.007023760000,   0.08000,
,,,0.007023780000,   0.08000,
,,,0.007023800000,   0.04000,
,,,0.007023820000,   0.04000,
,,,0.007023840000,   0.04000,
,,,0.007023860000,   0.04000,
,,,0.007023880000,   0.04000,
,,,0.007023900000,   0.04000,
,,,0.007023920000,   0.04000,
,,,0.007023940000,   0.04000,
,,,0.007023960000,   0.08000,
,,,0.007023980000,   0.00000,
,,,0.007024000000,   0.04000,
,,,0.007024020000,   0.04000,
,,,0.007024040000,   0.04000,
,,,0.007024060000,   0.04000,
,,,0.007024080000,   0.04000,
,,,0.007024100000,   0.04000,
,,,0.007024120000,   0.04000,
,,,0.007024140000,   0.04000,
,,,0.007024160000,   0.04000,
,,,0.007024180000,   0.08000,
,,,0.007024200000,   0.04000,
,,,0.007024220000,   0.00000,
,,,0.007024240000,   0.08000,
,,,0.007024260000,   0.08000,
,,,0.007024280000,   0.04000,
,,,0.007024300000,   0.00000,
,,,0.007024320000,   0.12000,
,,,0.007024340000,   0.04000,
,,,0.007024360000,   0.04000,
,,,0.007024380000,   0.08000,
,,,0.007024400000,   0.04000,
,,,0.007024420000,   0.04000,
,,,0.007024440000,   0.04000,
,,,0.007024460000,   0.04000,
,,,0.007024480000,   0.04000,
,,,0.007024500000,   0.04000,
,,,0.007024520000,   0.04000,
,,,0.007024540000,   0.04000,
,,,0.007024560000,   0.04000,
,,,0.007024580000,   0.00000,
,,,0.007024600000,   0.04000,
,,,0.007024620000,   0.00000,
,,,0.007024640000,   0.08000,
,,,0.007024660000,   0.04000,
,,,0.007024680000,   0.00000,
,,,0.007024700000,   0.08000,
,,,0.007024720000,   0.04000,
,,,0.007024740000,   0.08000,
,,,0.007024760000,   0.04000,
,,,0.007024780000,   0.08000,
,,,0.007024800000,   0.00000,
,,,0.007024820000,   0.08000,
,,,0.007024840000,   0.04000,
,,,0.007024860000,   0.04000,
,,,0.007024880000,   0.04000,
,,,0.007024900000,   0.00000,
,,,0.007024920000,   0.08000,
,,,0.007024940000,   0.04000,
,,,0.007024960000,   0.04000,
,,,0.007024980000,   0.04000,
