345.44,146.429
345.66,146.429
345.87,146.429
346.09,100
346.31,-2300
346.53,193.927
346.74,375.949
346.96,-834.483
347.18,-80.114
347.4,-114.11
347.61,-101.685
347.83,-17.61
348.05,11.832
348.27,14.186
348.48,11.862
348.7,27.946
348.92,39.341
349.14,37.725
349.35,44.72
349.57,52.797
349.79,94.332
350.01,109.302
350.22,-202.857
350.44,-17.391
350.66,-47.911
350.88,-79.439
351.09,-51.87
351.31,-30.691
351.53,-20
351.74,-33.257
351.96,-17.223
352.18,-7.638
352.4,-12.821
352.61,-35.556
352.83,-86.928
353.05,-53.763
353.27,75
353.48,161.538
353.7,56.14
353.92,-20.225
354.13,-60.377
354.35,-28.049
354.57,-20.455
354.79,-48.63
355,163.077
355.22,84.783
355.44,124.08
355.65,112.355
355.87,87.172
356.09,91.404
356.31,56.879
356.52,45.102
356.74,40.348
356.96,44.026
357.17,56.344
357.39,58.897
357.61,73.377
357.82,53.899
358.04,59.823
358.26,70.758
358.48,65.021
358.69,88.154
358.91,94.729
359.13,111.677
359.34,115.952
359.56,95.614
359.78,110.526
359.99,102.809
360.21,140.957
360.43,159.535
360.64,261.268
360.86,703.571
361.08,-239.474
361.3,-78.846
361.51,-735
361.73,-445.455
361.95,-241.558
362.16,-214.943
362.38,-84.259
362.6,-352.113
362.81,-141.304
363.03,-120
363.25,136.994
363.46,122.917
363.68,89.627
363.9,138.86
364.11,112.549
364.33,49.705
364.55,40.381
364.76,35.897
364.98,43.994
365.2,47.641
365.41,56.009
365.63,39.077
365.85,33.117
366.06,40.33
366.28,31.455
366.5,25.993
366.71,27.314
366.93,32.213
367.15,32.045
367.36,29.487
367.58,33.512
367.8,40.252
368.01,43.456
368.23,42.197
368.44,27.68
368.66,21.374
368.88,5.391
369.09,7.988
369.31,-11.45
369.53,-11.372
369.74,-26.157
369.96,-28.084
370.18,-23.552
370.39,-21.325
370.61,-31.884
370.83,-6.284
371.04,3.692
371.26,64.202
371.47,81.006
371.69,66.867
371.91,156.667
372.12,167.702
372.34,235.714
372.56,87.383
372.77,105.505
372.99,128.75
373.2,100
373.42,83.228
373.64,57.345
373.85,55.742
374.07,53.933
374.29,47.934
374.5,37.757
374.72,28.617
374.93,17.314
375.15,-9.612
375.37,2.894
375.58,5.812
375.8,-0.154
376.01,8.782
376.23,-0.37
376.45,2.755
376.66,-0.746
376.88,10.428
377.09,37.474
377.31,52.444
377.53,71.829
377.74,62.179
377.96,53.44
378.17,81.759
378.39,56.223
378.61,65.909
378.82,46.621
379.04,49.49
379.25,33.589
379.47,30.31
379.69,25.65
379.9,4.959
380.12,7.415
380.33,17.807
380.55,25.293
380.77,16.487
380.98,12.382
381.2,12.785
381.41,1.299
381.63,20.909
381.84,18.609
382.06,32.407
382.28,73.373
382.49,68.338
382.71,54.649
382.92,29.787
383.14,48.757
383.35,55.285
383.57,57.568
383.79,60.799
384,66.588
384.22,63.26
384.43,60.717
384.65,64.049
384.86,67.343
385.08,77.691
385.3,87.722
385.51,81.241
385.73,84.595
385.94,81.351
386.16,92.488
386.37,97.581
386.59,86.433
386.8,83.662
387.02,81.429
387.24,70.187
387.45,79.548
387.67,82.558
387.88,87.534
388.1,82.945
388.31,87.551
388.53,80.793
388.74,83.975
388.96,68.908
389.17,73.354
389.39,74.663
389.6,71.861
389.82,61.272
390.04,53.302
390.25,57.075
390.47,58.127
390.68,61.9
390.9,61.116
391.11,48.718
391.33,62.321
391.54,55.214
391.76,55.521
391.97,58.395
392.19,54.125
392.4,69.801
392.62,70.94
392.83,65.242
393.05,63.946
393.26,71.603
393.48,83.482
393.69,72.428
393.91,89.985
394.13,79.396
394.34,88.559
394.56,70.713
394.77,57.276
394.99,51.596
395.2,57.776
395.42,57.866
395.63,47.735
395.85,50.937
396.06,53.354
396.28,54.76
396.49,63.936
396.71,57.775
396.92,62.822
397.14,59.731
397.35,59.426
397.57,58.126
397.78,56.879
398,59.19
398.21,56.61
398.43,50.312
398.64,47.451
398.86,36.824
399.07,40.973
399.29,41.341
399.5,43.136
399.71,53.498
399.93,44.793
400.14,42.464
400.36,38.431
400.57,37.973
400.79,41.419
401,36.491
401.22,39.838
401.43,41.838
401.65,46.635
401.86,51.638
402.08,45.474
402.29,55.222
402.51,58.283
402.72,60.694
402.94,55.685
403.15,55.619
403.37,55.071
403.58,55.206
403.79,52.582
404.01,51.513
404.22,49.649
404.44,48.992
404.65,48.368
404.87,51.144
405.08,53.429
405.3,60.872
405.51,61.734
405.73,64.869
405.94,59.581
406.15,63.33
406.37,66.496
406.58,66.849
406.8,71.141
407.01,66.051
407.23,61.338
407.44,57.245
407.66,53.361
407.87,52.09
408.08,54.887
408.3,58.548
408.51,57.551
408.73,48.935
408.94,51.45
409.16,53.664
409.37,57.343
409.59,62.888
409.8,64.315
410.01,60.489
410.23,63.477
410.44,63.485
410.66,62.038
410.87,59.283
411.09,64.374
411.3,61.414
411.51,52.788
411.73,53.367
411.94,45.412
412.16,45.455
412.37,50.434
412.58,50.308
412.8,48.157
413.01,51.59
413.23,49.069
413.44,48.973
413.66,46.086
413.87,48.766
414.08,45.451
414.3,48.57
414.51,51.948
414.73,50.692
414.94,51.267
415.15,51.953
415.37,49.685
415.58,53.135
415.8,54.432
416.01,53.654
416.22,54.053
416.44,57.219
416.65,59.649
416.87,60.191
417.08,58.8
417.29,62.871
417.51,58.521
417.72,58.703
417.93,58.087
418.15,60.363
418.36,61.727
418.58,64.859
418.79,60.991
419,57.948
419.22,58.174
419.43,56.406
419.65,53.488
419.86,56.001
420.07,56.046
420.29,54.159
420.5,51.827
420.71,53.902
420.93,51.136
421.14,52.422
421.35,53.094
421.57,49.874
421.78,52.823
422,54.94
422.21,58.601
422.42,59.555
422.64,61.797
422.85,62.428
423.06,63.714
423.28,65.442
423.49,64.425
423.7,65.354
423.92,70.476
424.13,72.89
424.35,68.542
424.56,65.472
424.77,63.14
424.99,63.258
425.2,64.924
425.41,65.496
425.63,63.728
425.84,63.978
426.05,62.812
426.27,58.591
426.48,55.732
426.69,54.976
426.91,54.41
427.12,58.03
427.33,55.42
427.55,51.558
427.76,49.662
427.97,48.87
428.19,49.603
428.4,50.171
428.61,52.073
428.83,51.846
429.04,52.125
429.25,54.669
429.47,52.632
429.68,55.094
429.89,55.246
430.11,54.274
430.32,56.019
430.53,54.978
430.74,54.919
430.96,55.763
431.17,54.906
431.38,55.535
431.6,54.122
431.81,52.703
432.02,51.616
432.24,52.199
432.45,54.845
432.66,54.03
432.88,54.308
433.09,54.519
433.3,55.27
433.51,56.618
433.73,57.113
433.94,55.842
434.15,57.556
434.37,57.509
434.58,57.676
434.79,57.004
435.01,55.416
435.22,58.718
435.43,59.924
435.64,58.254
435.86,55.789
436.07,55.48
436.28,56.884
436.5,56.569
436.71,57.791
436.92,58.411
437.13,56.639
437.35,57.015
437.56,53.449
437.77,51.129
437.98,52.262
438.2,53.99
438.41,52.928
438.62,51.9
438.84,52.858
439.05,53.173
439.26,53.665
439.47,54.926
439.69,56.412
439.9,55.918
440.11,55.441
440.32,54.514
440.54,55.126
440.75,55.245
440.96,55.252
441.17,54.154
441.39,51.565
441.6,49.771
441.81,49.554
442.02,48.714
442.24,49.35
442.45,50.591
442.66,50.609
442.87,49.647
443.09,48.89
443.3,49.508
443.51,50.566
443.72,52.839
443.94,54.733
444.15,53.9
444.36,54.825
444.57,56.327
444.79,55.851
445,57.25
445.21,56.574
445.42,57.632
445.64,57.043
445.85,53.741
446.06,52.617
446.27,51.579
446.48,51.359
446.7,51.632
446.91,51.397
447.12,51.935
447.33,49.499
447.55,50.255
447.76,49.735
447.97,49.67
448.18,51.389
448.39,53.035
448.61,54.553
448.82,55.717
449.03,53.544
449.24,52.934
449.46,52.33
449.67,53.392
449.88,53.154
450.09,53.389
450.3,53.998
450.52,54.23
450.73,53.533
450.94,52.168
451.15,51.565
451.36,53.474
451.58,53.208
451.79,53.152
452,52.542
452.21,52.159
452.42,52.277
452.64,51.004
452.85,50.93
453.06,51.014
453.27,52.442
453.48,53.511
453.69,54.02
453.91,53.665
454.12,54.968
454.33,56.195
454.54,56.498
454.75,56.742
454.97,57.362
455.18,58.487
455.39,58.288
455.6,58.252
455.81,58.663
456.02,58.095
456.24,58.619
456.45,57.848
456.66,57.23
456.87,57.627
457.08,58.633
457.29,58.93
457.51,58.384
457.72,58.588
457.93,58.302
458.14,58.417
458.35,57.093
458.56,57.11
458.78,57.223
458.99,58.03
459.2,57.899
459.41,57.843
459.62,58.054
459.83,57.415
460.04,57.283
460.26,56.914
460.47,56.219
460.68,57.832
460.89,57.824
461.1,57.959
461.31,57.506
461.52,57.707
461.74,57.039
461.95,57.173
462.16,58.501
462.37,57.677
462.58,56.971
462.79,58.716
463,58.234
463.22,58.408
463.43,58.218
463.64,57.1
463.85,57.237
464.06,56.549
464.27,56.24
464.48,55.952
464.69,56.896
464.91,57.79
465.12,56.099
465.33,56.441
465.54,56.761
465.75,56.72
465.96,58.25
466.17,57.616
466.38,58.469
466.59,58.955
466.81,59.7
467.02,59.162
467.23,59.654
467.44,60.189
467.65,59.927
467.86,60.05
468.07,60.942
468.28,59.85
468.49,60.649
468.7,59.975
468.92,59.842
469.13,59.588
469.34,60.16
469.55,59.609
469.76,59.103
469.97,59.062
470.18,58.468
470.39,57.542
470.6,57.579
470.81,57.499
471.02,57.865
471.24,57.835
471.45,57.966
471.66,57.397
471.87,57.77
472.08,58.424
472.29,58.615
472.5,58.654
472.71,58.756
472.92,58.989
473.13,59.036
473.34,58.833
473.55,58.658
473.76,58.144
473.98,58.643
474.19,58.454
474.4,58.645
474.61,58.642
474.82,58.559
475.03,58.131
475.24,58.077
475.45,58.119
475.66,58.073
475.87,58.211
476.08,58.101
476.29,57.703
476.5,57.135
476.71,56.733
476.92,56.72
477.13,56.688
477.34,57.285
477.55,57.853
477.76,57.691
477.98,57.7
478.19,57.582
478.4,57.681
478.61,58.063
478.82,58.201
479.03,58.193
479.24,58.291
479.45,58.295
479.66,58.485
479.87,58.983
480.08,59.106
480.29,59.438
480.5,59.253
480.71,59.473
480.92,59.362
481.13,59.321
481.34,59.511
481.55,59.505
481.76,59.693
481.97,59.115
482.18,58.713
482.39,58.634
482.6,58.585
482.81,59.114
483.02,59.224
483.23,59.506
483.44,59.575
483.65,59.516
483.86,59.408
484.07,59.442
484.28,59.936
484.49,59.482
484.7,59.437
484.91,59.201
485.12,58.917
485.33,58.505
485.54,58.559
485.75,58.447
485.96,58.789
486.17,58.845
486.38,59.25
486.59,59.14
486.8,59.031
487.01,59.445
487.22,59.325
487.43,59.175
487.64,59.411
487.85,59.325
488.06,59.494
488.27,58.814
488.48,58.392
488.69,58.313
488.9,58.174
489.11,58.38
489.32,58.136
489.53,58.452
489.74,58.768
489.95,58.476
490.16,58.475
490.37,58.554
490.58,59.243
490.79,59.856
491,59.44
491.21,59.426
491.42,59.302
491.63,59.318
491.84,58.894
492.04,58.563
492.25,58.567
492.46,58.197
492.67,58.162
492.88,57.721
493.09,57.533
493.3,57.544
493.51,57.57
493.72,57.47
493.93,56.99
494.14,57.447
494.35,57.651
494.56,57.856
494.77,58.189
494.98,57.716
495.19,57.767
495.4,57.552
495.61,57.274
495.81,57.317
496.02,57.165
496.23,57.381
496.44,57.028
496.65,56.793
496.86,56.558
497.07,56.025
497.28,56.237
497.49,55.981
497.7,56.169
497.91,56.319
498.12,56.033
498.33,56.111
498.54,55.721
498.74,55.819
498.95,55.843
499.16,55.955
499.37,56.346
499.58,56.595
499.79,56.735
500,56.333
500.21,56.264
500.42,56.285
500.63,56.457
500.84,56.522
501.04,56.32
501.25,55.815
501.46,55.648
501.67,55.24
501.88,54.808
502.09,54.827
502.3,54.851
502.51,54.673
502.72,54.318
502.92,54.152
503.13,54.205
503.34,54.284
503.55,54.84
503.76,54.646
503.97,54.79
504.18,54.517
504.39,54.356
504.6,54.458
504.8,54.822
505.01,55.154
505.22,55.077
505.43,54.73
505.64,54.381
505.85,54.167
506.06,54.352
506.27,54.422
506.47,54.952
506.68,54.716
506.89,54.83
507.1,54.634
507.31,54.753
507.52,54.513
507.73,54.935
507.93,55.295
508.14,55.309
508.35,55.463
508.56,55.241
508.77,55.192
508.98,55.699
509.19,55.201
509.39,55.142
509.6,55.24
509.81,55.537
510.02,55.357
510.23,55.228
510.44,55.005
510.64,54.416
510.85,54.673
511.06,54.637
511.27,54.1
511.48,54.543
511.69,54.558
511.9,54.256
512.1,54.24
512.31,54.067
512.52,54.02
512.73,53.948
512.94,54.226
513.14,54.012
513.35,53.73
513.56,53.674
513.77,53.514
513.98,53.478
514.19,53.392
514.39,53.364
514.6,53.478
514.81,53.544
515.02,53.807
515.23,53.815
515.43,53.882
515.64,53.991
515.85,54.186
516.06,54.175
516.27,53.95
516.48,54.098
516.68,54.012
516.89,53.965
517.1,53.537
517.31,53.578
517.52,53.472
517.72,53.276
517.93,53.256
518.14,53.081
518.35,52.869
518.56,53.126
518.76,53.36
518.97,53.459
519.18,53.497
519.39,53.806
519.59,53.823
519.8,54.04
520.01,54.004
520.22,54.046
520.43,54.129
520.63,54.253
520.84,54.197
521.05,53.923
521.26,53.911
521.46,53.976
521.67,54.074
521.88,53.983
522.09,53.895
522.3,54.076
522.5,54.019
522.71,54.311
522.92,54.454
523.13,54.455
523.33,54.379
523.54,54.222
523.75,54.447
523.96,54.366
524.16,54.241
524.37,54.25
524.58,54.395
524.79,54.56
524.99,54.323
525.2,54.329
525.41,54.418
525.62,54.251
525.82,54.464
526.03,54.606
526.24,54.488
526.45,54.579
526.65,54.472
526.86,54.444
527.07,54.396
527.28,54.553
527.48,54.501
527.69,54.504
527.9,54.827
528.1,54.689
528.31,54.423
528.52,54.657
528.73,54.616
528.93,54.831
529.14,54.691
529.35,54.69
529.56,54.457
529.76,54.419
529.97,54.531
530.18,54.43
530.38,54.751
530.59,54.65
530.8,54.701
531.01,54.872
531.21,54.924
531.42,55.125
531.63,55.295
531.83,55.632
532.04,55.779
532.25,55.65
532.46,55.936
532.66,55.686
532.87,55.879
533.08,55.698
533.28,55.637
533.49,55.536
533.7,55.526
533.9,55.393
534.11,55.338
534.32,55.308
534.52,55.55
534.73,55.372
534.94,55.578
535.15,55.464
535.35,55.808
535.56,55.807
535.77,55.887
535.97,55.843
536.18,55.867
536.39,55.914
536.59,55.876
536.8,55.745
537.01,55.83
537.21,55.777
537.42,55.829
537.63,55.584
537.83,55.66
538.04,55.418
538.25,55.35
538.45,55.382
538.66,55.2
538.87,55.192
539.07,55.284
539.28,55.237
539.49,55.322
539.69,55.62
539.9,55.73
540.11,55.966
540.31,56.205
540.52,56.464
540.73,56.782
540.93,56.925
541.14,56.962
541.34,57.075
541.55,57.307
541.76,57.107
541.96,56.932
542.17,56.977
542.38,56.77
542.58,56.841
542.79,56.809
543,56.603
543.2,56.631
543.41,56.732
543.61,56.749
543.82,56.775
544.03,56.944
544.23,56.946
544.44,56.85
544.65,56.914
544.85,56.898
545.06,57.121
545.26,57.22
545.47,57.43
545.68,57.635
545.88,57.752
546.09,57.372
546.3,57.373
546.5,57.314
546.71,57.373
546.91,57.542
547.12,57.722
547.33,57.476
547.53,57.402
547.74,57.509
547.94,57.481
548.15,57.337
548.36,57.531
548.56,57.598
548.77,57.741
548.97,57.832
549.18,57.737
549.39,57.753
549.59,57.787
549.8,57.762
550,57.822
550.21,57.647
550.41,57.495
550.62,57.611
550.83,57.701
551.03,57.748
551.24,57.936
551.44,57.893
551.65,57.859
551.86,57.856
552.06,58.209
552.27,57.959
552.47,58.279
552.68,58.369
552.88,58.327
553.09,58.255
553.3,58.305
553.5,58.125
553.71,58.294
553.91,58.379
554.12,58.384
554.32,57.938
554.53,57.852
554.73,57.648
554.94,57.79
555.15,57.907
555.35,57.902
555.56,57.896
555.76,58.065
555.97,58.076
556.17,58.082
556.38,58.123
556.58,58.371
556.79,58.53
556.99,58.684
557.2,58.663
557.41,58.752
557.61,58.757
557.82,58.808
558.02,58.702
558.23,58.451
558.43,58.31
558.64,58.45
558.84,58.521
559.05,58.573
559.25,58.496
559.46,58.623
559.66,58.475
559.87,58.663
560.07,58.59
560.28,58.877
560.48,58.833
560.69,58.764
560.89,58.677
561.1,58.747
561.3,58.724
561.51,58.766
561.72,58.425
561.92,58.435
562.13,58.269
562.33,58.199
562.54,58.122
562.74,58.224
562.95,58.452
563.15,58.345
563.36,58.283
563.56,58.358
563.77,58.24
563.97,58.255
564.18,58.29
564.38,58.335
564.58,58.381
564.79,58.177
564.99,58.338
565.2,58.154
565.4,58.363
565.61,58.426
565.81,58.177
566.02,58.642
566.22,58.509
566.43,58.367
566.63,58.266
566.84,58.383
567.04,58.465
567.25,58.46
567.45,58.542
567.66,58.485
567.86,58.485
568.07,58.475
568.27,57.921
568.48,58.313
568.68,58.432
568.88,58.608
569.09,58.547
569.29,58.521
569.5,58.569
569.7,58.544
569.91,58.381
570.11,58.23
570.32,58.376
570.52,58.674
570.73,58.503
570.93,58.334
571.13,58.229
571.34,58.191
571.54,58.204
571.75,57.961
571.95,58.069
572.16,58.305
572.36,58.223
572.56,58.122
572.77,57.921
572.97,57.981
573.18,58.192
573.38,58.091
573.59,57.856
573.79,57.931
573.99,58.074
574.2,57.867
574.4,57.651
574.61,57.811
574.81,57.872
575.02,57.687
575.22,57.705
575.42,57.641
575.63,57.673
575.83,57.834
576.04,57.669
576.24,57.68
576.44,57.853
576.65,57.945
576.85,57.965
577.06,57.983
577.26,58.081
577.46,58.12
577.67,58.141
577.87,58.228
578.08,58.303
578.28,58.211
578.48,58.067
578.69,57.91
578.89,57.886
579.1,57.798
579.3,57.718
579.5,57.849
579.71,57.717
579.91,57.631
580.12,57.591
580.32,57.252
580.52,57.186
580.73,57.197
580.93,57.201
581.13,57.063
581.34,56.965
581.54,56.992
581.75,56.707
581.95,56.738
582.15,56.654
582.36,56.476
582.56,56.696
582.76,56.608
582.97,56.664
583.17,56.485
583.38,56.418
583.58,56.397
583.78,56.216
583.99,56.206
584.19,56.181
584.39,56.312
584.6,56.36
584.8,56.33
585,56.43
585.21,56.353
585.41,56.378
585.61,56.393
585.82,56.549
586.02,56.659
586.22,56.802
586.43,56.83
586.63,56.555
586.83,56.403
587.04,56.386
587.24,56.422
587.44,56.38
587.65,56.554
587.85,56.563
588.05,56.197
588.26,56.226
588.46,56.128
588.66,55.941
588.87,56.094
589.07,56.196
589.27,56.184
589.48,56.152
589.68,56.052
589.88,55.819
590.09,55.88
590.29,55.81
590.49,55.613
590.7,55.491
590.9,55.488
591.1,55.382
591.3,55.167
591.51,55.082
591.71,54.99
591.91,55.043
592.12,55.134
592.32,55.184
592.52,55.342
592.73,55.495
592.93,55.404
593.13,55.328
593.33,55.148
593.54,55.33
593.74,55.492
593.94,55.379
594.15,55.339
594.35,55.265
594.55,54.973
594.75,54.974
594.96,54.865
595.16,55.084
595.36,55
595.56,55.013
595.77,54.884
595.97,54.538
596.17,54.609
596.38,54.509
596.58,54.455
596.78,54.511
596.98,54.329
597.19,54.215
597.39,54.009
597.59,54.153
597.79,54.062
598,54.136
598.2,54.188
598.4,54.111
598.6,54.211
598.81,54.13
599.01,54.025
599.21,53.93
599.41,53.938
599.62,54.034
599.82,53.763
600.02,53.884
600.22,53.79
600.43,53.756
600.63,53.808
600.83,53.642
601.03,53.736
601.24,53.78
601.44,53.849
601.64,53.766
601.84,53.547
602.04,53.552
602.25,53.597
602.45,53.56
602.65,53.613
602.85,53.447
603.06,53.414
603.26,53.425
603.46,53.429
603.66,53.366
603.86,53.414
604.07,53.539
604.27,53.416
604.47,53.277
604.67,53.26
604.88,53.117
605.08,53.081
605.28,52.934
605.48,52.748
605.68,52.601
605.89,52.577
606.09,52.588
606.29,52.551
606.49,52.685
606.69,52.612
606.9,52.62
607.1,52.474
607.3,52.652
607.5,52.846
607.7,52.859
607.9,52.818
608.11,52.861
608.31,52.719
608.51,52.796
608.71,52.786
608.91,52.746
609.12,52.64
609.32,52.803
609.52,52.494
609.72,52.358
609.92,52.323
610.12,52.344
610.33,52.331
610.53,52.403
610.73,52.343
610.93,52.348
611.13,52.336
611.33,52.321
611.54,52.514
611.74,52.666
611.94,52.657
612.14,52.544
612.34,52.502
612.54,52.393
612.74,52.445
612.95,52.357
613.15,52.338
613.35,52.421
613.55,52.5
613.75,52.311
613.95,52.248
614.15,52.193
614.36,52.217
614.56,52.314
614.76,52.275
614.96,52.159
615.16,52.234
615.36,52.161
615.56,52.189
615.77,52.192
615.97,52.07
616.17,52.263
616.37,52.298
616.57,52.292
616.77,52.292
616.97,52.276
617.17,52.185
617.38,52.08
617.58,52.114
617.78,52.02
617.98,51.991
618.18,52.069
618.38,51.952
618.58,51.959
618.78,51.911
618.98,51.844
619.19,51.962
619.39,52.135
619.59,52.007
619.79,51.964
619.99,52.045
620.19,51.853
620.39,51.638
620.59,51.557
620.79,51.551
620.99,51.614
621.19,51.715
621.4,51.743
621.6,51.496
621.8,51.675
622,51.684
622.2,51.495
622.4,51.463
622.6,51.535
622.8,51.585
623,51.674
623.2,51.812
623.4,51.71
623.6,51.621
623.8,51.742
624.01,51.71
624.21,51.698
624.41,51.887
624.61,52.053
624.81,52.073
625.01,51.905
625.21,51.893
625.41,51.764
625.61,51.787
625.81,51.738
626.01,51.718
626.21,51.712
626.41,51.687
626.61,51.57
626.81,51.557
627.01,51.615
627.21,51.66
627.41,51.535
627.62,51.453
627.82,51.377
628.02,51.493
628.22,51.516
628.42,51.54
628.62,51.508
628.82,51.501
629.02,51.391
629.22,51.432
629.42,51.644
629.62,51.637
629.82,51.824
630.02,51.798
630.22,51.812
630.42,51.765
630.62,51.805
630.82,51.962
631.02,52.073
631.22,52.191
631.42,52.217
631.62,52.102
631.82,52.234
632.02,52.168
632.22,52.14
632.42,52.014
632.62,51.974
632.82,51.94
633.02,51.792
633.22,51.749
633.42,51.835
633.62,51.799
633.82,51.947
634.02,51.861
634.22,51.778
634.42,52.008
634.62,52.138
634.82,52.112
635.02,52.106
635.22,52.001
635.42,52.063
635.62,51.975
635.82,51.937
636.02,51.861
636.22,51.976
636.42,52.055
636.62,51.962
636.82,51.883
637.02,51.895
637.22,51.799
637.42,52.067
637.62,51.864
637.82,51.767
638.02,51.635
638.22,51.497
638.41,51.446
638.61,51.314
638.81,51.279
639.01,51.172
639.21,51.237
639.41,51.382
639.61,51.302
639.81,51.279
640.01,51.361
640.21,51.549
640.41,51.644
640.61,51.578
640.81,51.75
641.01,51.752
641.21,51.867
641.41,51.779
641.61,51.745
641.81,51.744
642.01,51.884
642.2,51.984
642.4,51.981
642.6,51.919
642.8,51.854
643,51.814
643.2,51.808
643.4,51.853
643.6,51.933
643.8,51.979
644,52.072
644.2,51.965
644.4,51.737
644.59,51.884
644.79,51.84
644.99,51.969
645.19,52.082
645.39,52.138
645.59,52.095
645.79,52.2
645.99,52.227
646.19,52.1
646.39,52.137
646.59,52.382
646.78,52.388
646.98,52.467
647.18,52.544
647.38,52.513
647.58,52.435
647.78,52.563
647.98,52.51
648.18,52.502
648.38,52.57
648.57,52.695
648.77,52.72
648.97,52.729
649.17,52.791
649.37,52.772
649.57,52.887
649.77,53.008
649.97,52.901
650.16,53.03
650.36,53.063
650.56,53.177
650.76,53.181
650.96,53.061
651.16,52.954
651.36,52.89
651.55,52.79
651.75,52.708
651.95,52.551
652.15,52.569
652.35,52.488
652.55,52.399
652.75,52.409
652.94,52.561
653.14,52.559
653.34,52.55
653.54,52.704
653.74,52.747
653.94,52.767
654.14,52.918
654.33,53.144
654.53,53.263
654.73,53.347
654.93,53.326
655.13,53.342
655.33,53.396
655.52,53.385
655.72,53.394
655.92,53.549
656.12,53.604
656.32,53.768
656.51,53.681
656.71,53.587
656.91,53.512
657.11,53.35
657.31,53.301
657.51,53.331
657.7,53.481
657.9,53.472
658.1,53.479
658.3,53.523
658.5,53.375
658.69,53.371
658.89,53.452
659.09,53.517
659.29,53.583
659.49,53.477
659.68,53.456
659.88,53.383
660.08,53.342
660.28,53.378
660.48,53.285
660.67,53.393
660.87,53.45
661.07,53.444
661.27,53.488
661.47,53.556
661.66,53.661
661.86,53.756
662.06,53.827
662.26,53.815
662.45,53.802
662.65,53.865
662.85,53.72
663.05,53.709
663.24,53.776
663.44,53.753
663.64,53.856
663.84,53.831
664.04,53.906
664.23,53.92
664.43,54.109
664.63,54.256
664.83,54.293
665.02,54.454
665.22,54.285
665.42,54.326
665.62,54.347
665.81,54.435
666.01,54.547
666.21,54.443
666.41,54.349
666.6,54.384
666.8,54.21
667,54.193
667.2,54.228
667.39,54.33
667.59,54.201
667.79,54.277
667.98,54.083
668.18,54.301
668.38,54.314
668.58,54.456
668.77,54.303
668.97,54.471
669.17,54.497
669.37,54.255
669.56,54.277
669.76,54.382
669.96,54.394
670.15,54.498
670.35,54.359
670.55,54.521
670.75,54.539
670.94,54.69
671.14,54.629
671.34,54.611
671.53,54.898
671.73,55.017
671.93,54.929
672.12,54.91
672.32,55.067
672.52,54.969
672.72,54.801
672.91,54.783
673.11,54.798
673.31,54.716
673.5,54.891
673.7,54.791
673.9,54.63
674.09,54.683
674.29,54.669
674.49,54.685
674.68,54.863
674.88,55.034
675.08,55.077
675.27,54.923
675.47,54.953
675.67,54.957
675.86,55.006
676.06,55.153
676.26,55.293
676.45,55.277
676.65,55.171
676.85,54.948
677.04,54.93
677.24,55.163
677.44,55.318
677.63,55.305
677.83,55.029
678.03,55.028
678.22,55.099
678.42,55.138
678.62,55.277
678.81,55.329
679.01,55.571
679.21,55.561
679.4,55.411
679.6,55.416
679.8,55.616
679.99,55.72
680.19,55.814
680.38,55.814
680.58,55.711
680.78,55.578
680.97,55.659
681.17,55.467
681.37,55.421
681.56,55.407
681.76,55.514
681.95,55.336
682.15,55.344
682.35,55.395
682.54,55.405
682.74,55.449
682.94,55.635
683.13,55.419
683.33,55.6
683.52,55.592
683.72,55.418
683.92,55.335
684.11,55.394
684.31,55.463
684.5,55.624
684.7,55.537
684.9,55.594
685.09,55.534
685.29,55.819
685.48,55.613
685.68,55.765
685.88,55.866
686.07,55.8
686.27,55.782
686.46,55.772
686.66,55.6
686.85,55.713
687.05,55.733
687.25,55.667
687.44,55.429
687.64,55.53
687.83,55.499
688.03,55.523
688.22,55.564
688.42,55.572
688.62,55.649
688.81,55.518
689.01,55.453
689.2,55.351
689.4,55.267
689.59,55.289
689.79,55.3
689.98,55.371
690.18,55.416
690.38,55.434
690.57,55.265
690.77,55.11
690.96,55.257
691.16,55.342
691.35,55.412
691.55,55.645
691.74,55.758
691.94,55.746
692.14,55.759
692.33,55.745
692.53,55.741
692.72,56.014
692.92,56.022
693.11,56.049
693.31,55.907
693.5,55.802
693.7,55.835
693.89,55.736
694.09,55.84
694.28,55.772
694.48,55.879
694.67,55.761
694.87,55.717
695.06,55.852
695.26,55.775
695.45,55.914
695.65,56.084
695.84,55.959
696.04,56.177
696.23,56.143
696.43,56.133
696.62,56.134
696.82,56.316
697.01,56.274
697.21,56.261
697.4,56.244
697.6,56.185
697.79,56.106
697.99,55.999
698.18,55.741
698.38,55.597
698.57,55.591
698.77,55.534
698.96,55.444
699.16,55.379
699.35,55.471
699.55,55.526
699.74,55.445
699.94,55.494
700.13,55.548
700.33,55.58
700.52,55.629
700.72,55.655
700.91,55.579
701.11,55.68
701.3,55.836
701.49,55.725
701.69,55.705
701.88,55.894
702.08,55.751
702.27,55.808
702.47,55.846
702.66,56.039
702.86,55.929
703.05,55.92
703.25,55.898
703.44,55.863
703.63,55.813
703.83,55.885
704.02,55.67
704.22,55.758
704.41,55.87
704.61,55.977
704.8,55.763
704.99,56.005
705.19,56.105
705.38,56.156
705.58,55.994
705.77,56.004
705.97,55.912
706.16,56.072
706.35,56.045
706.55,55.972
706.74,55.981
706.94,55.941
707.13,55.862
707.33,55.82
707.52,55.748
707.71,55.727
707.91,55.746
708.1,55.704
708.3,55.647
708.49,55.633
708.68,55.52
708.88,55.536
709.07,55.498
709.27,55.286
709.46,55.309
709.65,55.088
709.85,55.325
710.04,55.361
710.24,55.344
710.43,55.35
710.62,55.32
710.82,55.446
711.01,55.375
711.2,55.407
711.4,55.44
711.59,55.474
711.79,55.619
711.98,55.711
712.17,55.592
712.37,55.678
712.56,55.622
712.75,55.569
712.95,55.445
713.14,55.358
713.34,55.469
713.53,55.647
713.72,55.535
713.92,55.583
714.11,55.331
714.3,55.442
714.5,55.382
714.69,55.273
714.88,55.43
715.08,55.426
715.27,55.557
715.46,55.342
715.66,55.088
715.85,55.107
716.04,55.105
716.24,55.25
716.43,55.31
716.62,55.231
716.82,55.346
717.01,55.193
717.2,55.207
717.4,55.138
717.59,55.287
717.78,55.319
717.98,55.117
718.17,55.002
718.36,54.845
718.56,54.795
718.75,54.796
718.94,54.817
719.14,54.92
719.33,54.933
719.52,54.885
719.72,54.943
719.91,55.04
720.1,55.249
720.29,55.357
720.49,55.284
720.68,55.249
720.87,55.358
721.07,55.328
721.26,55.156
721.45,54.996
721.65,55.014
721.84,55.028
722.03,54.916
722.22,54.899
722.42,54.918
722.61,54.958
722.8,54.866
723,54.817
723.19,54.795
723.38,54.823
723.57,54.979
723.77,54.924
723.96,55.089
724.15,54.95
724.34,54.898
724.54,54.752
724.73,54.902
724.92,54.772
725.12,54.762
725.31,54.635
725.5,54.556
725.69,54.552
725.89,54.496
726.08,54.241
726.27,54.48
726.46,54.321
726.66,54.353
726.85,54.197
727.04,54.424
727.23,54.33
727.43,54.461
727.62,54.663
727.81,54.609
728,54.66
728.19,54.666
728.39,54.522
728.58,54.682
728.77,54.579
728.96,54.537
729.16,54.47
729.35,54.561
729.54,54.611
729.73,54.612
729.93,54.482
730.12,54.536
730.31,54.468
730.5,54.494
730.69,54.309
730.89,54.345
731.08,54.368
731.27,54.258
731.46,54.224
731.65,54.122
731.85,54.16
732.04,54.078
732.23,53.941
732.42,54.035
732.61,53.945
732.81,54.197
733,54.193
733.19,54.097
733.38,54.162
733.57,54.201
733.77,54.116
733.96,53.912
734.15,54.135
734.34,54.019
734.53,53.932
734.73,53.95
734.92,53.775
735.11,53.748
735.3,53.784
735.49,53.747
735.68,53.608
735.88,53.817
736.07,53.755
736.26,53.689
736.45,53.666
736.64,53.609
736.83,53.585
737.03,53.675
737.22,53.672
737.41,53.635
737.6,53.687
737.79,53.775
737.98,53.592
738.17,53.745
738.37,53.615
738.56,53.953
738.75,53.832
738.94,53.812
739.13,53.753
739.32,53.657
739.51,53.708
739.71,53.544
739.9,53.563
740.09,53.52
740.28,53.303
740.47,53.494
740.66,53.123
740.85,53.125
741.04,53.183
741.24,52.977
741.43,52.88
741.62,52.746
741.81,52.824
742,52.739
742.19,52.716
742.38,52.837
742.57,52.659
742.77,52.752
742.96,52.962
743.15,53.026
743.34,53.294
743.53,53.439
743.72,53.595
743.91,53.672
744.1,53.663
744.29,53.618
744.48,53.535
744.68,53.546
744.87,53.353
745.06,53.306
745.25,53.218
745.44,53
745.63,53.068
745.82,52.912
746.01,52.818
746.2,52.648
746.39,52.768
746.58,52.78
746.77,52.909
746.97,53.003
747.16,53.017
747.35,52.963
747.54,53.149
747.73,53.092
747.92,53.021
748.11,52.897
748.3,53.169
748.49,52.909
748.68,52.917
748.87,52.714
749.06,52.743
749.25,52.82
749.44,52.751
749.63,52.603
749.82,52.609
750.01,52.823
750.2,53.003
750.4,52.803
750.59,53.109
750.78,53.24
750.97,53.4
751.16,53.557
751.35,53.292
751.54,53.4
751.73,53.465
751.92,53.497
752.11,53.503
752.3,53.365
752.49,53.385
752.68,53.11
752.87,53.004
753.06,52.959
753.25,52.774
753.44,52.936
753.63,52.871
753.82,52.83
754.01,52.692
754.2,52.766
754.39,52.749
754.58,52.811
754.77,52.993
754.96,52.986
755.15,53.055
755.34,53.088
755.53,52.919
755.72,53.037
755.91,53.084
756.1,53.192
756.29,52.849
756.48,52.91
756.67,52.851
756.86,52.688
757.05,52.504
757.24,52.428
757.43,52.446
757.62,52.738
757.81,52.944
758,52.791
758.19,52.534
758.38,52.776
758.57,52.68
758.76,52.473
758.95,52.587
759.14,52.641
759.33,52.68
759.52,52.82
759.7,52.664
759.89,52.435
760.08,52.432
760.27,52.365
760.46,52.32
760.65,52.269
760.84,52.309
761.03,52.405
761.22,52.421
761.41,52.167
761.6,51.949
761.79,51.936
761.98,51.735
762.17,51.819
762.36,51.97
762.55,52.036
762.74,52.042
762.93,52.157
763.11,52.044
763.3,52.18
763.49,52.276
763.68,52.304
763.87,52.26
764.06,52.469
764.25,52.591
764.44,52.618
764.63,52.548
764.82,52.464
765.01,52.509
765.2,52.369
765.38,52.399
765.57,52.568
765.76,52.676
765.95,52.72
766.14,52.571
766.33,52.461
766.52,52.502
766.71,52.436
766.9,52.703
767.09,52.744
767.27,53.07
767.46,53.088
767.65,52.79
767.84,52.809
768.03,52.684
768.22,52.777
768.41,52.638
768.6,52.814
768.78,52.696
768.97,52.747
769.16,52.583
769.35,52.334
769.54,52.124
769.73,52.257
769.92,52.185
770.11,52.314
770.29,52.265
770.48,52.212
770.67,52.075
770.86,52.073
771.05,51.911
771.24,51.864
771.43,52.011
771.61,52.049
771.8,52.076
771.99,52.015
772.18,51.973
772.37,51.83
772.56,51.91
772.75,51.82
772.93,51.842
773.12,51.805
773.31,51.791
773.5,51.696
773.69,51.729
773.88,51.772
774.06,51.795
774.25,51.75
774.44,51.945
774.63,52.024
774.82,52.01
775,51.986
775.19,52.253
775.38,52.365
775.57,52.249
775.76,52.232
775.95,52.26
776.13,52.233
776.32,52.293
776.51,52.16
776.7,52.194
776.89,52.319
777.07,52.416
777.26,52.185
777.45,52.225
777.64,52.114
777.83,52.137
778.01,51.98
778.2,52.017
778.39,52.05
778.58,52.287
778.76,51.997
778.95,51.979
779.14,52.063
779.33,51.876
779.52,51.896
779.7,52.144
779.89,52.146
780.08,52.266
780.27,52.405
780.45,52.206
780.64,52.048
780.83,52.087
781.02,52.231
781.21,52.288
781.39,52.628
781.58,52.458
781.77,52.504
781.96,52.49
782.14,52.378
782.33,52.19
782.52,52.221
782.71,52.129
782.89,52.24
783.08,51.936
783.27,51.809
783.46,51.721
783.64,51.587
783.83,51.496
784.02,51.34
784.2,51.33
784.39,51.258
784.58,51.447
784.77,51.57
784.95,51.557
785.14,51.748
785.33,51.613
785.52,51.471
785.7,51.79
785.89,51.653
786.08,51.849
786.26,52.032
786.45,52.307
786.64,52.168
786.83,52.134
787.01,52.328
787.2,52.202
787.39,52.339
787.57,52.511
787.76,52.372
787.95,52.43
788.13,52.383
788.32,52.448
788.51,52.362
788.7,52.315
788.88,52.202
789.07,52.138
789.26,52.175
789.44,52.091
789.63,51.938
789.82,51.976
790,51.86
790.19,51.807
790.38,51.628
790.56,51.529
790.75,51.759
790.94,51.954
791.12,51.847
791.31,51.918
791.5,52.018
791.68,52.104
791.87,52.22
792.06,52.613
792.24,52.496
792.43,52.289
792.62,52.25
792.8,52.051
792.99,51.83
793.18,51.727
793.36,51.614
793.55,51.326
793.74,51.27
793.92,51.045
794.11,50.622
794.3,50.68
794.48,50.983
794.67,51.079
794.85,51.008
795.04,51.357
795.23,51.353
795.41,51.637
795.6,51.969
795.79,51.818
795.97,51.717
796.16,52.059
796.34,52.001
796.53,51.797
796.72,51.84
796.9,51.695
797.09,51.594
797.28,51.711
797.46,51.491
797.65,51.429
797.83,51.462
798.02,51.511
798.21,51.504
798.39,51.78
798.58,52.102
798.76,51.963
798.95,52.24
799.14,52.033
799.32,52.261
799.51,52.288
799.69,52.299
799.88,52.387
800.06,52.609
800.25,52.337
800.44,52.171
800.62,52.055
800.81,52.253
800.99,52.374
801.18,52.325
801.36,52.293
801.55,52.342
801.74,52.25
801.92,52.368
802.11,52.37
802.29,52.451
802.48,52.487
802.66,52.338
802.85,52.149
803.04,52.041
803.22,52.321
803.41,52.192
803.59,52.185
803.78,52.415
803.96,52.356
804.15,52.614
804.33,52.602
804.52,52.817
804.7,52.799
804.89,52.702
805.08,52.695
805.26,52.596
805.45,52.653
805.63,52.541
805.82,52.38
806,52.478
806.19,52.118
806.37,51.944
806.56,51.735
806.74,51.885
806.93,51.965
807.11,51.959
807.3,51.845
807.48,51.808
807.67,51.76
807.85,51.799
808.04,51.667
808.22,51.744
808.41,51.915
808.59,51.991
808.78,52.145
808.96,52.267
809.15,52.304
809.33,52.468
809.52,52.509
809.7,52.446
809.89,52.463
810.07,52.592
810.26,52.66
810.44,52.681
810.63,52.493
810.81,52.475
811,52.496
811.18,52.453
811.37,52.57
811.55,52.505
811.74,52.571
811.92,52.814
812.11,52.885
812.29,52.971
812.48,53.14
812.66,53.285
812.84,52.986
813.03,52.777
813.21,52.837
813.4,52.815
813.58,52.879
813.77,53.002
813.95,52.75
814.14,52.748
814.32,52.658
814.51,52.541
814.69,52.596
814.87,52.837
815.06,53.094
815.24,52.998
815.43,52.789
815.61,53.107
815.8,52.914
815.98,52.866
816.16,52.796
816.35,52.736
816.53,52.968
816.72,53.04
816.9,52.951
817.09,52.881
817.27,52.928
817.45,53.154
817.64,53.004
817.82,53.287
818.01,53.361
818.19,53.216
818.37,53.124
818.56,52.869
818.74,52.881
818.93,52.922
819.11,52.953
819.29,52.978
819.48,52.898
819.66,52.736
819.85,52.97
820.03,53.156
820.21,53.521
820.4,53.48
820.58,53.79
820.77,53.687
820.95,53.701
821.13,53.898
821.32,53.904
821.5,53.764
821.69,53.585
821.87,53.358
822.05,53.174
822.24,52.981
822.42,53.333
822.6,53.163
822.79,53.176
822.97,53.22
823.15,53.118
823.34,52.877
823.52,52.949
823.71,53.016
823.89,53.116
824.07,52.98
824.26,53.066
824.44,53.245
824.62,53.239
824.81,53.164
824.99,53.3
825.17,53.319
825.36,53.765
825.54,53.797
825.72,53.902
825.91,53.729
826.09,53.933
826.27,53.795
826.46,53.403
826.64,53.401
826.82,53.294
827.01,53.094
827.19,53.159
827.37,53.063
827.56,53.107
827.74,53.32
827.92,53.19
828.1,53.198
828.29,53.26
828.47,53.226
828.65,53.029
828.84,53.301
829.02,53.491
829.2,53.33
829.39,53.103
829.57,52.911
829.75,52.692
829.93,52.903
830.12,52.853
830.3,52.735
830.48,53.038
830.67,53.394
830.85,53.553
831.03,53.406
831.21,53.642
831.4,53.943
831.58,54.243
831.76,54.534
831.95,54.323
832.13,54.405
832.31,54.672
832.49,54.449
832.68,54.256
832.86,54.314
833.04,54.408
833.22,54.263
833.41,54.059
833.59,53.983
833.77,53.878
833.95,54.076
834.14,54.071
834.32,53.938
834.5,54.037
834.68,54.184
834.87,53.683
835.05,53.873
835.23,53.64
835.41,53.586
835.6,53.575
835.78,53.418
835.96,53.524
836.14,53.544
836.33,53.457
836.51,53.245
836.69,53.299
836.87,53.674
837.05,53.521
837.24,53.597
837.42,53.732
837.6,53.906
837.78,53.962
837.97,54.052
838.15,53.789
838.33,53.693
838.51,54.072
838.69,53.891
838.88,53.671
839.06,53.889
839.24,54.105
839.42,54.235
839.6,54.071
839.79,54.087
839.97,53.769
840.15,54.243
840.33,54.565
840.51,54.265
840.7,54.189
840.88,54.063
841.06,53.604
841.24,53.673
841.42,53.528
841.6,53.336
841.79,53.193
841.97,53.289
842.15,52.905
842.33,52.815
842.51,53.043
842.69,53.104
842.88,53.172
843.06,53.251
843.24,53.236
843.42,53.2
843.6,53.563
843.78,53.846
843.97,54.102
844.15,54.3
844.33,54.433
844.51,54.329
844.69,54.317
844.87,54.528
845.05,54.5
845.24,54.212
845.42,54.345
845.6,54.148
845.78,53.823
845.96,53.662
846.14,53.401
846.32,53.433
846.5,53.532
846.69,54.051
846.87,54.069
847.05,54.207
847.23,54.382
847.41,54.431
847.59,54.745
847.77,55.102
847.95,54.74
848.14,55.062
848.32,54.805
848.5,54.639
848.68,54.174
848.86,54.103
849.04,54.413
849.22,54.83
849.4,54.947
849.58,54.728
849.76,54.642
849.94,54.582
850.13,54.538
850.31,54.558
850.49,54.663
850.67,54.775
850.85,54.883
851.03,54.551
851.21,54.286
851.39,53.999
851.57,54.016
851.75,54.072
851.93,54.798
852.11,54.89
852.29,54.913
852.48,54.775
852.66,54.75
852.84,54.838
853.02,54.799
853.2,54.552
853.38,54.773
853.56,54.8
853.74,54.802
853.92,54.591
854.1,54.487
854.28,54.538
854.46,54.78
854.64,54.875
854.82,54.712
855,54.963
855.18,55.034
855.36,54.962
855.54,54.33
855.72,54.322
855.9,54.122
856.08,54.285
856.26,54.53
856.44,54.517
856.63,54.241
856.81,54.464
856.99,54.175
857.17,54.507
857.35,54.414
857.53,54.971
857.71,55.023
857.89,54.809
858.07,54.36
858.25,54.261
858.43,54.223
858.61,54.16
858.79,53.917
858.97,54.022
859.15,53.747
859.33,53.857
859.51,53.609
859.69,53.298
859.87,53.352
860.05,53.904
860.23,53.849
860.41,53.82
860.59,53.98
860.76,54.287
860.94,54.304
861.12,54.388
861.3,54.488
861.48,55.094
861.66,55.095
861.84,55.193
862.02,55.123
862.2,55.238
862.38,55.242
862.56,55.381
862.74,55.049
862.92,55.003
863.1,55.1
863.28,55.304
863.46,54.857
863.64,54.994
863.82,54.985
864,54.631
864.18,54.625
864.36,54.532
864.54,54.578
864.72,54.734
864.89,54.673
865.07,54.424
865.25,53.98
865.43,54.149
865.61,54.184
865.79,54.308
865.97,54.523
866.15,54.118
866.33,54.027
866.51,53.791
866.69,53.416
866.87,53.304
867.05,53.09
867.22,53.315
867.4,53.293
867.58,53.552
867.76,53.645
867.94,53.355
868.12,53.753
868.3,53.961
868.48,53.968
868.66,54.149
868.84,54.486
869.01,54.682
869.19,54.536
869.37,54.404
869.55,54.151
869.73,53.925
869.91,54.464
870.09,54.081
870.27,53.693
870.44,53.661
870.62,53.696
870.8,53.227
870.98,53.314
871.16,53.149
871.34,53.148
871.52,53.335
871.7,53.911
871.87,53.745
872.05,53.969
872.23,54.002
872.41,54.208
872.59,53.859
872.77,54.109
872.95,53.73
873.12,53.667
873.3,53.827
873.48,53.519
873.66,52.898
873.84,52.677
874.02,52.856
874.19,53.176
874.37,53.282
874.55,53.396
874.73,53.604
874.91,54.085
875.09,54.094
875.26,54.075
875.44,53.981
875.62,54.763
875.8,55.002
875.98,54.392
876.16,54.388
876.33,53.932
876.51,54.165
876.69,54.239
876.87,53.796
877.05,54.039
877.22,53.832
877.4,54.222
877.58,53.588
877.76,53.558
877.94,54.087
878.11,53.85
878.29,53.994
878.47,54.001
878.65,53.909
878.83,54.411
879,54.501
879.18,54.635
879.36,54.507
879.54,54.437
879.71,54.31
879.89,54.479
880.07,54.453
880.25,54.534
880.43,54.491
880.6,54.394
880.78,54.398
880.96,54.035
881.14,53.988
881.31,54.238
881.49,54.193
881.67,54.197
881.85,53.78
882.02,54.159
882.2,54.344
882.38,54.379
882.56,54.059
882.73,54.277
882.91,54.668
883.09,54.566
883.27,54.163
883.44,54.425
883.62,54.53
883.8,54.626
883.97,54.074
884.15,53.661
884.33,53.932
884.51,54.024
884.68,53.79
884.86,53.567
885.04,53.807
885.22,53.955
885.39,54.204
885.57,54.177
885.75,54.552
885.92,54.974
886.1,55.372
886.28,55.396
886.46,55.608
886.63,55.679
886.81,55.7
886.99,55.596
887.16,55.53
887.34,55.316
887.52,55.222
887.69,54.977
887.87,54.974
888.05,55.022
888.22,55.017
888.4,55.289
888.58,55.43
888.75,55.294
888.93,55.416
889.11,55.479
889.29,55.246
889.46,55.368
889.64,55.2
889.82,55.241
889.99,54.904
890.17,54.749
890.35,54.467
890.52,54.099
890.7,54.234
890.87,54.085
891.05,53.891
891.23,53.914
891.4,53.756
891.58,53.77
891.76,53.75
891.93,54.22
892.11,54.144
892.29,53.928
892.46,54.036
892.64,54.153
892.82,54.102
892.99,53.978
893.17,53.788
893.34,54.04
893.52,53.913
893.7,53.97
893.87,53.579
894.05,53.678
894.23,53.751
894.4,53.679
894.58,53.636
894.75,53.533
894.93,53.362
895.11,53.604
895.28,53.267
895.46,53.306
895.63,53.32
895.81,53.593
895.99,53.57
896.16,53.595
896.34,53.472
896.51,53.4
896.69,53.226
896.87,53.466
897.04,53.474
897.22,53.607
897.39,53.534
897.57,53.17
897.75,52.525
897.92,52.474
898.1,52.753
898.27,52.611
898.45,52.618
898.62,52.856
898.8,53.113
898.98,53.097
899.15,52.628
899.33,52.775
899.5,52.729
899.68,53.035
899.85,52.766
900.03,52.4
900.2,52.611
900.38,52.527
900.56,52.301
900.73,52.121
900.91,52.067
901.08,52.552
901.26,52.395
901.43,52.584
901.61,52.575
901.78,52.735
901.96,52.71
902.13,52.649
902.31,52.495
902.48,52.569
902.66,52.442
902.84,52.414
903.01,52.16
903.19,52.172
903.36,51.953
903.54,51.897
903.71,51.505
903.89,51.483
904.06,51.476
904.24,51.728
904.41,51.727
904.59,51.83
904.76,51.608
904.94,51.794
905.11,51.781
905.29,51.588
905.46,51.924
905.64,52.258
905.81,52.359
905.99,52.397
906.16,52.491
906.34,52.361
906.51,52.35
906.69,52.333
906.86,52.168
907.04,52.001
907.21,52.44
907.38,52.141
907.56,52.087
907.73,52.174
907.91,51.963
908.08,51.628
908.26,52.039
908.43,52.034
908.61,52.323
908.78,52.485
908.96,52.962
909.13,52.87
909.31,52.712
909.48,53.057
909.65,52.861
909.83,52.858
910,52.822
910.18,52.739
910.35,52.641
910.53,52.635
910.7,52.526
910.87,52.217
911.05,51.926
911.22,51.896
911.4,51.598
911.57,51.504
911.75,51.83
911.92,51.85
912.09,51.767
912.27,51.855
912.44,51.424
912.62,51.509
912.79,51.615
912.97,51.895
913.14,51.872
913.31,51.894
913.49,52.102
913.66,51.908
913.84,52.177
914.01,52.039
914.18,51.997
914.36,52.474
914.53,52.46
914.71,52.324
914.88,52.232
915.05,52.445
915.23,52.47
915.4,52.26
915.57,51.868
915.75,51.41
915.92,51.355
916.1,51.079
916.27,50.672
916.44,50.481
916.62,50.583
916.79,50.474
916.96,50.631
917.14,50.461
917.31,50.123
917.48,50.215
917.66,50.141
917.83,49.846
918.01,50.176
918.18,50.344
918.35,50.101
918.53,49.748
918.7,49.989
918.87,49.957
919.05,50.035
919.22,50.132
919.39,50.409
919.57,50.354
919.74,50.481
919.91,50.309
920.09,50.295
920.26,50.62
920.43,50.748
920.61,50.551
920.78,50.376
920.95,50.338
921.13,50.202
921.3,50.104
921.47,50.301
921.64,50.279
921.82,49.934
921.99,49.595
922.16,49.232
922.34,49.09
922.51,49.248
922.68,49.056
922.86,48.681
923.03,49.381
923.2,49.473
923.37,49.316
923.55,49.57
923.72,49.859
923.89,50.32
924.07,50.688
924.24,50.956
924.41,50.788
924.58,50.967
924.76,51.115
924.93,50.685
925.1,50.423
925.28,50.671
925.45,50.474
925.62,50.329
925.79,49.705
925.97,49.67
926.14,49.34
926.31,48.909
926.48,48.429
926.66,48.108
926.83,47.459
927,47.547
927.17,47.595
927.35,47.184
927.52,47.373
927.69,47.889
927.86,47.322
928.04,47.649
928.21,48.329
928.38,48.598
928.55,48.91
928.73,49.555
928.9,49.252
929.07,48.95
929.24,49.226
929.41,48.964
929.59,48.785
929.76,48.965
929.93,48.68
930.1,48.535
930.27,48.672
930.45,48.397
930.62,48.326
930.79,48.16
930.96,48.088
931.13,48
931.31,48.022
931.48,47.841
931.65,48.027
931.82,48.258
931.99,47.926
932.17,47.916
932.34,48.136
932.51,47.963
932.68,48.051
932.85,48.271
933.03,48.721
933.2,48.709
933.37,48.553
933.54,48.419
933.71,48.286
933.88,48.179
934.06,47.728
934.23,47.604
934.4,47.462
934.57,47.966
934.74,47.827
934.91,47.155
935.09,47.121
935.26,47.278
935.43,47.567
935.6,47.619
935.77,47.737
935.94,47.919
936.11,47.97
936.29,48.649
936.46,48.064
936.63,48.08
936.8,48.694
936.97,48.362
937.14,48.143
937.31,47.837
937.49,47.334
937.66,47.539
937.83,47.945
938,48.146
938.17,47.651
938.34,48.077
938.51,47.356
938.68,47.506
938.85,47.732
939.03,48.466
939.2,48.725
939.37,48.885
939.54,48.603
939.71,48.173
939.88,47.843
940.05,47.732
940.22,47.274
940.39,47.38
940.56,46.232
940.74,46.578
940.91,46.152
941.08,45.404
941.25,45.609
941.42,45.198
941.59,44.904
941.76,44.852
941.93,45.053
942.1,44.777
942.27,45.435
942.44,46.099
942.61,45.805
942.78,45.309
942.95,45.67
943.13,45.731
943.3,46.011
943.47,46.454
943.64,46.285
943.81,45.939
943.98,45.651
944.15,45.192
944.32,45.505
944.49,45.74
944.66,46.311
944.83,46.102
945,45.317
945.17,45.279
945.34,45.28
945.51,46.029
945.68,46.757
945.85,47.348
946.02,47.552
946.19,46.98
946.36,46.456
946.53,46.001
946.7,45.818
946.87,46.488
947.04,46.477
947.21,46.128
947.38,46.15
947.55,45.357
947.72,45.697
947.89,45.488
948.06,45.639
948.23,45.802
948.4,46.294
948.57,47.096
948.74,46.508
948.91,46.173
949.08,45.55
949.25,44.982
949.42,45.522
949.59,45.71
949.76,45.921
949.93,46.156
950.1,46.3
950.27,45.814
950.44,45.41
950.61,45.942
950.78,46.874
950.95,47.436
951.12,47.049
951.29,46.678
951.46,46.034
951.63,45.538
951.8,46.036
951.97,45.841
952.14,45.776
952.31,45.537
952.48,44.738
952.65,43.71
952.82,43.379
952.98,43.637
953.15,43.155
953.32,42.964
953.49,43.485
953.66,42.774
953.83,42.981
954,43.267
954.17,43.552
954.34,43.932
954.51,44.592
954.68,45.668
954.85,46.392
955.02,46.696
955.19,46.743
955.35,46.793
955.52,47.231
955.69,46.733
955.86,46.567
956.03,46.085
956.2,46.664
956.37,46.125
956.54,45.174
956.71,44.123
956.88,44.763
957.04,45.057
957.21,45.587
957.38,44.588
957.55,45.264
957.72,45.393
957.89,45.442
958.06,44.293
958.23,44.416
958.4,44.275
958.56,44.374
958.73,43.428
958.9,43.673
959.07,43.354
959.24,44.021
959.41,43.749
959.58,43.46
959.74,43.931
959.91,44.655
960.08,45.044
960.25,45.629
960.42,45.783
960.59,46.404
960.76,45.982
960.92,45.489
961.09,44.858
961.26,45.22
961.43,45.579
961.6,45.26
961.77,44.965
961.93,44.899
962.1,45.298
962.27,45.125
962.44,44.848
962.61,44.471
962.78,44.891
962.94,45.739
963.11,45.574
963.28,45.017
963.45,44.924
963.62,45.293
963.78,45.405
963.95,45.231
964.12,45.691
964.29,45.418
964.46,45.965
964.62,45.604
964.79,45.447
964.96,44.789
965.13,45.091
965.3,45.672
965.46,45.265
965.63,45.421
965.8,44.914
965.97,44.14
966.14,44.264
966.3,43.724
966.47,43.12
966.64,42.863
966.81,43.436
966.97,42.368
967.14,41.659
967.31,41.619
967.48,41.011
967.65,40.746
967.81,41.282
967.98,41.471
968.15,42.214
968.32,42.397
968.48,42.147
968.65,41.419
968.82,41.833
968.99,42.401
969.15,42.248
969.32,41.706
969.49,41.56
969.65,41.217
969.82,40.972
969.99,39.338
970.16,39.85
970.32,39.513
970.49,40.985
970.66,42.021
970.83,42.551
970.99,42.603
971.16,43.148
971.33,43.076
971.49,43.089
971.66,43.015
971.83,43.794
972,43.387
972.16,42.953
972.33,41.31
972.5,40.519
972.66,39.005
972.83,38.765
973,38.689
973.16,39.112
973.33,38.392
973.5,38.158
973.67,37.845
973.83,37.953
974,38.309
974.17,38.009
974.33,38.578
974.5,39.048
974.67,39.54
974.83,39.535
975,40.246
975.17,40.223
975.33,40.291
975.5,41.541
975.67,41.547
975.83,41.616
976,41.375
976.17,40.362
976.33,40.034
976.5,39.891
976.67,39.608
976.83,38.763
977,39.827
977.16,39.646
977.33,39.215
977.5,39.358
977.66,39.668
977.83,40.428
978,41.262
978.16,41.271
978.33,41.017
978.5,41.598
978.66,42.238
978.83,42.552
978.99,42.853
979.16,42.574
979.33,41.82
979.49,41.283
979.66,41.29
979.82,41.493
979.99,41.232
980.16,40.765
980.32,40.435
980.49,39.254
980.66,38.675
980.82,39.295
980.99,39.492
981.15,39.308
981.32,39.954
981.48,41.339
981.65,40.13
981.82,40.117
981.98,41.515
982.15,40.576
982.31,40.996
982.48,41.479
982.65,40.685
982.81,39.855
982.98,40.975
983.14,40.795
983.31,39.036
983.47,39.343
983.64,39.745
983.8,39.65
983.97,40.452
984.14,40.596
984.3,39.45
984.47,39.439
984.63,40.167
984.8,38.99
984.96,39.133
985.13,38.62
985.29,39.133
985.46,38.56
985.63,37.396
985.79,36.23
985.96,36.22
986.12,36.936
986.29,36.05
986.45,35.583
986.62,36.33
986.78,36.845
986.95,37.09
987.11,36.656
987.28,37.436
987.44,37.544
987.61,39.319
987.77,39.259
987.94,39.032
988.1,40.783
988.27,40.802
988.43,40.937
988.6,40.895
988.76,40.737
988.93,41.392
989.09,40.977
989.26,42.053
989.42,41.517
989.59,39.626
989.75,40.718
989.92,39.594
990.08,38.515
990.25,37.308
990.41,36.427
990.58,37.088
990.74,37.543
990.91,37.278
991.07,37.672
991.23,37.46
991.4,38.898
991.56,38.006
991.73,39.352
991.89,40.301
992.06,41.091
992.22,40.789
992.39,40.394
992.55,39.033
992.72,39.628
992.88,37.737
993.04,37.746
993.21,37.976
993.37,37.862
993.54,37.836
993.7,38.95
993.87,39.185
994.03,39.632
994.19,39.095
994.36,40.073
994.52,38.442
994.69,39.784
994.85,38.553
995.02,36.85
995.18,36.986
995.34,36.548
995.51,35.725
995.67,34.911
995.84,35.37
996,35.783
996.16,33.55
996.33,34.436
996.49,33.503
996.66,34.244
996.82,35.376
996.98,36.266
997.15,36.019
997.31,36.741
997.48,37.975
997.64,40.112
997.8,39.982
997.97,41.325
998.13,41.912
998.29,42.983
998.46,41.887
998.62,42.585
998.79,40.028
998.95,40.133
999.11,40.961
999.28,40.681
999.44,39.07
999.6,40.519
999.77,40.206
999.93,41.439
1000.09,42.535
1000.26,42.585
1000.42,42.768
1000.58,43.144
1000.75,43.131
1000.91,39.755
1001.07,38.934
1001.24,37.511
1001.4,37.88
1001.56,40.013
1001.73,37.865
1001.89,37.961
1002.05,38.932
1002.22,39.68
1002.38,40.691
1002.54,39.297
1002.71,40.489
1002.87,41.771
1003.03,41.901
1003.2,40.208
1003.36,39.337
1003.52,38.51
1003.69,35.717
1003.85,36.753
1004.01,35.888
1004.17,37.321
1004.34,38.684
1004.5,37.963
1004.66,37.004
1004.83,35.135
1004.99,33.116
1005.15,32.428
1005.31,34.138
1005.48,37.118
1005.64,36.5
1005.8,34.728
1005.97,33.291
1006.13,31.014
1006.29,30.519
1006.45,28.054
1006.62,28.871
1006.78,33.419
1006.94,34.563
1007.1,33.712
1007.27,31.951
1007.43,29.785
1007.59,29.077
1007.75,28.102
1007.92,29.509
1008.08,29.862
1008.24,33.16
1008.4,34.22
1008.57,31.028
1008.73,30.035
1008.89,29.582
1009.05,27.815
1009.21,29.237
1009.38,30.721
1009.54,28.971
1009.7,27.85
1009.86,30.673
1010.03,29.811
1010.19,29.965
1010.35,30.703
1010.51,29.93
1010.67,33.209
1010.84,31.634
1011,33.91
1011.16,34.9
1011.32,39.177
1011.48,39.55
1011.65,37.225
1011.81,37.523
1011.97,35.456
1012.13,35.69
1012.29,35.288
1012.46,33.685
1012.62,36.594
1012.78,33.176
1012.94,32.912
1013.1,30.717
1013.27,26.222
1013.43,26.976
1013.59,26.715
1013.75,26.956
1013.91,28.21
1014.07,26.089
1014.24,25.386
1014.4,26.231
1014.56,24.99
1014.72,23.896
1014.88,22.582
1015.04,26.211
1015.2,27.258
1015.37,29.731
1015.53,35.861
1015.69,34.817
1015.85,39.555
1016.01,38.65
1016.17,35.581
1016.33,36.294
1016.5,37.217
1016.66,38.885
1016.82,43.197
1016.98,45.117
1017.14,44.388
1017.3,40.16
1017.46,41.938
1017.62,38.952
1017.79,37.625
1017.95,39.085
1018.11,40.954
1018.27,36.851
1018.43,32.722
1018.59,29.032
1018.75,27.638
1018.91,23.313
1019.07,25.416
1019.23,23.826
1019.4,24.031
1019.56,27.285
1019.72,25.62
1019.88,26.774
1020.04,28.183
1020.2,28.545
1020.36,28.411
1020.52,27.457
1020.68,28.016
1020.84,25.953
1021,25.893
1021.16,23.649
1021.33,19.905
1021.49,21.21
1021.65,17.665
1021.81,20.021
1021.97,23.698
1022.13,23.092
1022.29,27.328
1022.45,26.556
1022.61,24.224
1022.77,19.76
1022.93,24.372
1023.09,27.666
1023.25,28.326
1023.41,33.256
1023.57,27.796
1023.73,23.482
1023.89,23.188
1024.05,16.878
1024.21,18.443
1024.37,25.851
1024.53,28.343
1024.69,21.708
1024.85,23.314
1025.01,26.082
1025.17,23.362
1025.33,24.476
1025.49,33.507
1025.65,29.408
1025.81,31.527
1025.97,28.846
1026.13,23.111
1026.29,20.048
1026.45,24.56
1026.61,22.328
1026.77,18.919
1026.93,22.382
1027.09,23.1
1027.25,12.637
1027.41,18.504
1027.57,8.857
1027.73,22.144
1027.89,23.755
1028.05,32.708
1028.21,26.787
1028.37,22.288
1028.53,23.256
1028.69,21.516
1028.85,19.969
1029.01,28.063
1029.17,30.273
1029.33,43.009
1029.49,44.081
1029.65,53.7
1029.81,56.801
1029.97,67.903
1030.13,69.776
1030.29,86.111
1030.45,77.33
1030.61,81.156
1030.77,60.057
1030.92,50.045
1031.08,39.289
1031.24,34.064
1031.4,26.262
1031.56,16.862
1031.72,18.673
1031.88,30.794
1032.04,27.6
1032.2,27.391
1032.36,25.536
1032.52,23.968
1032.68,35.179
1032.84,28.438
1032.99,20
1033.15,29.884
1033.31,24.408
1033.47,16.158
1033.63,9.428
1033.79,5.556
1033.95,-3.213
1034.11,-1.535
1034.27,8.501
1034.43,16.845
1034.58,19.138
1034.74,22.343
1034.9,21.02
1035.06,27.941
1035.22,32.943
1035.38,29.65
1035.54,38.031
1035.7,47.637
1035.85,44.106
1036.01,34.778
1036.17,35.686
1036.33,38.34
1036.49,38.787
1036.65,29.052
1036.81,34.122
1036.96,40.307
1037.12,38.521
1037.28,27.598
1037.44,28.889
1037.6,12.674
1037.76,14.732
1037.91,1.426
1038.07,16.501
1038.23,7.916
1038.39,5.357
1038.55,5.587
1038.71,-3.39
1038.86,11.39
1039.02,20.492
1039.18,29.678
1039.34,40.684
1039.5,32.653
1039.66,36.086
1039.81,29.462
1039.97,36.18
1040.13,28.729
1040.29,29.268
1040.45,26.527
1040.6,24.311
1040.76,24.283
1040.92,27.049
1041.08,27.353
1041.24,37.327
1041.39,38.042
1041.55,38.452
1041.71,44.027
1041.87,54.567
1042.02,50.575
1042.18,62.745
1042.34,55.556
1042.5,33.582
1042.66,-1133.333
