345.44,-73.333
345.66,-73.333
345.87,-73.333
346.09,35.185
346.31,-29.73
346.53,-186.667
346.74,-3550
346.96,24.286
347.18,42.308
347.4,56.481
347.61,89.344
347.83,134.459
348.05,129.63
348.27,37.209
348.48,2.381
348.7,21.283
348.92,18.769
349.14,-13.333
349.35,-30.27
349.57,-48.993
349.79,-106.78
350.01,-340.323
350.22,-113.636
350.44,-255.882
350.66,-79.091
350.88,72.807
351.09,84.138
351.31,85.892
351.53,50.813
351.74,18.214
351.96,34.286
352.18,26.63
352.4,24.477
352.61,15.146
352.83,2.959
353.05,-7.863
353.27,-3.532
353.48,1.686
353.7,6.229
353.92,12.604
354.13,5.226
354.35,0
354.57,0.277
354.79,-20.588
355,-34.959
355.22,-9.179
355.44,-4.724
355.65,-53.846
355.87,-432.353
356.09,609.524
356.31,1981.818
356.52,-68.627
356.74,-281.132
356.96,-314.286
357.17,966.667
357.39,119.048
357.61,147.692
357.82,38.889
358.04,155.714
358.26,136.025
358.48,131.746
358.69,114.043
358.91,69.048
359.13,36.77
359.34,21.613
359.56,11.78
359.78,18.045
359.99,18.698
360.21,20.738
360.43,13.941
360.64,1.338
360.86,4.58
361.08,-37.092
361.3,-7.102
361.51,-6.587
361.73,-1.347
361.95,7.469
362.16,-25.6
362.38,21.849
362.6,-44.086
362.81,-21.053
363.03,-16.949
363.25,-38.164
363.46,3.065
363.68,5
363.9,36.676
364.11,48.252
364.33,34.104
364.55,19.652
364.76,9.013
364.98,0
365.2,-19.858
365.41,-33.948
365.63,-47.15
365.85,-53.819
366.06,-89.02
366.28,-142.857
366.5,-189.552
366.71,-169.388
366.93,-82.486
367.15,-73.968
367.36,-47.978
367.58,-55.388
367.8,-29.457
368.01,-36.075
368.23,-46.819
368.44,-17.234
368.66,-0.589
368.88,0.996
369.09,13.73
369.31,24.129
369.53,31.64
369.74,40.21
369.96,47.716
370.18,52.257
370.39,74.667
370.61,64.706
370.83,71.75
371.04,83.857
371.26,78.396
371.47,73.876
371.69,73.81
371.91,65.795
372.12,62.797
372.34,64.773
372.56,65.278
372.77,44.844
372.99,83.792
373.2,49.719
373.42,45.354
373.64,43.358
373.85,32.461
374.07,11.817
374.29,12.676
374.5,12.943
374.72,13.837
374.93,21.592
375.15,23.346
375.37,10.456
375.58,31.62
375.8,27.909
376.01,28.877
376.23,30.827
376.45,41.265
376.66,34.483
376.88,39.98
377.09,33.081
377.31,22.029
377.53,18.398
377.74,15.991
377.96,12.215
378.17,13.341
378.39,0.78
378.61,10.405
378.82,-3.177
379.04,10.685
379.25,-6.199
379.47,-7.229
379.69,15.274
379.9,21.244
380.12,22.222
380.33,-0.204
380.55,-28.322
380.77,-26.316
380.98,-26.277
381.2,-12.956
381.41,-11.36
381.63,-14.286
381.84,6.893
382.06,2.812
382.28,11.239
382.49,7.677
382.71,10.973
382.92,29.33
383.14,32.038
383.35,25.902
383.57,25.784
383.79,36.799
384,41.277
384.22,46.037
384.43,44.704
384.65,39.434
384.86,45.563
385.08,48.804
385.3,48.51
385.51,54.682
385.73,58.553
385.94,59.248
386.16,50.642
386.37,48.171
386.59,40.214
386.8,40.453
387.02,41.745
387.24,35.072
387.45,29.853
387.67,21.684
387.88,16.174
388.1,8.703
388.31,5.726
388.53,17.08
388.74,21.076
388.96,29.872
389.17,32.737
389.39,34.671
389.6,38.81
389.82,42.604
390.04,49.714
390.25,49.596
390.47,49.753
390.68,53.914
390.9,48.827
391.11,53.741
391.33,48.414
391.54,47.216
391.76,46.517
391.97,47.011
392.19,47.524
392.4,43.447
392.62,40.649
392.83,40.286
393.05,42.865
393.26,50.922
393.48,48.591
393.69,52.673
393.91,53.597
394.13,57.534
394.34,56.841
394.56,57.214
394.77,56.368
394.99,57.881
395.2,57.734
395.42,56.554
395.63,57.12
395.85,57.069
396.06,58.285
396.28,56.299
396.49,54.644
396.71,53.34
396.92,52.935
397.14,53.838
397.35,54.273
397.57,52.863
397.78,51.565
398,49.369
398.21,46.707
398.43,45.241
398.64,46.671
398.86,47.453
399.07,49.811
399.29,49.774
399.5,48.226
399.71,49.249
399.93,51.878
400.14,52.457
400.36,53.819
400.57,56.561
400.79,56.923
401,59.026
401.22,60.576
401.43,60.672
401.65,62.112
401.86,61.852
402.08,60.162
402.29,61.134
402.51,61.067
402.72,58.349
402.94,58.527
403.15,56.926
403.37,55.733
403.58,56.344
403.79,55.578
404.01,55.717
404.22,57.334
404.44,58.36
404.65,56.565
404.87,56.604
405.08,60.157
405.3,59.593
405.51,62.246
405.73,65.015
405.94,63.884
406.15,65.646
406.37,62.928
406.58,63.787
406.8,62.191
407.01,63.638
407.23,64.843
407.44,64.551
407.66,67.532
407.87,66.316
408.08,64.692
408.3,63.446
408.51,62.774
408.73,64.301
408.94,63.516
409.16,67.647
409.37,66.591
409.59,66.309
409.8,66.481
410.01,64.575
410.23,63.584
410.44,62.941
410.66,64.122
410.87,64.482
411.09,65.446
411.3,66.145
411.51,63.988
411.73,67.453
411.94,66.925
412.16,67.597
412.37,67.232
412.58,67.07
412.8,67.446
413.01,67.526
413.23,67.61
413.44,66.825
413.66,66.705
413.87,67.265
414.08,65.495
414.3,66.68
414.51,65.986
414.73,66.453
414.94,67.366
415.15,67.065
415.37,66.412
415.58,66.301
415.8,66.978
416.01,67.42
416.22,67.908
416.44,66.169
416.65,65.732
416.87,66.083
417.08,66.722
417.29,65.731
417.51,66.443
417.72,67.311
417.93,66.58
418.15,65.328
418.36,64.661
418.58,64.194
418.79,66.089
419,66.5
419.22,64.611
419.43,63.548
419.65,64.3
419.86,63.716
420.07,63.335
420.29,63.464
420.5,64.592
420.71,65.457
420.93,64.147
421.14,63.895
421.35,64.17
421.57,65.346
421.78,65.573
422,66.293
422.21,66.002
422.42,65.978
422.64,65.425
422.85,64.405
423.06,63.052
423.28,63.727
423.49,62.982
423.7,62.066
423.92,62.189
424.13,62.268
424.35,62.288
424.56,62.603
424.77,62.232
424.99,62.787
425.2,62.944
425.41,62.392
425.63,62.222
425.84,62.445
426.05,62.5
426.27,62.51
426.48,62.199
426.69,61.549
426.91,61.274
427.12,61.394
427.33,61.482
427.55,61.272
427.76,62.342
427.97,62.233
428.19,61.934
428.4,62.301
428.61,61.58
428.83,62.237
429.04,62.299
429.25,62.098
429.47,61.673
429.68,61.147
429.89,61.141
430.11,60.383
430.32,60.743
430.53,60.83
430.74,60.644
430.96,60.532
431.17,59.964
431.38,59.762
431.6,60.189
431.81,60.277
432.02,60.192
432.24,60.231
432.45,60.466
432.66,60.498
432.88,60.203
433.09,59.646
433.3,59.512
433.51,59.139
433.73,58.91
433.94,58.398
434.15,58.142
434.37,58.213
434.58,57.985
434.79,58.006
435.01,58.45
435.22,58.829
435.43,58.924
435.64,59.572
435.86,59.854
436.07,59.986
436.28,60.401
436.5,60.156
436.71,60.501
436.92,60.979
437.13,61.335
437.35,60.695
437.56,60.731
437.77,61.203
437.98,61.027
438.2,61.339
438.41,61.75
438.62,61.593
438.84,62.403
439.05,62.341
439.26,62.459
439.47,62.044
439.69,62.058
439.9,61.646
440.11,61.668
440.32,61.986
440.54,62.211
440.75,61.981
440.96,62.144
441.17,61.951
441.39,62.5
441.6,62.533
441.81,62.684
442.02,63.267
442.24,63.546
442.45,63.108
442.66,62.998
442.87,62.87
443.09,63.016
443.3,63.255
443.51,63.678
443.72,63.687
443.94,63.333
444.15,63.716
444.36,63.856
444.57,64.085
444.79,64.177
445,64.284
445.21,64.592
445.42,64.824
445.64,65.217
445.85,64.804
446.06,64.648
446.27,65.377
446.48,65.995
446.7,65.586
446.91,65.727
447.12,66.411
447.33,66.844
447.55,66.721
447.76,66.646
447.97,66.487
448.18,67.062
448.39,67.232
448.61,67.271
448.82,66.964
449.03,67.265
449.24,67.378
449.46,67.086
449.67,67.026
449.88,67.155
450.09,67.583
450.3,67.795
450.52,67.742
450.73,67.767
450.94,68.131
451.15,68.046
451.36,68.235
451.58,68.643
451.79,69.091
452,69.411
452.21,69.324
452.42,69.152
452.64,69.242
452.85,69.705
453.06,69.972
453.27,69.978
453.48,70.541
453.69,70.562
453.91,70.382
454.12,70.634
454.33,70.416
454.54,70.776
454.75,70.953
454.97,71.1
455.18,70.925
455.39,71.095
455.6,70.945
455.81,70.76
456.02,70.986
456.24,71.134
456.45,70.876
456.66,70.891
456.87,70.969
457.08,71.082
457.29,70.998
457.51,71.5
457.72,71.758
457.93,72.036
458.14,72.066
458.35,72.039
458.56,72.349
458.78,72.574
458.99,72.905
459.2,73.274
459.41,73.461
459.62,73.935
459.83,73.52
460.04,73.568
460.26,73.56
460.47,73.902
460.68,74.473
460.89,74.635
461.1,74.679
461.31,74.804
461.52,74.739
461.74,75.056
461.95,74.796
462.16,75.058
462.37,75.184
462.58,75.473
462.79,75.298
463,75.163
463.22,75.015
463.43,75.211
463.64,75.249
463.85,75.335
464.06,75.035
464.27,75.222
464.48,75.596
464.69,75.188
464.91,75.286
465.12,75.387
465.33,75.384
465.54,75.689
465.75,75.562
465.96,75.55
466.17,75.706
466.38,76.066
466.59,76.099
466.81,75.979
467.02,76.331
467.23,76.254
467.44,76.612
467.65,76.885
467.86,76.808
468.07,77.052
468.28,76.896
468.49,76.826
468.7,76.825
468.92,76.894
469.13,76.881
469.34,76.827
469.55,76.692
469.76,76.433
469.97,76.229
470.18,76.371
470.39,76.494
470.6,76.504
470.81,76.477
471.02,76.537
471.24,76.496
471.45,76.656
471.66,76.546
471.87,76.689
472.08,76.683
472.29,76.6
472.5,76.608
472.71,76.387
472.92,76.541
473.13,76.399
473.34,76.023
473.55,76.122
473.76,76.086
473.98,76.197
474.19,76.193
474.4,76.28
474.61,76.556
474.82,76.276
475.03,76.445
475.24,76.212
475.45,76.2
475.66,76.5
475.87,76.47
476.08,76.095
476.29,76.069
476.5,75.844
476.71,75.829
476.92,75.794
477.13,75.852
477.34,75.852
477.55,75.923
477.76,75.944
477.98,75.75
478.19,75.433
478.4,75.447
478.61,75.251
478.82,75.322
479.03,75.218
479.24,75.02
479.45,74.866
479.66,74.594
479.87,74.634
480.08,74.395
480.29,74.452
480.5,74.513
480.71,74.439
480.92,74.298
481.13,74.22
481.34,74.051
481.55,73.874
481.76,73.658
481.97,73.636
482.18,73.522
482.39,73.495
482.6,73.394
482.81,73.276
483.02,73.341
483.23,73.45
483.44,73.324
483.65,73.274
483.86,73.128
484.07,73.239
484.28,73.067
484.49,73.089
484.7,73.012
484.91,72.645
485.12,72.636
485.33,72.522
485.54,72.468
485.75,72.435
485.96,72.271
486.17,72.288
486.38,72.172
486.59,72.156
486.8,71.798
487.01,71.754
487.22,71.757
487.43,71.606
487.64,71.346
487.85,71.188
488.06,71.009
488.27,71.161
488.48,71.045
488.69,70.897
488.9,70.836
489.11,70.869
489.32,70.727
489.53,70.686
489.74,70.505
489.95,70.562
490.16,70.64
490.37,70.501
490.58,70.196
490.79,69.959
491,69.958
491.21,69.869
491.42,69.838
491.63,69.802
491.84,69.708
492.04,69.78
492.25,69.746
492.46,69.554
492.67,69.641
492.88,69.712
493.09,69.715
493.3,69.594
493.51,69.506
493.72,69.463
493.93,69.523
494.14,69.541
494.35,69.447
494.56,69.275
494.77,69.191
494.98,69.084
495.19,68.958
495.4,69.038
495.61,69.101
495.81,69.041
496.02,68.878
496.23,68.804
496.44,68.776
496.65,68.852
496.86,68.942
497.07,68.961
497.28,68.973
497.49,68.986
497.7,68.893
497.91,68.851
498.12,68.808
498.33,68.81
498.54,68.809
498.74,68.784
498.95,68.737
499.16,68.69
499.37,68.711
499.58,68.736
499.79,68.679
500,68.775
500.21,68.733
500.42,68.751
500.63,68.751
500.84,68.663
501.04,68.667
501.25,68.532
501.46,68.447
501.67,68.323
501.88,68.197
502.09,68.284
502.3,68.314
502.51,68.353
502.72,68.314
502.92,68.318
503.13,68.239
503.34,68.271
503.55,68.328
503.76,68.483
503.97,68.57
504.18,68.665
504.39,68.623
504.6,68.606
504.8,68.473
505.01,68.485
505.22,68.525
505.43,68.624
505.64,68.58
505.85,68.686
506.06,68.716
506.27,68.733
506.47,68.582
506.68,68.523
506.89,68.432
507.1,68.575
507.31,68.599
507.52,68.618
507.73,68.566
507.93,68.546
508.14,68.464
508.35,68.409
508.56,68.418
508.77,68.54
508.98,68.57
509.19,68.569
509.39,68.544
509.6,68.698
509.81,68.717
510.02,68.868
510.23,68.992
510.44,68.955
510.64,68.92
510.85,68.875
511.06,68.921
511.27,68.952
511.48,69.018
511.69,69.105
511.9,69.085
512.1,69.117
512.31,69.107
512.52,69.08
512.73,69.296
512.94,69.308
513.14,69.354
513.35,69.502
513.56,69.656
513.77,69.723
513.98,69.746
514.19,69.805
514.39,69.925
514.6,70.038
514.81,70.149
515.02,70.135
515.23,70.356
515.43,70.528
515.64,70.548
515.85,70.622
516.06,70.709
516.27,70.857
516.48,70.958
516.68,70.939
516.89,70.98
517.1,71.037
517.31,71.158
517.52,71.151
517.72,71.142
517.93,71.118
518.14,71.123
518.35,71.203
518.56,71.152
518.76,71.188
518.97,71.261
519.18,71.336
519.39,71.403
519.59,71.344
519.8,71.422
520.01,71.518
520.22,71.621
520.43,71.787
520.63,71.853
520.84,72.012
521.05,72.113
521.26,72.286
521.46,72.347
521.67,72.384
521.88,72.551
522.09,72.697
522.3,72.818
522.5,72.915
522.71,72.923
522.92,72.993
523.13,73.024
523.33,73.06
523.54,73.168
523.75,73.309
523.96,73.383
524.16,73.385
524.37,73.403
524.58,73.501
524.79,73.505
524.99,73.669
525.2,73.841
525.41,73.957
525.62,74.034
525.82,74.094
526.03,74.19
526.24,74.358
526.45,74.583
526.65,74.585
526.86,74.661
527.07,74.868
527.28,74.925
527.48,74.893
527.69,75.032
527.9,75.152
528.1,75.244
528.31,75.255
528.52,75.33
528.73,75.351
528.93,75.539
529.14,75.587
529.35,75.675
529.56,75.713
529.76,75.908
529.97,75.949
530.18,76.081
530.38,76.03
530.59,76.151
530.8,76.23
531.01,76.373
531.21,76.45
531.42,76.483
531.63,76.573
531.83,76.657
532.04,76.702
532.25,76.833
532.46,76.84
532.66,77.025
532.87,77.007
533.08,77.035
533.28,77.002
533.49,77.02
533.7,77.13
533.9,77.182
534.11,77.225
534.32,77.3
534.52,77.316
534.73,77.481
534.94,77.504
535.15,77.622
535.35,77.77
535.56,77.96
535.77,78.086
535.97,78.208
536.18,78.272
536.39,78.345
536.59,78.349
536.8,78.399
537.01,78.427
537.21,78.534
537.42,78.592
537.63,78.618
537.83,78.615
538.04,78.613
538.25,78.631
538.45,78.651
538.66,78.759
538.87,78.794
539.07,78.857
539.28,78.879
539.49,78.855
539.69,78.93
539.9,78.926
540.11,79.001
540.31,79.163
540.52,79.234
540.73,79.295
540.93,79.291
541.14,79.4
541.34,79.507
541.55,79.533
541.76,79.661
541.96,79.682
542.17,79.855
542.38,79.755
542.58,79.759
542.79,79.786
543,79.835
543.2,79.883
543.41,79.873
543.61,79.846
543.82,79.874
544.03,79.912
544.23,79.963
544.44,79.937
544.65,80.077
544.85,80.097
545.06,80.133
545.26,80.241
545.47,80.3
545.68,80.368
545.88,80.356
546.09,80.378
546.3,80.37
546.5,80.382
546.71,80.363
546.91,80.396
547.12,80.443
547.33,80.4
547.53,80.395
547.74,80.35
547.94,80.321
548.15,80.402
548.36,80.431
548.56,80.387
548.77,80.4
548.97,80.484
549.18,80.558
549.39,80.584
549.59,80.71
549.8,80.705
550,80.769
550.21,80.825
550.41,80.782
550.62,80.728
550.83,80.759
551.03,80.745
551.24,80.638
551.44,80.511
551.65,80.386
551.86,80.278
552.06,80.306
552.27,80.279
552.47,80.196
552.68,80.193
552.88,80.253
553.09,80.254
553.3,80.319
553.5,80.411
553.71,80.424
553.91,80.476
554.12,80.567
554.32,80.465
554.53,80.43
554.73,80.484
554.94,80.448
555.15,80.409
555.35,80.406
555.56,80.37
555.76,80.199
555.97,80.222
556.17,80.152
556.38,80.11
556.58,80.129
556.79,80.055
556.99,79.989
557.2,80.013
557.41,80.057
557.61,80.042
557.82,79.945
558.02,79.985
558.23,80.049
558.43,80.049
558.64,79.999
558.84,79.937
559.05,80.014
559.25,79.998
559.46,79.952
559.66,79.767
559.87,79.731
560.07,79.645
560.28,79.624
560.48,79.432
560.69,79.397
560.89,79.331
561.1,79.202
561.3,79.083
561.51,79.008
561.72,78.95
561.92,79.024
562.13,78.907
562.33,78.967
562.54,78.95
562.74,78.909
562.95,78.909
563.15,78.913
563.36,78.884
563.56,78.784
563.77,78.765
563.97,78.695
564.18,78.558
564.38,78.519
564.58,78.35
564.79,78.231
564.99,78.235
565.2,78.17
565.4,78.051
565.61,78.04
565.81,78.112
566.02,78.082
566.22,78.052
566.43,78.026
566.63,77.92
566.84,77.903
567.04,77.871
567.25,77.779
567.45,77.621
567.66,77.62
567.86,77.564
568.07,77.405
568.27,77.285
568.48,77.19
568.68,77.07
568.88,77.107
569.09,77.124
569.29,77.035
569.5,76.967
569.7,76.911
569.91,76.858
570.11,76.729
570.32,76.642
570.52,76.588
570.73,76.473
570.93,76.473
571.13,76.283
571.34,76.238
571.54,76.17
571.75,76.073
571.95,75.993
572.16,75.786
572.36,75.774
572.56,75.769
572.77,75.709
572.97,75.682
573.18,75.615
573.38,75.699
573.59,75.611
573.79,75.53
573.99,75.481
574.2,75.473
574.4,75.465
574.61,75.402
574.81,75.333
575.02,75.271
575.22,75.201
575.42,75.067
575.63,74.918
575.83,74.822
576.04,74.778
576.24,74.658
576.44,74.624
576.65,74.514
576.85,74.489
577.06,74.441
577.26,74.444
577.46,74.439
577.67,74.466
577.87,74.491
578.08,74.39
578.28,74.393
578.48,74.447
578.69,74.321
578.89,74.368
579.1,74.215
579.3,74.155
579.5,74.011
579.71,73.915
579.91,73.809
580.12,73.666
580.32,73.68
580.52,73.545
580.73,73.45
580.93,73.442
581.13,73.307
581.34,73.332
581.54,73.223
581.75,73.164
581.95,73.102
582.15,73.023
582.36,73.017
582.56,72.87
582.76,72.836
582.97,72.841
583.17,72.725
583.38,72.706
583.58,72.596
583.78,72.575
583.99,72.56
584.19,72.472
584.39,72.518
584.6,72.468
584.8,72.438
585,72.325
585.21,72.222
585.41,72.188
585.61,72.104
585.82,72.115
586.02,72.038
586.22,71.939
586.43,71.947
586.63,71.81
586.83,71.687
587.04,71.637
587.24,71.634
587.44,71.523
587.65,71.526
587.85,71.509
588.05,71.432
588.26,71.473
588.46,71.454
588.66,71.355
588.87,71.353
589.07,71.333
589.27,71.375
589.48,71.382
589.68,71.355
589.88,71.191
590.09,71.146
590.29,71.162
590.49,71.111
590.7,71.024
590.9,70.996
591.1,70.837
591.3,70.878
591.51,70.787
591.71,70.694
591.91,70.668
592.12,70.747
592.32,70.726
592.52,70.601
592.73,70.548
592.93,70.539
593.13,70.48
593.33,70.562
593.54,70.453
593.74,70.379
593.94,70.329
594.15,70.307
594.35,70.29
594.55,70.227
594.75,70.272
594.96,70.194
595.16,70.133
595.36,70.123
595.56,70.165
595.77,70.137
595.97,70.165
596.17,70.065
596.38,70.053
596.58,69.992
596.78,69.993
596.98,69.92
597.19,69.922
597.39,69.965
597.59,70.004
597.79,69.918
598,69.895
598.2,69.845
598.4,69.905
598.6,69.852
598.81,69.8
599.01,69.766
599.21,69.792
599.41,69.785
599.62,69.758
599.82,69.641
600.02,69.658
600.22,69.644
600.43,69.638
600.63,69.602
600.83,69.713
601.03,69.722
601.24,69.707
601.44,69.621
601.64,69.604
601.84,69.593
602.04,69.654
602.25,69.583
602.45,69.622
602.65,69.571
602.85,69.613
603.06,69.466
603.26,69.479
603.46,69.459
603.66,69.462
603.86,69.447
604.07,69.492
604.27,69.448
604.47,69.418
604.67,69.459
604.88,69.556
605.08,69.548
605.28,69.565
605.48,69.558
605.68,69.576
605.89,69.571
606.09,69.55
606.29,69.548
606.49,69.593
606.69,69.624
606.9,69.57
607.1,69.498
607.3,69.552
607.5,69.556
607.7,69.569
607.9,69.558
608.11,69.621
608.31,69.63
608.51,69.622
608.71,69.64
608.91,69.636
609.12,69.64
609.32,69.678
609.52,69.691
609.72,69.672
609.92,69.692
610.12,69.685
610.33,69.672
610.53,69.714
610.73,69.659
610.93,69.652
611.13,69.611
611.33,69.58
611.54,69.597
611.74,69.526
611.94,69.572
612.14,69.578
612.34,69.666
612.54,69.688
612.74,69.713
612.95,69.767
613.15,69.749
613.35,69.87
613.55,69.965
613.75,69.968
613.95,70.045
614.15,70.077
614.36,70.122
614.56,70.117
614.76,70.155
614.96,70.175
615.16,70.18
615.36,70.246
615.56,70.269
615.77,70.287
615.97,70.301
616.17,70.341
616.37,70.41
616.57,70.435
616.77,70.443
616.97,70.419
617.17,70.425
617.38,70.443
617.58,70.483
617.78,70.499
617.98,70.495
618.18,70.509
618.38,70.472
618.58,70.526
618.78,70.482
618.98,70.554
619.19,70.636
619.39,70.699
619.59,70.737
619.79,70.741
619.99,70.762
620.19,70.833
620.39,70.892
620.59,71.017
620.79,70.974
620.99,71.096
621.19,71.091
621.4,71.089
621.6,71.098
621.8,71.132
622,71.161
622.2,71.201
622.4,71.176
622.6,71.21
622.8,71.167
623,71.243
623.2,71.178
623.4,71.197
623.6,71.296
623.8,71.351
624.01,71.394
624.21,71.423
624.41,71.476
624.61,71.509
624.81,71.544
625.01,71.577
625.21,71.596
625.41,71.704
625.61,71.706
625.81,71.723
626.01,71.71
626.21,71.759
626.41,71.828
626.61,71.89
626.81,71.963
627.01,71.958
627.21,71.97
627.41,72.016
627.62,72.112
627.82,72.213
628.02,72.228
628.22,72.323
628.42,72.385
628.62,72.446
628.82,72.464
629.02,72.525
629.22,72.657
629.42,72.723
629.62,72.769
629.82,72.801
630.02,72.843
630.22,72.925
630.42,72.978
630.62,72.972
630.82,73.028
631.02,73.121
631.22,73.198
631.42,73.216
631.62,73.286
631.82,73.307
632.02,73.316
632.22,73.369
632.42,73.41
632.62,73.47
632.82,73.571
633.02,73.593
633.22,73.583
633.42,73.592
633.62,73.65
633.82,73.775
634.02,73.828
634.22,73.874
634.42,74.015
634.62,74.095
634.82,74.145
635.02,74.215
635.22,74.272
635.42,74.357
635.62,74.39
635.82,74.383
636.02,74.371
636.22,74.443
636.42,74.464
636.62,74.42
636.82,74.462
637.02,74.414
637.22,74.456
637.42,74.503
637.62,74.498
637.82,74.518
638.02,74.678
638.22,74.769
638.41,74.805
638.61,74.91
638.81,75.007
639.01,75.017
639.21,75.209
639.41,75.241
639.61,75.31
639.81,75.396
640.01,75.552
640.21,75.612
640.41,75.679
640.61,75.852
640.81,75.913
641.01,75.928
641.21,76.004
641.41,75.976
641.61,76.045
641.81,76.058
642.01,76.091
642.2,76.078
642.4,75.994
642.6,76.028
642.8,76.029
643,76.08
643.2,76.131
643.4,76.194
643.6,76.292
643.8,76.343
644,76.485
644.2,76.527
644.4,76.576
644.59,76.68
644.79,76.645
644.99,76.656
645.19,76.667
645.39,76.822
645.59,76.868
645.79,76.832
645.99,76.886
646.19,76.882
646.39,76.943
646.59,76.972
646.78,77.011
646.98,77.161
647.18,77.226
647.38,77.298
647.58,77.201
647.78,77.237
647.98,77.395
648.18,77.462
648.38,77.491
648.57,77.533
648.77,77.694
648.97,77.788
649.17,77.735
649.37,77.766
649.57,77.822
649.77,77.927
649.97,78.052
650.16,78.036
650.36,78.052
650.56,78.151
650.76,78.204
650.96,78.204
651.16,78.236
651.36,78.381
651.55,78.411
651.75,78.435
651.95,78.476
652.15,78.48
652.35,78.526
652.55,78.597
652.75,78.669
652.94,78.728
653.14,78.725
653.34,78.744
653.54,78.822
653.74,78.907
653.94,78.887
654.14,78.99
654.33,78.998
654.53,79.045
654.73,79.067
654.93,78.99
655.13,79.046
655.33,79.12
655.52,79.184
655.72,79.181
655.92,79.158
656.12,79.326
656.32,79.283
656.51,79.31
656.71,79.394
656.91,79.497
657.11,79.586
657.31,79.629
657.51,79.677
657.7,79.756
657.9,79.754
658.1,79.826
658.3,79.798
658.5,79.817
658.69,79.807
658.89,79.855
659.09,79.831
659.29,79.88
659.49,79.945
659.68,79.932
659.88,79.939
660.08,80.019
660.28,80.071
660.48,80.098
660.67,80.187
660.87,80.286
661.07,80.29
661.27,80.319
661.47,80.369
661.66,80.315
661.86,80.4
662.06,80.423
662.26,80.434
662.45,80.486
662.65,80.506
662.85,80.489
663.05,80.451
663.24,80.459
663.44,80.526
663.64,80.463
663.84,80.538
664.04,80.538
664.23,80.536
664.43,80.562
664.63,80.528
664.83,80.612
665.02,80.69
665.22,80.807
665.42,80.805
665.62,80.832
665.81,80.931
666.01,81.007
666.21,81.026
666.41,81.17
666.6,81.176
666.8,81.218
667,81.157
667.2,81.153
667.39,81.185
667.59,81.242
667.79,81.305
667.98,81.365
668.18,81.383
668.38,81.398
668.58,81.28
668.77,81.279
668.97,81.319
669.17,81.379
669.37,81.392
669.56,81.335
669.76,81.368
669.96,81.384
670.15,81.392
670.35,81.318
670.55,81.271
670.75,81.384
670.94,81.424
671.14,81.474
671.34,81.463
671.53,81.484
671.73,81.517
671.93,81.517
672.12,81.475
672.32,81.42
672.52,81.479
672.72,81.539
672.91,81.475
673.11,81.485
673.31,81.497
673.5,81.563
673.7,81.596
673.9,81.549
674.09,81.58
674.29,81.51
674.49,81.584
674.68,81.618
674.88,81.701
675.08,81.739
675.27,81.751
675.47,81.686
675.67,81.615
675.86,81.64
676.06,81.702
676.26,81.696
676.45,81.742
676.65,81.682
676.85,81.609
677.04,81.627
677.24,81.601
677.44,81.586
677.63,81.607
677.83,81.686
678.03,81.628
678.22,81.642
678.42,81.601
678.62,81.645
678.81,81.635
679.01,81.642
679.21,81.585
679.4,81.6
679.6,81.622
679.8,81.646
679.99,81.565
680.19,81.577
680.38,81.583
680.58,81.642
680.78,81.616
680.97,81.651
681.17,81.678
681.37,81.72
681.56,81.739
681.76,81.711
681.95,81.724
682.15,81.794
682.35,81.744
682.54,81.804
682.74,81.716
682.94,81.669
683.13,81.656
683.33,81.651
683.52,81.594
683.72,81.577
683.92,81.574
684.11,81.496
684.31,81.462
684.5,81.443
684.7,81.356
684.9,81.408
685.09,81.41
685.29,81.363
685.48,81.272
685.68,81.272
685.88,81.217
686.07,81.226
686.27,81.18
686.46,81.2
686.66,81.261
686.85,81.216
687.05,81.2
687.25,81.183
687.44,81.134
687.64,81.163
687.83,81.057
688.03,81.031
688.22,80.929
688.42,80.951
688.62,80.886
688.81,80.771
689.01,80.77
689.2,80.719
689.4,80.708
689.59,80.668
689.79,80.719
689.98,80.692
690.18,80.653
690.38,80.695
690.57,80.752
690.77,80.695
690.96,80.778
691.16,80.749
691.35,80.751
691.55,80.79
691.74,80.817
691.94,80.721
692.14,80.796
692.33,80.8
692.53,80.753
692.72,80.634
692.92,80.59
693.11,80.488
693.31,80.445
693.5,80.352
693.7,80.261
693.89,80.28
694.09,80.323
694.28,80.214
694.48,80.271
694.67,80.321
694.87,80.348
695.06,80.405
695.26,80.427
695.45,80.431
695.65,80.452
695.84,80.373
696.04,80.338
696.23,80.323
696.43,80.311
696.62,80.2
696.82,80.098
697.01,80.042
697.21,79.98
697.4,79.957
697.6,79.822
697.79,79.745
697.99,79.798
698.18,79.693
698.38,79.549
698.57,79.513
698.77,79.485
698.96,79.449
699.16,79.409
699.35,79.413
699.55,79.391
699.74,79.471
699.94,79.44
700.13,79.353
700.33,79.293
700.52,79.25
700.72,79.188
700.91,79.187
701.11,79.148
701.3,79.148
701.49,79.082
701.69,78.994
701.88,78.965
702.08,78.997
702.27,78.952
702.47,79.036
702.66,79.036
702.86,79.079
703.05,79.032
703.25,79.061
703.44,79.002
703.63,79.001
703.83,79.04
704.02,79.012
704.22,78.941
704.41,79.019
704.61,78.968
704.8,78.91
704.99,78.798
705.19,78.753
705.38,78.583
705.58,78.477
705.77,78.394
705.97,78.288
706.16,78.216
706.35,78.213
706.55,78.069
706.74,78.004
706.94,77.964
707.13,77.995
707.33,77.972
707.52,77.988
707.71,77.942
707.91,77.881
708.1,77.829
708.3,77.785
708.49,77.688
708.68,77.657
708.88,77.687
709.07,77.699
709.27,77.62
709.46,77.5
709.65,77.487
709.85,77.48
710.04,77.494
710.24,77.462
710.43,77.424
710.62,77.455
710.82,77.506
711.01,77.415
711.2,77.378
711.4,77.353
711.59,77.477
711.79,77.445
711.98,77.44
712.17,77.287
712.37,77.258
712.56,77.228
712.75,77.14
712.95,76.993
713.14,76.941
713.34,76.889
713.53,76.821
713.72,76.705
713.92,76.638
714.11,76.578
714.3,76.611
714.5,76.565
714.69,76.493
714.88,76.461
715.08,76.417
715.27,76.392
715.46,76.292
715.66,76.249
715.85,76.123
716.04,76.13
716.24,76.073
716.43,76.075
716.62,76.044
716.82,75.967
717.01,75.896
717.2,75.887
717.4,75.785
717.59,75.84
717.78,75.826
717.98,75.817
718.17,75.724
718.36,75.653
718.56,75.572
718.75,75.486
718.94,75.45
719.14,75.357
719.33,75.35
719.52,75.288
719.72,75.202
719.91,75.17
720.1,75.184
720.29,75.196
720.49,75.175
720.68,75.208
720.87,75.201
721.07,75.212
721.26,75.199
721.45,75.118
721.65,75.179
721.84,75.147
722.03,75.097
722.22,75.026
722.42,74.937
722.61,74.967
722.8,74.883
723,74.847
723.19,74.83
723.38,74.864
723.57,74.832
723.77,74.72
723.96,74.632
724.15,74.635
724.34,74.617
724.54,74.572
724.73,74.488
724.92,74.436
725.12,74.374
725.31,74.313
725.5,74.231
725.69,74.227
725.89,74.174
726.08,74.271
726.27,74.175
726.46,74.048
726.66,74.016
726.85,73.972
727.04,73.936
727.23,73.902
727.43,73.823
727.62,73.784
727.81,73.756
728,73.697
728.19,73.617
728.39,73.563
728.58,73.565
728.77,73.554
728.96,73.531
729.16,73.438
729.35,73.466
729.54,73.49
729.73,73.454
729.93,73.363
730.12,73.405
730.31,73.289
730.5,73.304
730.69,73.3
730.89,73.26
731.08,73.272
731.27,73.268
731.46,73.168
731.65,73.111
731.85,73.128
732.04,73.076
732.23,73.049
732.42,72.986
732.61,72.884
732.81,72.78
733,72.775
733.19,72.674
733.38,72.591
733.57,72.601
733.77,72.582
733.96,72.499
734.15,72.49
734.34,72.458
734.53,72.468
734.73,72.528
734.92,72.551
735.11,72.497
735.3,72.501
735.49,72.486
735.68,72.461
735.88,72.455
736.07,72.41
736.26,72.412
736.45,72.366
736.64,72.33
736.83,72.194
737.03,72.2
737.22,72.139
737.41,72.111
737.6,72.091
737.79,72.083
737.98,72.054
738.17,72.083
738.37,71.984
738.56,72.021
738.75,71.988
738.94,71.998
739.13,71.927
739.32,71.891
739.51,71.798
739.71,71.848
739.9,71.74
740.09,71.666
740.28,71.601
740.47,71.645
740.66,71.622
740.85,71.623
741.04,71.65
741.24,71.614
741.43,71.575
741.62,71.574
741.81,71.493
742,71.58
742.19,71.573
742.38,71.515
742.57,71.438
742.77,71.369
742.96,71.355
743.15,71.347
743.34,71.41
743.53,71.411
743.72,71.46
743.91,71.492
744.1,71.422
744.29,71.391
744.48,71.395
744.68,71.445
744.87,71.382
745.06,71.34
745.25,71.319
745.44,71.219
745.63,71.17
745.82,71.105
746.01,70.98
746.2,71.009
746.39,70.987
746.58,70.931
746.77,70.83
746.97,70.799
747.16,70.821
747.35,70.724
747.54,70.714
747.73,70.766
747.92,70.761
748.11,70.802
748.3,70.724
748.49,70.74
748.68,70.79
748.87,70.814
749.06,70.818
749.25,70.738
749.44,70.759
749.63,70.743
749.82,70.714
750.01,70.682
750.2,70.665
750.4,70.675
750.59,70.597
750.78,70.596
750.97,70.559
751.16,70.561
751.35,70.589
751.54,70.574
751.73,70.482
751.92,70.477
752.11,70.416
752.3,70.44
752.49,70.326
752.68,70.331
752.87,70.278
753.06,70.216
753.25,70.219
753.44,70.216
753.63,70.208
753.82,70.198
754.01,70.166
754.2,70.161
754.39,70.063
754.58,70.112
754.77,70.07
754.96,70.011
755.15,70.113
755.34,70.127
755.53,70.084
755.72,70.06
755.91,70.118
756.1,70.057
756.29,70.041
756.48,69.998
756.67,69.952
756.86,69.976
757.05,70.021
757.24,69.938
757.43,69.881
757.62,69.86
757.81,69.804
758,69.759
758.19,69.743
758.38,69.84
758.57,69.91
758.76,69.964
758.95,69.946
759.14,69.919
759.33,69.903
759.52,69.924
759.7,69.912
759.89,69.967
760.08,69.994
760.27,69.982
760.46,69.978
760.65,69.938
760.84,69.902
761.03,69.888
761.22,69.804
761.41,69.791
761.6,69.749
761.79,69.747
761.98,69.718
762.17,69.671
762.36,69.703
762.55,69.577
762.74,69.599
762.93,69.668
763.11,69.633
763.3,69.671
763.49,69.689
763.68,69.672
763.87,69.644
764.06,69.674
764.25,69.758
764.44,69.752
764.63,69.79
764.82,69.744
765.01,69.758
765.2,69.844
765.38,69.82
765.57,69.797
765.76,69.777
765.95,69.794
766.14,69.745
766.33,69.736
766.52,69.71
766.71,69.684
766.9,69.716
767.09,69.623
767.27,69.465
767.46,69.487
767.65,69.441
767.84,69.424
768.03,69.428
768.22,69.429
768.41,69.328
768.6,69.35
768.78,69.347
768.97,69.238
769.16,69.167
769.35,69.214
769.54,69.242
769.73,69.287
769.92,69.346
770.11,69.33
770.29,69.368
770.48,69.454
770.67,69.454
770.86,69.484
771.05,69.564
771.24,69.624
771.43,69.677
771.61,69.692
771.8,69.676
771.99,69.595
772.18,69.636
772.37,69.532
772.56,69.465
772.75,69.444
772.93,69.404
773.12,69.486
773.31,69.422
773.5,69.412
773.69,69.381
773.88,69.33
774.06,69.313
774.25,69.305
774.44,69.348
774.63,69.397
774.82,69.393
775,69.462
775.19,69.43
775.38,69.512
775.57,69.475
775.76,69.51
775.95,69.524
776.13,69.573
776.32,69.575
776.51,69.714
776.7,69.696
776.89,69.737
777.07,69.68
777.26,69.605
777.45,69.587
777.64,69.607
777.83,69.552
778.01,69.664
778.2,69.656
778.39,69.649
778.58,69.555
778.76,69.539
778.95,69.503
779.14,69.529
779.33,69.559
779.52,69.574
779.7,69.654
779.89,69.737
780.08,69.703
780.27,69.792
780.45,69.813
780.64,69.811
780.83,69.855
781.02,69.941
781.21,69.885
781.39,69.909
781.58,69.837
781.77,69.786
781.96,69.774
782.14,69.784
782.33,69.695
782.52,69.719
782.71,69.74
782.89,69.676
783.08,69.682
783.27,69.805
783.46,69.921
783.64,70.023
783.83,70.055
784.02,70.148
784.2,70.195
784.39,70.32
784.58,70.258
784.77,70.267
784.95,70.361
785.14,70.295
785.33,70.294
785.52,70.217
785.7,70.212
785.89,70.205
786.08,70.127
786.26,70.095
786.45,70.046
786.64,70.065
786.83,70.09
787.01,70.1
787.2,70.139
787.39,70.108
787.57,70.09
787.76,70.149
787.95,70.18
788.13,70.138
788.32,70.211
788.51,70.232
788.7,70.288
788.88,70.261
789.07,70.344
789.26,70.383
789.44,70.448
789.63,70.508
789.82,70.537
790,70.586
790.19,70.615
790.38,70.602
790.56,70.619
790.75,70.58
790.94,70.633
791.12,70.544
791.31,70.507
791.5,70.502
791.68,70.477
791.87,70.374
792.06,70.348
792.24,70.368
792.43,70.38
792.62,70.444
792.8,70.541
792.99,70.605
793.18,70.712
793.36,70.831
793.55,70.812
793.74,70.846
793.92,71.03
794.11,71.101
794.3,71.244
794.48,71.264
794.67,71.229
794.85,71.192
795.04,71.093
795.23,71.039
795.41,70.929
795.6,71.017
795.79,71.089
795.97,71.093
796.16,71.104
796.34,71.068
796.53,71.015
796.72,71.093
796.9,71.141
797.09,71.191
797.28,71.251
797.46,71.388
797.65,71.325
797.83,71.373
798.02,71.363
798.21,71.389
798.39,71.417
798.58,71.542
798.76,71.556
798.95,71.55
799.14,71.64
799.32,71.656
799.51,71.605
799.69,71.678
799.88,71.627
800.06,71.538
800.25,71.502
800.44,71.46
800.62,71.471
800.81,71.462
800.99,71.541
801.18,71.497
801.36,71.511
801.55,71.546
801.74,71.614
801.92,71.722
802.11,71.786
802.29,71.854
802.48,71.922
802.66,71.99
802.85,71.978
803.04,71.973
803.22,71.943
803.41,72.008
803.59,72.044
803.78,71.997
803.96,71.972
804.15,72.063
804.33,72.033
804.52,72.022
804.7,71.975
804.89,72.001
805.08,72.009
805.26,72.077
805.45,72.066
805.63,72.147
805.82,72.21
806,72.263
806.19,72.237
806.37,72.255
806.56,72.348
806.74,72.331
806.93,72.394
807.11,72.402
807.3,72.512
807.48,72.535
807.67,72.5
807.85,72.57
808.04,72.525
808.22,72.505
808.41,72.642
808.59,72.58
808.78,72.554
808.96,72.536
809.15,72.62
809.33,72.658
809.52,72.725
809.7,72.782
809.89,72.858
810.07,72.959
810.26,73.022
810.44,73.028
810.63,73.033
810.81,73.128
811,73.23
811.18,73.302
811.37,73.35
811.55,73.329
811.74,73.415
811.92,73.316
812.11,73.28
812.29,73.38
812.48,73.414
812.66,73.572
812.84,73.658
813.03,73.619
813.21,73.608
813.4,73.548
813.58,73.539
813.77,73.412
813.95,73.541
814.14,73.608
814.32,73.601
814.51,73.599
814.69,73.561
814.87,73.584
815.06,73.626
815.24,73.586
815.43,73.588
815.61,73.641
815.8,73.735
815.98,73.699
816.16,73.723
816.35,73.726
816.53,73.779
816.72,73.809
816.9,73.809
817.09,73.833
817.27,73.761
817.45,73.776
817.64,73.912
817.82,73.902
818.01,73.957
818.19,74.023
818.37,74.007
818.56,73.988
818.74,73.997
818.93,74.031
819.11,74.004
819.29,74.181
819.48,74.32
819.66,74.324
819.85,74.404
820.03,74.395
820.21,74.414
820.4,74.449
820.58,74.481
820.77,74.532
820.95,74.553
821.13,74.635
821.32,74.662
821.5,74.566
821.69,74.498
821.87,74.622
822.05,74.586
822.24,74.48
822.42,74.597
822.6,74.652
822.79,74.676
822.97,74.734
823.15,74.777
823.34,74.834
823.52,74.858
823.71,74.801
823.89,74.673
824.07,74.771
824.26,74.956
824.44,74.865
824.62,74.835
824.81,74.851
824.99,74.856
825.17,74.844
825.36,74.822
825.54,74.934
825.72,75.059
825.91,75.134
826.09,75.187
826.27,75.095
826.46,75.138
826.64,75.159
826.82,75.175
827.01,75.176
827.19,75.215
827.37,75.254
827.56,75.301
827.74,75.336
827.92,75.32
828.1,75.264
828.29,75.377
828.47,75.411
828.65,75.395
828.84,75.38
829.02,75.478
829.2,75.528
829.39,75.59
829.57,75.61
829.75,75.664
829.93,75.72
830.12,75.811
830.3,75.765
830.48,75.791
830.67,75.897
830.85,76.072
831.03,76.059
831.21,76.08
831.4,76.107
831.58,76.124
831.76,76.184
831.95,76.205
832.13,76.181
832.31,76.207
832.49,76.346
832.68,76.387
832.86,76.285
833.04,76.355
833.22,76.393
833.41,76.451
833.59,76.515
833.77,76.453
833.95,76.484
834.14,76.532
834.32,76.625
834.5,76.559
834.68,76.609
834.87,76.673
835.05,76.654
835.23,76.663
835.41,76.674
835.6,76.695
835.78,76.864
835.96,77.052
836.14,77.094
836.33,77.162
836.51,77.263
836.69,77.236
836.87,77.239
837.05,77.249
837.24,77.302
837.42,77.29
837.6,77.25
837.78,77.143
837.97,76.991
838.15,76.9
838.33,76.903
838.51,76.868
838.69,76.89
838.88,76.956
839.06,76.929
839.24,76.906
839.42,76.966
839.6,77.046
839.79,77.078
839.97,77.203
840.15,77.36
840.33,77.391
840.51,77.341
840.7,77.388
840.88,77.391
841.06,77.493
841.24,77.502
841.42,77.53
841.6,77.526
841.79,77.5
841.97,77.552
842.15,77.463
842.33,77.465
842.51,77.568
842.69,77.535
842.88,77.575
843.06,77.525
843.24,77.661
843.42,77.599
843.6,77.599
843.78,77.707
843.97,77.745
844.15,77.993
844.33,77.971
844.51,78.024
844.69,78.073
844.87,78.111
845.05,78.175
845.24,78.092
845.42,78.163
845.6,78.304
845.78,78.321
845.96,78.214
846.14,78.129
846.32,78.212
846.5,78.186
846.69,78.318
846.87,78.414
847.05,78.52
847.23,78.563
847.41,78.572
847.59,78.549
847.77,78.595
847.95,78.681
848.14,78.759
848.32,78.771
848.5,78.935
848.68,78.876
848.86,78.851
849.04,78.927
849.22,79.039
849.4,79.107
849.58,79.155
849.76,79.181
849.94,79.171
850.13,79.119
850.31,79
850.49,78.994
850.67,79.047
850.85,79.085
851.03,79.05
851.21,79.077
851.39,79.135
851.57,79.037
851.75,79.109
851.93,79.146
852.11,79.155
852.29,79.337
852.48,79.344
852.66,79.395
852.84,79.386
853.02,79.388
853.2,79.37
853.38,79.35
853.56,79.423
853.74,79.418
853.92,79.47
854.1,79.475
854.28,79.474
854.46,79.494
854.64,79.377
854.82,79.352
855,79.349
855.18,79.456
855.36,79.486
855.54,79.545
855.72,79.596
855.9,79.554
856.08,79.654
856.26,79.643
856.44,79.571
856.63,79.778
856.81,79.798
856.99,79.762
857.17,79.708
857.35,79.727
857.53,79.717
857.71,79.676
857.89,79.779
858.07,79.702
858.25,79.663
858.43,79.655
858.61,79.547
858.79,79.588
858.97,79.722
859.15,79.74
859.33,79.805
859.51,79.9
859.69,79.894
859.87,79.863
860.05,80.028
860.23,80.129
860.41,80.239
860.59,80.345
860.76,80.349
860.94,80.192
861.12,80.21
861.3,80.071
861.48,80.103
861.66,80.232
861.84,80.297
862.02,80.213
862.2,80.205
862.38,80.245
862.56,80.161
862.74,80.27
862.92,80.358
863.1,80.397
863.28,80.541
863.46,80.447
863.64,80.38
863.82,80.282
864,80.279
864.18,80.309
864.36,80.306
864.54,80.304
864.72,80.233
864.89,80.263
865.07,80.131
865.25,80.096
865.43,80.171
865.61,80.168
865.79,80.359
865.97,80.377
866.15,80.445
866.33,80.421
866.51,80.539
866.69,80.6
866.87,80.722
867.05,80.909
867.22,80.926
867.4,80.973
867.58,81.03
867.76,80.928
867.94,81.024
868.12,81.032
868.3,81.064
868.48,81.202
868.66,81.253
868.84,81.252
869.01,81.246
869.19,81.258
869.37,81.311
869.55,81.32
869.73,81.317
869.91,81.286
870.09,81.204
870.27,81.305
870.44,81.189
870.62,81.267
870.8,81.273
870.98,81.263
871.16,81.29
871.34,81.293
871.52,81.374
871.7,81.45
871.87,81.466
872.05,81.64
872.23,81.555
872.41,81.571
872.59,81.55
872.77,81.522
872.95,81.549
873.12,81.528
873.3,81.424
873.48,81.33
873.66,81.251
873.84,81.285
874.02,81.215
874.19,81.291
874.37,81.197
874.55,81.122
874.73,81.162
874.91,81.091
875.09,81.035
875.26,81.142
875.44,81.145
875.62,81.269
875.8,81.292
875.98,81.177
876.16,81.128
876.33,81.2
876.51,81.304
876.69,81.3
876.87,81.396
877.05,81.515
877.22,81.439
877.4,81.433
877.58,81.268
877.76,81.364
877.94,81.532
878.11,81.555
878.29,81.583
878.47,81.53
878.65,81.575
878.83,81.622
879,81.542
879.18,81.583
879.36,81.685
879.54,81.744
879.71,81.621
879.89,81.664
880.07,81.66
880.25,81.588
880.43,81.596
880.6,81.608
880.78,81.47
880.96,81.583
881.14,81.626
881.31,81.707
881.49,81.77
881.67,81.823
881.85,81.74
882.02,81.643
882.2,81.689
882.38,81.644
882.56,81.616
882.73,81.771
882.91,81.665
883.09,81.614
883.27,81.586
883.44,81.591
883.62,81.538
883.8,81.554
883.97,81.731
884.15,81.745
884.33,81.864
884.51,81.796
884.68,81.729
884.86,81.712
885.04,81.738
885.22,81.643
885.39,81.835
885.57,81.907
885.75,81.879
885.92,81.813
886.1,81.925
886.28,81.814
886.46,81.844
886.63,81.994
886.81,82.086
886.99,82
887.16,82.108
887.34,82
887.52,81.917
887.69,81.902
887.87,82.044
888.05,82.036
888.22,82.069
888.4,82.118
888.58,81.982
888.75,82.027
888.93,82.048
889.11,81.975
889.29,82.02
889.46,82.107
889.64,82.165
889.82,82.043
889.99,82.069
890.17,82.03
890.35,82.061
890.52,82.014
890.7,81.95
890.87,82.018
891.05,82.01
891.23,81.974
891.4,82.057
891.58,82.087
891.76,82.052
891.93,81.976
892.11,82.028
892.29,81.992
892.46,82.037
892.64,82.126
892.82,82.136
892.99,82.199
893.17,82.139
893.34,82.006
893.52,81.983
893.7,81.98
893.87,81.884
894.05,81.932
894.23,81.935
894.4,81.982
894.58,81.936
894.75,81.912
894.93,81.873
895.11,81.936
895.28,82.081
895.46,82.058
895.63,82.203
895.81,82.253
895.99,82.121
896.16,82.067
896.34,81.992
896.51,81.899
896.69,81.916
896.87,81.866
897.04,81.794
897.22,81.719
897.39,81.778
897.57,81.615
897.75,81.682
897.92,81.752
898.1,81.758
898.27,81.714
898.45,81.861
898.62,81.795
898.8,81.74
898.98,81.795
899.15,81.616
899.33,81.451
899.5,81.466
899.68,81.462
899.85,81.36
900.03,81.406
900.2,81.485
900.38,81.487
900.56,81.459
900.73,81.481
900.91,81.47
901.08,81.584
901.26,81.68
901.43,81.696
901.61,81.614
901.78,81.69
901.96,81.646
902.13,81.617
902.31,81.499
902.48,81.479
902.66,81.496
902.84,81.427
903.01,81.466
903.19,81.508
903.36,81.577
903.54,81.603
903.71,81.647
903.89,81.696
904.06,81.771
904.24,81.808
904.41,81.913
904.59,81.867
904.76,81.806
904.94,81.657
905.11,81.577
905.29,81.448
905.46,81.516
905.64,81.457
905.81,81.336
905.99,81.241
906.16,81.261
906.34,81.278
906.51,81.428
906.69,81.565
906.86,81.61
907.04,81.624
907.21,81.633
907.38,81.59
907.56,81.571
907.73,81.66
907.91,81.648
908.08,81.603
908.26,81.528
908.43,81.51
908.61,81.542
908.78,81.638
908.96,81.763
909.13,81.744
909.31,81.687
909.48,81.709
909.65,81.702
909.83,81.699
910,81.719
910.18,81.673
910.35,81.611
910.53,81.533
910.7,81.437
910.87,81.209
911.05,81.172
911.22,81.173
911.4,81.253
911.57,81.114
911.75,81.013
911.92,80.964
912.09,80.908
912.27,80.725
912.44,80.645
912.62,80.67
912.79,80.765
912.97,80.772
913.14,80.702
913.31,80.616
913.49,80.735
913.66,80.773
913.84,80.797
914.01,80.967
914.18,81.146
914.36,81.083
914.53,81.064
914.71,80.978
914.88,81.073
915.05,81.049
915.23,81.102
915.4,81.088
915.57,81.108
915.75,80.994
915.92,80.903
916.1,80.767
916.27,80.875
916.44,80.88
916.62,81.001
916.79,80.961
916.96,81.005
917.14,80.841
917.31,80.751
917.48,80.744
917.66,80.897
917.83,80.953
918.01,81.015
918.18,81.121
918.35,81.136
918.53,81.008
918.7,80.997
918.87,81.062
919.05,81.164
919.22,81.335
919.39,81.36
919.57,81.228
919.74,81.208
919.91,81.183
920.09,81.033
920.26,80.997
920.43,81.008
920.61,80.977
920.78,80.776
920.95,80.736
921.13,80.539
921.3,80.499
921.47,80.561
921.64,80.42
921.82,80.416
921.99,80.406
922.16,80.312
922.34,80.397
922.51,80.36
922.68,80.496
922.86,80.497
923.03,80.494
923.2,80.539
923.37,80.457
923.55,80.484
923.72,80.444
923.89,80.345
924.07,80.416
924.24,80.303
924.41,80.364
924.58,80.339
924.76,80.365
924.93,80.351
925.1,80.22
925.28,80.246
925.45,80.218
925.62,80.223
925.79,80.384
925.97,80.331
926.14,80.295
926.31,80.205
926.48,80.085
926.66,80.022
926.83,80.026
927,80.042
927.17,80.058
927.35,80.018
927.52,79.96
927.69,79.734
927.86,79.75
928.04,79.73
928.21,79.741
928.38,79.81
928.55,79.675
928.73,79.679
928.9,79.666
929.07,79.673
929.24,79.719
929.41,79.667
929.59,79.726
929.76,79.648
929.93,79.74
930.1,79.739
930.27,79.795
930.45,79.945
930.62,80.082
930.79,80.166
930.96,80.146
931.13,80.199
931.31,80.291
931.48,80.457
931.65,80.521
931.82,80.396
931.99,80.281
932.17,80.129
932.34,79.907
932.51,79.754
932.68,79.782
932.85,79.649
933.03,79.539
933.2,79.395
933.37,79.061
933.54,79.002
933.71,79.045
933.88,79.101
934.06,79.195
934.23,79.364
934.4,79.35
934.57,79.313
934.74,79.377
934.91,79.472
935.09,79.556
935.26,79.691
935.43,79.811
935.6,79.857
935.77,79.733
935.94,79.77
936.11,79.659
936.29,79.635
936.46,79.385
936.63,79.542
936.8,79.533
936.97,79.513
937.14,79.474
937.31,79.285
937.49,79.256
937.66,79.338
937.83,79.231
938,79.295
938.17,79.234
938.34,79.375
938.51,79.054
938.68,78.684
938.85,78.768
939.03,78.855
939.2,78.886
939.37,78.754
939.54,78.655
939.71,78.623
939.88,78.532
940.05,78.436
940.22,78.271
940.39,78.208
940.56,78.241
940.74,77.991
940.91,77.839
941.08,77.642
941.25,77.599
941.42,77.621
941.59,77.711
941.76,77.659
941.93,77.747
942.1,77.87
942.27,77.934
942.44,78.164
942.61,78.257
942.78,78.284
942.95,78.447
943.13,78.562
943.3,78.539
943.47,78.471
943.64,78.468
943.81,78.382
943.98,78.327
944.15,78.493
944.32,78.584
944.49,78.627
944.66,78.553
944.83,78.517
945,78.383
945.17,78.254
945.34,78.19
945.51,78.107
945.68,78.108
945.85,78.065
946.02,77.846
946.19,77.571
946.36,77.572
946.53,77.47
946.7,77.298
946.87,77.264
947.04,77.317
947.21,77.168
947.38,77.201
947.55,77.181
947.72,77.192
947.89,77.347
948.06,77.374
948.23,77.358
948.4,77.441
948.57,77.591
948.74,77.815
948.91,77.865
949.08,77.888
949.25,77.954
949.42,77.947
949.59,77.967
949.76,77.695
949.93,77.524
950.1,77.281
950.27,77.38
950.44,77.285
950.61,77.156
950.78,77.255
950.95,77.223
951.12,77.257
951.29,77.151
951.46,76.974
951.63,77.217
951.8,77.481
951.97,77.583
952.14,77.522
952.31,77.351
952.48,77.153
952.65,76.955
952.82,77.083
952.98,76.898
953.15,76.839
953.32,76.864
953.49,76.717
953.66,76.479
953.83,76.531
954,76.424
954.17,76.495
954.34,76.7
954.51,76.721
954.68,76.589
954.85,76.523
955.02,76.765
955.19,76.869
955.35,76.796
955.52,76.839
955.69,76.625
955.86,76.561
956.03,76.446
956.2,76.384
956.37,76.471
956.54,76.457
956.71,76.587
956.88,76.356
957.04,76.243
957.21,76.29
957.38,76.293
957.55,76.294
957.72,76.288
957.89,76.417
958.06,76.253
958.23,76.028
958.4,76.024
958.56,76.027
958.73,76.155
958.9,76.189
959.07,76.184
959.24,76.11
959.41,76.276
959.58,76.363
959.74,76.333
959.91,76.295
960.08,76.321
960.25,76.055
960.42,75.928
960.59,75.716
960.76,75.692
960.92,75.545
961.09,75.705
961.26,75.638
961.43,75.459
961.6,75.532
961.77,75.665
961.93,75.674
962.1,76.114
962.27,76.057
962.44,76.279
962.61,76.286
962.78,76.218
962.94,76.011
963.11,75.811
963.28,76.067
963.45,76.012
963.62,75.831
963.78,75.873
963.95,75.614
964.12,75.661
964.29,75.457
964.46,75.379
964.62,75.439
964.79,75.439
964.96,75.425
965.13,75.446
965.3,75.616
965.46,75.726
965.63,75.583
965.8,75.596
965.97,75.668
966.14,75.817
966.3,75.829
966.47,76.04
966.64,76.124
966.81,76.248
966.97,76.039
967.14,75.968
967.31,75.839
967.48,75.985
967.65,75.952
967.81,75.728
967.98,75.749
968.15,75.795
968.32,75.547
968.48,75.421
968.65,75.227
968.82,75.132
968.99,75.036
969.15,75.185
969.32,75.031
969.49,74.997
969.65,74.987
969.82,74.662
969.99,74.654
970.16,74.538
970.32,74.54
970.49,74.538
970.66,74.473
970.83,74.373
970.99,74.167
971.16,74.047
971.33,74.061
971.49,74.061
971.66,74.108
971.83,73.941
972,74.091
972.16,74.007
972.33,74.126
972.5,74.114
972.66,74.104
972.83,74.151
973,74.298
973.16,73.922
973.33,74.001
973.5,73.932
973.67,73.882
973.83,73.731
974,74.018
974.17,74.031
974.33,73.922
974.5,73.967
974.67,73.916
974.83,73.881
975,74.277
975.17,74.221
975.33,74.292
975.5,74.292
975.67,74.381
975.83,74.014
976,74.019
976.17,74.166
976.33,74.152
976.5,74.186
976.67,74.049
976.83,73.856
977,73.807
977.16,73.83
977.33,73.91
977.5,73.806
977.66,73.906
977.83,73.674
978,73.753
978.16,73.507
978.33,73.241
978.5,73.151
978.66,73.158
978.83,73.222
978.99,73.135
979.16,73.016
979.33,72.877
979.49,72.777
979.66,72.825
979.82,72.754
979.99,72.712
980.16,72.784
980.32,72.857
980.49,72.73
980.66,72.567
980.82,72.666
980.99,72.716
981.15,72.644
981.32,72.688
981.48,72.73
981.65,72.619
981.82,72.812
981.98,72.734
982.15,72.872
982.31,72.981
982.48,72.955
982.65,72.975
982.81,72.644
982.98,72.712
983.14,72.805
983.31,72.879
983.47,72.78
983.64,72.728
983.8,72.733
983.97,72.748
984.14,72.615
984.3,72.615
984.47,72.674
984.63,72.886
984.8,72.963
984.96,72.953
985.13,72.805
985.29,72.99
985.46,72.872
985.63,72.901
985.79,72.707
985.96,72.829
986.12,72.935
986.29,72.575
986.45,72.695
986.62,72.763
986.78,72.828
986.95,72.777
987.11,72.719
987.28,72.784
987.44,72.79
987.61,72.485
987.77,72.318
987.94,72.248
988.1,72.411
988.27,72.289
988.43,72.254
988.6,72.183
988.76,72.287
988.93,72.13
989.09,72.063
989.26,72.003
989.42,72.392
989.59,72.548
989.75,72.776
989.92,72.835
990.08,72.834
990.25,72.604
990.41,72.73
990.58,72.472
990.74,72.585
990.91,72.753
991.07,72.921
991.23,72.753
991.4,72.737
991.56,72.677
991.73,72.472
991.89,72.053
992.06,71.971
992.22,71.319
992.39,71.536
992.55,71.193
992.72,71.149
992.88,70.864
993.04,70.788
993.21,70.763
993.37,70.51
993.54,70.398
993.7,70.547
993.87,70.788
994.03,70.884
994.19,70.748
994.36,70.837
994.52,70.415
994.69,70.423
994.85,70.701
995.02,70.589
995.18,70.431
995.34,70.517
995.51,70.368
995.67,70.255
995.84,70.423
996,70.346
996.16,70.497
996.33,70.485
996.49,70.599
996.66,70.358
996.82,70.371
996.98,70.519
997.15,70.315
997.31,71.052
997.48,70.928
997.64,70.616
997.8,70.775
997.97,70.523
998.13,71.135
998.29,70.862
998.46,70.895
998.62,71.034
998.79,70.756
998.95,70.912
999.11,70.476
999.28,70.592
999.44,71.263
999.6,71.361
999.77,71.534
999.93,71.24
1000.09,71.56
1000.26,71.579
1000.42,71.58
1000.58,71.461
1000.75,71.722
1000.91,71.547
1001.07,71.483
1001.24,71.123
1001.4,70.969
1001.56,71.182
1001.73,70.807
1001.89,70.769
1002.05,70.677
1002.22,70.657
1002.38,70.792
1002.54,70.704
1002.71,70.885
1002.87,70.829
1003.03,70.984
1003.2,70.828
1003.36,70.794
1003.52,70.916
1003.69,71
1003.85,71.191
1004.01,70.626
1004.17,70.807
1004.34,70.442
1004.5,70.395
1004.66,70.967
1004.83,70.491
1004.99,70.863
1005.15,70.59
1005.31,70.539
1005.48,70.245
1005.64,70.328
1005.8,70.305
1005.97,70.45
1006.13,70.827
1006.29,71.043
1006.45,70.329
1006.62,70.411
1006.78,69.825
1006.94,69.818
1007.1,70.036
1007.27,70.425
1007.43,70.285
1007.59,70.758
1007.75,70.895
1007.92,71.169
1008.08,71.27
1008.24,71.27
1008.4,71.637
1008.57,71.657
1008.73,71.908
1008.89,71.686
1009.05,71.35
1009.21,71.538
1009.38,71.784
1009.54,72.011
1009.7,71.46
1009.86,70.707
1010.03,71.006
1010.19,70.976
1010.35,71.638
1010.51,71.365
1010.67,71.333
1010.84,70.904
1011,71.08
1011.16,70.14
1011.32,69.269
1011.48,69.162
1011.65,69.531
1011.81,69.26
1011.97,69.471
1012.13,69.313
1012.29,69.786
1012.46,70.034
1012.62,70.472
1012.78,69.867
1012.94,70.834
1013.1,70.945
1013.27,71.312
1013.43,70.938
1013.59,71.251
1013.75,70.744
1013.91,70.476
1014.07,69.752
1014.24,69.574
1014.4,69.691
1014.56,69.777
1014.72,69.665
1014.88,69.595
1015.04,69.238
1015.2,69.877
1015.37,69.58
1015.53,70
1015.69,69.902
1015.85,70.201
1016.01,70.185
1016.17,70.146
1016.33,70.278
1016.5,70.635
1016.66,71.211
1016.82,71.523
1016.98,71.593
1017.14,71.98
1017.3,71.79
1017.46,71.425
1017.62,71.415
1017.79,72.007
1017.95,71.937
1018.11,72.332
1018.27,71.276
1018.43,71.192
1018.59,71.158
1018.75,70.872
1018.91,70.807
1019.07,71.001
1019.23,71.319
1019.4,71.479
1019.56,71.515
1019.72,72.191
1019.88,72.333
1020.04,73.515
1020.2,72.839
1020.36,72.141
1020.52,72.437
1020.68,72.735
1020.84,72.547
1021,73.725
1021.16,73.585
1021.33,73.385
1021.49,72.629
1021.65,72.004
1021.81,71.547
1021.97,72.542
1022.13,72.608
1022.29,72.375
1022.45,71.717
1022.61,71.93
1022.77,71.323
1022.93,71.662
1023.09,71.046
1023.25,71.142
1023.41,71.753
1023.57,72.072
1023.73,72.415
1023.89,73.256
1024.05,73.798
1024.21,74.851
1024.37,73.715
1024.53,73.298
1024.69,73.779
1024.85,73.99
1025.01,73.967
1025.17,72.953
1025.33,72.101
1025.49,71.883
1025.65,71.89
1025.81,71.892
1025.97,71.632
1026.13,73.295
1026.29,74.111
1026.45,73.584
1026.61,72.365
1026.77,74.345
1026.93,75.141
1027.09,75.881
1027.25,76.376
1027.41,76.307
1027.57,76.626
1027.73,75.575
1027.89,75.506
1028.05,74.856
1028.21,74.953
1028.37,78.296
1028.53,77.862
1028.69,77.447
1028.85,76.945
1029.01,76.336
1029.17,76.205
1029.33,75.145
1029.49,75.884
1029.65,76.448
1029.81,77.271
1029.97,77.706
1030.13,76.824
1030.29,75.297
1030.45,75.779
1030.61,75.073
1030.77,75.506
1030.92,75.742
1031.08,76.499
1031.24,76.244
1031.4,73.48
1031.56,72.932
1031.72,73.131
1031.88,71.643
1032.04,72.257
1032.2,73.783
1032.36,75.482
1032.52,75.059
1032.68,75.326
1032.84,76.081
1032.99,78.136
1033.15,80.565
1033.31,80.255
1033.47,81.838
1033.63,83.166
1033.79,84.186
1033.95,80.369
1034.11,81.959
1034.27,81.866
1034.43,83.651
1034.58,84.052
1034.74,84.678
1034.9,82.957
1035.06,82.069
1035.22,80.688
1035.38,81.538
1035.54,82.178
1035.7,84.958
1035.85,82.009
1036.01,82.342
1036.17,81.353
1036.33,81.245
1036.49,78.257
1036.65,80.611
1036.81,83.389
1036.96,83.026
1037.12,81.194
1037.28,79.4
1037.44,79.547
1037.6,82.156
1037.76,80.474
1037.91,81.109
1038.07,81.07
1038.23,81.45
1038.39,80.824
1038.55,78.235
1038.71,76.941
1038.86,77.476
1039.02,76.985
1039.18,76.611
1039.34,74.163
1039.5,74.285
1039.66,73.113
1039.81,73.233
1039.97,74.834
1040.13,75.528
1040.29,78.112
1040.45,79.093
1040.6,78.863
1040.76,80.061
1040.92,80.684
1041.08,81.043
1041.24,84.455
1041.39,84.137
1041.55,83.677
1041.71,84.784
1041.87,80.797
1042.02,92.222
1042.18,77.056
1042.34,91.633
1042.5,103.239
1042.66,59.497
