Record Length,2.500000e+03,,   0.000501500000,  -2.52000,
Sample Interval,2.000000e-09,,   0.000501502000,  -2.56000,
Trigger Point,-2.507500000000e+05,,   0.000501504000,  -2.60000,
,,,   0.000501506000,  -2.56000,
,,,   0.000501508000,  -2.56000,
,,,   0.000501510000,  -2.56000,
Source,CH2,,   0.000501512000,  -2.56000,
Vertical Units,V,,   0.000501514000,  -2.56000,
Vertical Scale,1.000000e+00,,   0.000501516000,  -2.56000,
Vertical Offset,0.000000e+00,,   0.000501518000,  -2.60000,
Horizontal Units,s,,   0.000501520000,  -2.56000,
Horizontal Scale,5.000000e-07,,   0.000501522000,  -2.52000,
Pt Fmt,Y,,   0.000501524000,  -2.56000,
Yzero,0.000000e+00,,   0.000501526000,  -2.52000,
Probe Atten,1.000000e+01,,   0.000501528000,  -2.56000,
Model Number,TDS1012B,,   0.000501530000,  -2.52000,
Serial Number,C055216,,   0.000501532000,  -2.56000,
Firmware Version,FV:v22.16,,   0.000501534000,  -2.52000,
,,,0.000501536000,  -2.56000,
,,,0.000501538000,  -2.56000,
,,,0.000501540000,  -2.60000,
,,,0.000501542000,  -2.56000,
,,,0.000501544000,  -2.52000,
,,,0.000501546000,  -2.52000,
,,,0.000501548000,  -2.60000,
,,,0.000501550000,  -2.60000,
,,,0.000501552000,  -2.52000,
,,,0.000501554000,  -2.52000,
,,,0.000501556000,  -2.56000,
,,,0.000501558000,  -2.56000,
,,,0.000501560000,  -2.56000,
,,,0.000501562000,  -2.56000,
,,,0.000501564000,  -2.56000,
,,,0.000501566000,  -2.56000,
,,,0.000501568000,  -2.52000,
,,,0.000501570000,  -2.60000,
,,,0.000501572000,  -2.48000,
,,,0.000501574000,  -2.52000,
,,,0.000501576000,  -2.52000,
,,,0.000501578000,  -2.56000,
,,,0.000501580000,  -2.60000,
,,,0.000501582000,  -2.56000,
,,,0.000501584000,  -2.56000,
,,,0.000501586000,  -2.52000,
,,,0.000501588000,  -2.56000,
,,,0.000501590000,  -2.56000,
,,,0.000501592000,  -2.52000,
,,,0.000501594000,  -2.56000,
,,,0.000501596000,  -2.52000,
,,,0.000501598000,  -2.52000,
,,,0.000501600000,  -2.56000,
,,,0.000501602000,  -2.52000,
,,,0.000501604000,  -2.56000,
,,,0.000501606000,  -2.56000,
,,,0.000501608000,  -2.56000,
,,,0.000501610000,  -2.56000,
,,,0.000501612000,  -2.48000,
,,,0.000501614000,  -2.52000,
,,,0.000501616000,  -2.52000,
,,,0.000501618000,  -2.48000,
,,,0.000501620000,  -2.60000,
,,,0.000501622000,  -2.52000,
,,,0.000501624000,  -2.52000,
,,,0.000501626000,  -2.48000,
,,,0.000501628000,  -2.48000,
,,,0.000501630000,  -2.52000,
,,,0.000501632000,  -2.52000,
,,,0.000501634000,  -2.52000,
,,,0.000501636000,  -2.56000,
,,,0.000501638000,  -2.52000,
,,,0.000501640000,  -2.52000,
,,,0.000501642000,  -2.52000,
,,,0.000501644000,  -2.52000,
,,,0.000501646000,  -2.48000,
,,,0.000501648000,  -2.56000,
,,,0.000501650000,  -2.52000,
,,,0.000501652000,  -2.56000,
,,,0.000501654000,  -2.52000,
,,,0.000501656000,  -2.56000,
,,,0.000501658000,  -2.52000,
,,,0.000501660000,  -2.52000,
,,,0.000501662000,  -2.52000,
,,,0.000501664000,  -2.52000,
,,,0.000501666000,  -2.52000,
,,,0.000501668000,  -2.52000,
,,,0.000501670000,  -2.52000,
,,,0.000501672000,  -2.48000,
,,,0.000501674000,  -2.52000,
,,,0.000501676000,  -2.52000,
,,,0.000501678000,  -2.52000,
,,,0.000501680000,  -2.48000,
,,,0.000501682000,  -2.56000,
,,,0.000501684000,  -2.52000,
,,,0.000501686000,  -2.52000,
,,,0.000501688000,  -2.48000,
,,,0.000501690000,  -2.52000,
,,,0.000501692000,  -2.52000,
,,,0.000501694000,  -2.52000,
,,,0.000501696000,  -2.48000,
,,,0.000501698000,  -2.48000,
,,,0.000501700000,  -2.52000,
,,,0.000501702000,  -2.52000,
,,,0.000501704000,  -2.48000,
,,,0.000501706000,  -2.48000,
,,,0.000501708000,  -2.52000,
,,,0.000501710000,  -2.52000,
,,,0.000501712000,  -2.52000,
,,,0.000501714000,  -2.48000,
,,,0.000501716000,  -2.56000,
,,,0.000501718000,  -2.48000,
,,,0.000501720000,  -2.52000,
,,,0.000501722000,  -2.48000,
,,,0.000501724000,  -2.44000,
,,,0.000501726000,  -2.48000,
,,,0.000501728000,  -2.48000,
,,,0.000501730000,  -2.44000,
,,,0.000501732000,  -2.44000,
,,,0.000501734000,  -2.52000,
,,,0.000501736000,  -2.52000,
,,,0.000501738000,  -2.52000,
,,,0.000501740000,  -2.48000,
,,,0.000501742000,  -2.48000,
,,,0.000501744000,  -2.48000,
,,,0.000501746000,  -2.52000,
,,,0.000501748000,  -2.52000,
,,,0.000501750000,  -2.44000,
,,,0.000501752000,  -2.52000,
,,,0.000501754000,  -2.44000,
,,,0.000501756000,  -2.48000,
,,,0.000501758000,  -2.52000,
,,,0.000501760000,  -2.48000,
,,,0.000501762000,  -2.48000,
,,,0.000501764000,  -2.44000,
,,,0.000501766000,  -2.48000,
,,,0.000501768000,  -2.48000,
,,,0.000501770000,  -2.40000,
,,,0.000501772000,  -2.48000,
,,,0.000501774000,  -2.44000,
,,,0.000501776000,  -2.44000,
,,,0.000501778000,  -2.48000,
,,,0.000501780000,  -2.48000,
,,,0.000501782000,  -2.44000,
,,,0.000501784000,  -2.44000,
,,,0.000501786000,  -2.48000,
,,,0.000501788000,  -2.48000,
,,,0.000501790000,  -2.48000,
,,,0.000501792000,  -2.48000,
,,,0.000501794000,  -2.48000,
,,,0.000501796000,  -2.48000,
,,,0.000501798000,  -2.48000,
,,,0.000501800000,  -2.48000,
,,,0.000501802000,  -2.52000,
,,,0.000501804000,  -2.48000,
,,,0.000501806000,  -2.48000,
,,,0.000501808000,  -2.48000,
,,,0.000501810000,  -2.44000,
,,,0.000501812000,  -2.44000,
,,,0.000501814000,  -2.48000,
,,,0.000501816000,  -2.44000,
,,,0.000501818000,  -2.56000,
,,,0.000501820000,  -2.52000,
,,,0.000501822000,  -2.48000,
,,,0.000501824000,  -2.48000,
,,,0.000501826000,  -2.48000,
,,,0.000501828000,  -2.48000,
,,,0.000501830000,  -2.44000,
,,,0.000501832000,  -2.48000,
,,,0.000501834000,  -2.48000,
,,,0.000501836000,  -2.44000,
,,,0.000501838000,  -2.44000,
,,,0.000501840000,  -2.44000,
,,,0.000501842000,  -2.44000,
,,,0.000501844000,  -2.44000,
,,,0.000501846000,  -2.44000,
,,,0.000501848000,  -2.44000,
,,,0.000501850000,  -2.44000,
,,,0.000501852000,  -2.48000,
,,,0.000501854000,  -2.48000,
,,,0.000501856000,  -2.44000,
,,,0.000501858000,  -2.48000,
,,,0.000501860000,  -2.48000,
,,,0.000501862000,  -2.48000,
,,,0.000501864000,  -2.48000,
,,,0.000501866000,  -2.44000,
,,,0.000501868000,  -2.52000,
,,,0.000501870000,  -2.44000,
,,,0.000501872000,  -2.44000,
,,,0.000501874000,  -2.44000,
,,,0.000501876000,  -2.44000,
,,,0.000501878000,  -2.48000,
,,,0.000501880000,  -2.44000,
,,,0.000501882000,  -2.44000,
,,,0.000501884000,  -2.44000,
,,,0.000501886000,  -2.44000,
,,,0.000501888000,  -2.44000,
,,,0.000501890000,  -2.40000,
,,,0.000501892000,  -2.48000,
,,,0.000501894000,  -2.44000,
,,,0.000501896000,  -2.44000,
,,,0.000501898000,  -2.44000,
,,,0.000501900000,  -2.40000,
,,,0.000501902000,  -2.36000,
,,,0.000501904000,  -2.48000,
,,,0.000501906000,  -2.44000,
,,,0.000501908000,  -2.44000,
,,,0.000501910000,  -2.48000,
,,,0.000501912000,  -2.40000,
,,,0.000501914000,  -2.48000,
,,,0.000501916000,  -2.48000,
,,,0.000501918000,  -2.40000,
,,,0.000501920000,  -2.48000,
,,,0.000501922000,  -2.40000,
,,,0.000501924000,  -2.40000,
,,,0.000501926000,  -2.44000,
,,,0.000501928000,  -2.40000,
,,,0.000501930000,  -2.44000,
,,,0.000501932000,  -2.48000,
,,,0.000501934000,  -2.44000,
,,,0.000501936000,  -2.48000,
,,,0.000501938000,  -2.48000,
,,,0.000501940000,  -2.40000,
,,,0.000501942000,  -2.44000,
,,,0.000501944000,  -2.48000,
,,,0.000501946000,  -2.48000,
,,,0.000501948000,  -2.44000,
,,,0.000501950000,  -2.44000,
,,,0.000501952000,  -2.40000,
,,,0.000501954000,  -2.40000,
,,,0.000501956000,  -2.40000,
,,,0.000501958000,  -2.44000,
,,,0.000501960000,  -2.40000,
,,,0.000501962000,  -2.44000,
,,,0.000501964000,  -2.44000,
,,,0.000501966000,  -2.48000,
,,,0.000501968000,  -2.40000,
,,,0.000501970000,  -2.40000,
,,,0.000501972000,  -2.44000,
,,,0.000501974000,  -2.40000,
,,,0.000501976000,  -2.44000,
,,,0.000501978000,  -2.40000,
,,,0.000501980000,  -2.44000,
,,,0.000501982000,  -2.44000,
,,,0.000501984000,  -2.40000,
,,,0.000501986000,  -2.44000,
,,,0.000501988000,  -2.44000,
,,,0.000501990000,  -2.40000,
,,,0.000501992000,  -2.40000,
,,,0.000501994000,  -2.40000,
,,,0.000501996000,  -2.44000,
,,,0.000501998000,  -2.40000,
,,,0.000502000000,  -2.44000,
,,,0.000502002000,  -2.40000,
,,,0.000502004000,  -2.44000,
,,,0.000502006000,  -2.44000,
,,,0.000502008000,  -2.40000,
,,,0.000502010000,  -2.40000,
,,,0.000502012000,  -2.40000,
,,,0.000502014000,  -2.40000,
,,,0.000502016000,  -2.44000,
,,,0.000502018000,  -2.40000,
,,,0.000502020000,  -2.44000,
,,,0.000502022000,  -2.44000,
,,,0.000502024000,  -2.44000,
,,,0.000502026000,  -2.36000,
,,,0.000502028000,  -2.40000,
,,,0.000502030000,  -2.40000,
,,,0.000502032000,  -2.44000,
,,,0.000502034000,  -2.44000,
,,,0.000502036000,  -2.44000,
,,,0.000502038000,  -2.44000,
,,,0.000502040000,  -2.40000,
,,,0.000502042000,  -2.40000,
,,,0.000502044000,  -2.36000,
,,,0.000502046000,  -2.40000,
,,,0.000502048000,  -2.44000,
,,,0.000502050000,  -2.44000,
,,,0.000502052000,  -2.44000,
,,,0.000502054000,  -2.40000,
,,,0.000502056000,  -2.40000,
,,,0.000502058000,  -2.40000,
,,,0.000502060000,  -2.44000,
,,,0.000502062000,  -2.40000,
,,,0.000502064000,  -2.40000,
,,,0.000502066000,  -2.48000,
,,,0.000502068000,  -2.44000,
,,,0.000502070000,  -2.44000,
,,,0.000502072000,  -2.44000,
,,,0.000502074000,  -2.40000,
,,,0.000502076000,  -2.40000,
,,,0.000502078000,  -2.40000,
,,,0.000502080000,  -2.36000,
,,,0.000502082000,  -2.40000,
,,,0.000502084000,  -2.48000,
,,,0.000502086000,  -2.40000,
,,,0.000502088000,  -2.44000,
,,,0.000502090000,  -2.44000,
,,,0.000502092000,  -2.40000,
,,,0.000502094000,  -2.40000,
,,,0.000502096000,  -2.44000,
,,,0.000502098000,  -2.40000,
,,,0.000502100000,  -2.40000,
,,,0.000502102000,  -2.44000,
,,,0.000502104000,  -2.44000,
,,,0.000502106000,  -2.40000,
,,,0.000502108000,  -2.36000,
,,,0.000502110000,  -2.40000,
,,,0.000502112000,  -2.40000,
,,,0.000502114000,  -2.40000,
,,,0.000502116000,  -2.36000,
,,,0.000502118000,  -2.36000,
,,,0.000502120000,  -2.40000,
,,,0.000502122000,  -2.36000,
,,,0.000502124000,  -2.36000,
,,,0.000502126000,  -2.36000,
,,,0.000502128000,  -2.36000,
,,,0.000502130000,  -2.40000,
,,,0.000502132000,  -2.44000,
,,,0.000502134000,  -2.36000,
,,,0.000502136000,  -2.36000,
,,,0.000502138000,  -2.36000,
,,,0.000502140000,  -2.28000,
,,,0.000502142000,  -2.24000,
,,,0.000502144000,  -2.08000,
,,,0.000502146000,  -2.04000,
,,,0.000502148000,  -1.88000,
,,,0.000502150000,  -1.72000,
,,,0.000502152000,  -1.52000,
,,,0.000502154000,  -1.28000,
,,,0.000502156000,  -1.04000,
,,,0.000502158000,  -0.88000,
,,,0.000502160000,  -0.68000,
,,,0.000502162000,  -0.52000,
,,,0.000502164000,  -0.36000,
,,,0.000502166000,  -0.24000,
,,,0.000502168000,  -0.08000,
,,,0.000502170000,   0.00000,
,,,0.000502172000,   0.12000,
,,,0.000502174000,   0.20000,
,,,0.000502176000,   0.32000,
,,,0.000502178000,   0.40000,
,,,0.000502180000,   0.52000,
,,,0.000502182000,   0.64000,
,,,0.000502184000,   0.72000,
,,,0.000502186000,   0.80000,
,,,0.000502188000,   0.88000,
,,,0.000502190000,   0.96000,
,,,0.000502192000,   1.08000,
,,,0.000502194000,   1.16000,
,,,0.000502196000,   1.20000,
,,,0.000502198000,   1.36000,
,,,0.000502200000,   1.36000,
,,,0.000502202000,   1.44000,
,,,0.000502204000,   1.48000,
,,,0.000502206000,   1.52000,
,,,0.000502208000,   1.56000,
,,,0.000502210000,   1.64000,
,,,0.000502212000,   1.68000,
,,,0.000502214000,   1.76000,
,,,0.000502216000,   1.76000,
,,,0.000502218000,   1.80000,
,,,0.000502220000,   1.80000,
,,,0.000502222000,   1.92000,
,,,0.000502224000,   1.92000,
,,,0.000502226000,   2.00000,
,,,0.000502228000,   1.96000,
,,,0.000502230000,   2.04000,
,,,0.000502232000,   2.04000,
,,,0.000502234000,   2.08000,
,,,0.000502236000,   2.12000,
,,,0.000502238000,   2.12000,
,,,0.000502240000,   2.16000,
,,,0.000502242000,   2.16000,
,,,0.000502244000,   2.20000,
,,,0.000502246000,   2.24000,
,,,0.000502248000,   2.24000,
,,,0.000502250000,   2.20000,
,,,0.000502252000,   2.24000,
,,,0.000502254000,   2.28000,
,,,0.000502256000,   2.28000,
,,,0.000502258000,   2.28000,
,,,0.000502260000,   2.36000,
,,,0.000502262000,   2.40000,
,,,0.000502264000,   2.36000,
,,,0.000502266000,   2.36000,
,,,0.000502268000,   2.40000,
,,,0.000502270000,   2.40000,
,,,0.000502272000,   2.40000,
,,,0.000502274000,   2.44000,
,,,0.000502276000,   2.44000,
,,,0.000502278000,   2.40000,
,,,0.000502280000,   2.44000,
,,,0.000502282000,   2.44000,
,,,0.000502284000,   2.48000,
,,,0.000502286000,   2.44000,
,,,0.000502288000,   2.44000,
,,,0.000502290000,   2.48000,
,,,0.000502292000,   2.44000,
,,,0.000502294000,   2.52000,
,,,0.000502296000,   2.52000,
,,,0.000502298000,   2.48000,
,,,0.000502300000,   2.48000,
,,,0.000502302000,   2.56000,
,,,0.000502304000,   2.48000,
,,,0.000502306000,   2.52000,
,,,0.000502308000,   2.56000,
,,,0.000502310000,   2.56000,
,,,0.000502312000,   2.48000,
,,,0.000502314000,   2.56000,
,,,0.000502316000,   2.60000,
,,,0.000502318000,   2.56000,
,,,0.000502320000,   2.56000,
,,,0.000502322000,   2.56000,
,,,0.000502324000,   2.56000,
,,,0.000502326000,   2.52000,
,,,0.000502328000,   2.56000,
,,,0.000502330000,   2.60000,
,,,0.000502332000,   2.60000,
,,,0.000502334000,   2.56000,
,,,0.000502336000,   2.52000,
,,,0.000502338000,   2.56000,
,,,0.000502340000,   2.56000,
,,,0.000502342000,   2.56000,
,,,0.000502344000,   2.56000,
,,,0.000502346000,   2.56000,
,,,0.000502348000,   2.60000,
,,,0.000502350000,   2.56000,
,,,0.000502352000,   2.60000,
,,,0.000502354000,   2.60000,
,,,0.000502356000,   2.56000,
,,,0.000502358000,   2.60000,
,,,0.000502360000,   2.60000,
,,,0.000502362000,   2.52000,
,,,0.000502364000,   2.56000,
,,,0.000502366000,   2.56000,
,,,0.000502368000,   2.64000,
,,,0.000502370000,   2.56000,
,,,0.000502372000,   2.60000,
,,,0.000502374000,   2.56000,
,,,0.000502376000,   2.64000,
,,,0.000502378000,   2.64000,
,,,0.000502380000,   2.56000,
,,,0.000502382000,   2.60000,
,,,0.000502384000,   2.56000,
,,,0.000502386000,   2.64000,
,,,0.000502388000,   2.60000,
,,,0.000502390000,   2.60000,
,,,0.000502392000,   2.60000,
,,,0.000502394000,   2.60000,
,,,0.000502396000,   2.60000,
,,,0.000502398000,   2.60000,
,,,0.000502400000,   2.60000,
,,,0.000502402000,   2.60000,
,,,0.000502404000,   2.60000,
,,,0.000502406000,   2.56000,
,,,0.000502408000,   2.64000,
,,,0.000502410000,   2.60000,
,,,0.000502412000,   2.64000,
,,,0.000502414000,   2.60000,
,,,0.000502416000,   2.56000,
,,,0.000502418000,   2.60000,
,,,0.000502420000,   2.60000,
,,,0.000502422000,   2.64000,
,,,0.000502424000,   2.60000,
,,,0.000502426000,   2.60000,
,,,0.000502428000,   2.60000,
,,,0.000502430000,   2.56000,
,,,0.000502432000,   2.60000,
,,,0.000502434000,   2.56000,
,,,0.000502436000,   2.56000,
,,,0.000502438000,   2.60000,
,,,0.000502440000,   2.60000,
,,,0.000502442000,   2.60000,
,,,0.000502444000,   2.64000,
,,,0.000502446000,   2.64000,
,,,0.000502448000,   2.64000,
,,,0.000502450000,   2.64000,
,,,0.000502452000,   2.60000,
,,,0.000502454000,   2.60000,
,,,0.000502456000,   2.56000,
,,,0.000502458000,   2.64000,
,,,0.000502460000,   2.60000,
,,,0.000502462000,   2.60000,
,,,0.000502464000,   2.56000,
,,,0.000502466000,   2.60000,
,,,0.000502468000,   2.60000,
,,,0.000502470000,   2.52000,
,,,0.000502472000,   2.60000,
,,,0.000502474000,   2.56000,
,,,0.000502476000,   2.60000,
,,,0.000502478000,   2.56000,
,,,0.000502480000,   2.60000,
,,,0.000502482000,   2.60000,
,,,0.000502484000,   2.56000,
,,,0.000502486000,   2.56000,
,,,0.000502488000,   2.60000,
,,,0.000502490000,   2.56000,
,,,0.000502492000,   2.52000,
,,,0.000502494000,   2.56000,
,,,0.000502496000,   2.56000,
,,,0.000502498000,   2.56000,
,,,0.000502500000,   2.60000,
,,,0.000502502000,   2.56000,
,,,0.000502504000,   2.60000,
,,,0.000502506000,   2.56000,
,,,0.000502508000,   2.60000,
,,,0.000502510000,   2.56000,
,,,0.000502512000,   2.60000,
,,,0.000502514000,   2.56000,
,,,0.000502516000,   2.60000,
,,,0.000502518000,   2.56000,
,,,0.000502520000,   2.56000,
,,,0.000502522000,   2.56000,
,,,0.000502524000,   2.60000,
,,,0.000502526000,   2.60000,
,,,0.000502528000,   2.60000,
,,,0.000502530000,   2.60000,
,,,0.000502532000,   2.60000,
,,,0.000502534000,   2.56000,
,,,0.000502536000,   2.56000,
,,,0.000502538000,   2.56000,
,,,0.000502540000,   2.60000,
,,,0.000502542000,   2.52000,
,,,0.000502544000,   2.52000,
,,,0.000502546000,   2.60000,
,,,0.000502548000,   2.56000,
,,,0.000502550000,   2.56000,
,,,0.000502552000,   2.60000,
,,,0.000502554000,   2.60000,
,,,0.000502556000,   2.56000,
,,,0.000502558000,   2.56000,
,,,0.000502560000,   2.56000,
,,,0.000502562000,   2.56000,
,,,0.000502564000,   2.56000,
,,,0.000502566000,   2.56000,
,,,0.000502568000,   2.52000,
,,,0.000502570000,   2.56000,
,,,0.000502572000,   2.60000,
,,,0.000502574000,   2.56000,
,,,0.000502576000,   2.56000,
,,,0.000502578000,   2.56000,
,,,0.000502580000,   2.60000,
,,,0.000502582000,   2.52000,
,,,0.000502584000,   2.56000,
,,,0.000502586000,   2.56000,
,,,0.000502588000,   2.56000,
,,,0.000502590000,   2.52000,
,,,0.000502592000,   2.56000,
,,,0.000502594000,   2.60000,
,,,0.000502596000,   2.52000,
,,,0.000502598000,   2.56000,
,,,0.000502600000,   2.56000,
,,,0.000502602000,   2.56000,
,,,0.000502604000,   2.56000,
,,,0.000502606000,   2.56000,
,,,0.000502608000,   2.56000,
,,,0.000502610000,   2.60000,
,,,0.000502612000,   2.60000,
,,,0.000502614000,   2.60000,
,,,0.000502616000,   2.56000,
,,,0.000502618000,   2.56000,
,,,0.000502620000,   2.52000,
,,,0.000502622000,   2.56000,
,,,0.000502624000,   2.52000,
,,,0.000502626000,   2.56000,
,,,0.000502628000,   2.52000,
,,,0.000502630000,   2.52000,
,,,0.000502632000,   2.56000,
,,,0.000502634000,   2.52000,
,,,0.000502636000,   2.56000,
,,,0.000502638000,   2.56000,
,,,0.000502640000,   2.48000,
,,,0.000502642000,   2.56000,
,,,0.000502644000,   2.52000,
,,,0.000502646000,   2.56000,
,,,0.000502648000,   2.52000,
,,,0.000502650000,   2.60000,
,,,0.000502652000,   2.56000,
,,,0.000502654000,   2.56000,
,,,0.000502656000,   2.56000,
,,,0.000502658000,   2.60000,
,,,0.000502660000,   2.56000,
,,,0.000502662000,   2.56000,
,,,0.000502664000,   2.52000,
,,,0.000502666000,   2.52000,
,,,0.000502668000,   2.52000,
,,,0.000502670000,   2.52000,
,,,0.000502672000,   2.56000,
,,,0.000502674000,   2.48000,
,,,0.000502676000,   2.52000,
,,,0.000502678000,   2.52000,
,,,0.000502680000,   2.52000,
,,,0.000502682000,   2.52000,
,,,0.000502684000,   2.48000,
,,,0.000502686000,   2.52000,
,,,0.000502688000,   2.52000,
,,,0.000502690000,   2.52000,
,,,0.000502692000,   2.52000,
,,,0.000502694000,   2.52000,
,,,0.000502696000,   2.52000,
,,,0.000502698000,   2.52000,
,,,0.000502700000,   2.52000,
,,,0.000502702000,   2.56000,
,,,0.000502704000,   2.52000,
,,,0.000502706000,   2.52000,
,,,0.000502708000,   2.52000,
,,,0.000502710000,   2.52000,
,,,0.000502712000,   2.52000,
,,,0.000502714000,   2.52000,
,,,0.000502716000,   2.52000,
,,,0.000502718000,   2.52000,
,,,0.000502720000,   2.52000,
,,,0.000502722000,   2.48000,
,,,0.000502724000,   2.52000,
,,,0.000502726000,   2.52000,
,,,0.000502728000,   2.52000,
,,,0.000502730000,   2.52000,
,,,0.000502732000,   2.48000,
,,,0.000502734000,   2.52000,
,,,0.000502736000,   2.52000,
,,,0.000502738000,   2.48000,
,,,0.000502740000,   2.52000,
,,,0.000502742000,   2.52000,
,,,0.000502744000,   2.52000,
,,,0.000502746000,   2.44000,
,,,0.000502748000,   2.52000,
,,,0.000502750000,   2.52000,
,,,0.000502752000,   2.48000,
,,,0.000502754000,   2.48000,
,,,0.000502756000,   2.52000,
,,,0.000502758000,   2.44000,
,,,0.000502760000,   2.52000,
,,,0.000502762000,   2.52000,
,,,0.000502764000,   2.48000,
,,,0.000502766000,   2.52000,
,,,0.000502768000,   2.52000,
,,,0.000502770000,   2.48000,
,,,0.000502772000,   2.48000,
,,,0.000502774000,   2.48000,
,,,0.000502776000,   2.44000,
,,,0.000502778000,   2.52000,
,,,0.000502780000,   2.52000,
,,,0.000502782000,   2.52000,
,,,0.000502784000,   2.48000,
,,,0.000502786000,   2.48000,
,,,0.000502788000,   2.48000,
,,,0.000502790000,   2.52000,
,,,0.000502792000,   2.52000,
,,,0.000502794000,   2.48000,
,,,0.000502796000,   2.52000,
,,,0.000502798000,   2.52000,
,,,0.000502800000,   2.48000,
,,,0.000502802000,   2.44000,
,,,0.000502804000,   2.44000,
,,,0.000502806000,   2.44000,
,,,0.000502808000,   2.52000,
,,,0.000502810000,   2.52000,
,,,0.000502812000,   2.52000,
,,,0.000502814000,   2.52000,
,,,0.000502816000,   2.52000,
,,,0.000502818000,   2.60000,
,,,0.000502820000,   2.56000,
,,,0.000502822000,   2.48000,
,,,0.000502824000,   2.52000,
,,,0.000502826000,   2.48000,
,,,0.000502828000,   2.48000,
,,,0.000502830000,   2.48000,
,,,0.000502832000,   2.48000,
,,,0.000502834000,   2.44000,
,,,0.000502836000,   2.48000,
,,,0.000502838000,   2.48000,
,,,0.000502840000,   2.52000,
,,,0.000502842000,   2.44000,
,,,0.000502844000,   2.48000,
,,,0.000502846000,   2.48000,
,,,0.000502848000,   2.48000,
,,,0.000502850000,   2.52000,
,,,0.000502852000,   2.48000,
,,,0.000502854000,   2.52000,
,,,0.000502856000,   2.48000,
,,,0.000502858000,   2.48000,
,,,0.000502860000,   2.48000,
,,,0.000502862000,   2.52000,
,,,0.000502864000,   2.48000,
,,,0.000502866000,   2.44000,
,,,0.000502868000,   2.48000,
,,,0.000502870000,   2.48000,
,,,0.000502872000,   2.48000,
,,,0.000502874000,   2.48000,
,,,0.000502876000,   2.48000,
,,,0.000502878000,   2.48000,
,,,0.000502880000,   2.48000,
,,,0.000502882000,   2.48000,
,,,0.000502884000,   2.48000,
,,,0.000502886000,   2.48000,
,,,0.000502888000,   2.44000,
,,,0.000502890000,   2.48000,
,,,0.000502892000,   2.44000,
,,,0.000502894000,   2.48000,
,,,0.000502896000,   2.48000,
,,,0.000502898000,   2.44000,
,,,0.000502900000,   2.48000,
,,,0.000502902000,   2.44000,
,,,0.000502904000,   2.48000,
,,,0.000502906000,   2.48000,
,,,0.000502908000,   2.48000,
,,,0.000502910000,   2.48000,
,,,0.000502912000,   2.48000,
,,,0.000502914000,   2.44000,
,,,0.000502916000,   2.48000,
,,,0.000502918000,   2.44000,
,,,0.000502920000,   2.44000,
,,,0.000502922000,   2.52000,
,,,0.000502924000,   2.48000,
,,,0.000502926000,   2.48000,
,,,0.000502928000,   2.48000,
,,,0.000502930000,   2.44000,
,,,0.000502932000,   2.44000,
,,,0.000502934000,   2.48000,
,,,0.000502936000,   2.44000,
,,,0.000502938000,   2.44000,
,,,0.000502940000,   2.44000,
,,,0.000502942000,   2.48000,
,,,0.000502944000,   2.44000,
,,,0.000502946000,   2.44000,
,,,0.000502948000,   2.44000,
,,,0.000502950000,   2.44000,
,,,0.000502952000,   2.44000,
,,,0.000502954000,   2.48000,
,,,0.000502956000,   2.44000,
,,,0.000502958000,   2.44000,
,,,0.000502960000,   2.48000,
,,,0.000502962000,   2.48000,
,,,0.000502964000,   2.44000,
,,,0.000502966000,   2.48000,
,,,0.000502968000,   2.44000,
,,,0.000502970000,   2.44000,
,,,0.000502972000,   2.40000,
,,,0.000502974000,   2.36000,
,,,0.000502976000,   2.44000,
,,,0.000502978000,   2.40000,
,,,0.000502980000,   2.40000,
,,,0.000502982000,   2.44000,
,,,0.000502984000,   2.44000,
,,,0.000502986000,   2.44000,
,,,0.000502988000,   2.48000,
,,,0.000502990000,   2.40000,
,,,0.000502992000,   2.44000,
,,,0.000502994000,   2.44000,
,,,0.000502996000,   2.40000,
,,,0.000502998000,   2.44000,
,,,0.000503000000,   2.44000,
,,,0.000503002000,   2.44000,
,,,0.000503004000,   2.44000,
,,,0.000503006000,   2.48000,
,,,0.000503008000,   2.44000,
,,,0.000503010000,   2.44000,
,,,0.000503012000,   2.44000,
,,,0.000503014000,   2.44000,
,,,0.000503016000,   2.44000,
,,,0.000503018000,   2.52000,
,,,0.000503020000,   2.48000,
,,,0.000503022000,   2.44000,
,,,0.000503024000,   2.44000,
,,,0.000503026000,   2.44000,
,,,0.000503028000,   2.44000,
,,,0.000503030000,   2.44000,
,,,0.000503032000,   2.44000,
,,,0.000503034000,   2.44000,
,,,0.000503036000,   2.48000,
,,,0.000503038000,   2.44000,
,,,0.000503040000,   2.48000,
,,,0.000503042000,   2.48000,
,,,0.000503044000,   2.44000,
,,,0.000503046000,   2.40000,
,,,0.000503048000,   2.40000,
,,,0.000503050000,   2.44000,
,,,0.000503052000,   2.52000,
,,,0.000503054000,   2.48000,
,,,0.000503056000,   2.44000,
,,,0.000503058000,   2.44000,
,,,0.000503060000,   2.48000,
,,,0.000503062000,   2.44000,
,,,0.000503064000,   2.44000,
,,,0.000503066000,   2.44000,
,,,0.000503068000,   2.44000,
,,,0.000503070000,   2.40000,
,,,0.000503072000,   2.40000,
,,,0.000503074000,   2.40000,
,,,0.000503076000,   2.40000,
,,,0.000503078000,   2.40000,
,,,0.000503080000,   2.40000,
,,,0.000503082000,   2.48000,
,,,0.000503084000,   2.44000,
,,,0.000503086000,   2.48000,
,,,0.000503088000,   2.44000,
,,,0.000503090000,   2.40000,
,,,0.000503092000,   2.44000,
,,,0.000503094000,   2.44000,
,,,0.000503096000,   2.40000,
,,,0.000503098000,   2.48000,
,,,0.000503100000,   2.44000,
,,,0.000503102000,   2.44000,
,,,0.000503104000,   2.44000,
,,,0.000503106000,   2.40000,
,,,0.000503108000,   2.40000,
,,,0.000503110000,   2.40000,
,,,0.000503112000,   2.40000,
,,,0.000503114000,   2.40000,
,,,0.000503116000,   2.40000,
,,,0.000503118000,   2.44000,
,,,0.000503120000,   2.44000,
,,,0.000503122000,   2.40000,
,,,0.000503124000,   2.40000,
,,,0.000503126000,   2.40000,
,,,0.000503128000,   2.36000,
,,,0.000503130000,   2.40000,
,,,0.000503132000,   2.32000,
,,,0.000503134000,   2.36000,
,,,0.000503136000,   2.36000,
,,,0.000503138000,   2.32000,
,,,0.000503140000,   2.32000,
,,,0.000503142000,   2.24000,
,,,0.000503144000,   2.20000,
,,,0.000503146000,   2.00000,
,,,0.000503148000,   1.88000,
,,,0.000503150000,   1.72000,
,,,0.000503152000,   1.52000,
,,,0.000503154000,   1.24000,
,,,0.000503156000,   1.08000,
,,,0.000503158000,   0.88000,
,,,0.000503160000,   0.72000,
,,,0.000503162000,   0.56000,
,,,0.000503164000,   0.32000,
,,,0.000503166000,   0.24000,
,,,0.000503168000,   0.08000,
,,,0.000503170000,   0.00000,
,,,0.000503172000,  -0.12000,
,,,0.000503174000,  -0.20000,
,,,0.000503176000,  -0.36000,
,,,0.000503178000,  -0.40000,
,,,0.000503180000,  -0.56000,
,,,0.000503182000,  -0.60000,
,,,0.000503184000,  -0.72000,
,,,0.000503186000,  -0.80000,
,,,0.000503188000,  -0.92000,
,,,0.000503190000,  -1.04000,
,,,0.000503192000,  -1.08000,
,,,0.000503194000,  -1.16000,
,,,0.000503196000,  -1.24000,
,,,0.000503198000,  -1.28000,
,,,0.000503200000,  -1.36000,
,,,0.000503202000,  -1.44000,
,,,0.000503204000,  -1.52000,
,,,0.000503206000,  -1.56000,
,,,0.000503208000,  -1.64000,
,,,0.000503210000,  -1.64000,
,,,0.000503212000,  -1.72000,
,,,0.000503214000,  -1.72000,
,,,0.000503216000,  -1.80000,
,,,0.000503218000,  -1.80000,
,,,0.000503220000,  -1.84000,
,,,0.000503222000,  -1.88000,
,,,0.000503224000,  -1.92000,
,,,0.000503226000,  -1.96000,
,,,0.000503228000,  -2.00000,
,,,0.000503230000,  -2.08000,
,,,0.000503232000,  -2.08000,
,,,0.000503234000,  -2.12000,
,,,0.000503236000,  -2.12000,
,,,0.000503238000,  -2.12000,
,,,0.000503240000,  -2.16000,
,,,0.000503242000,  -2.16000,
,,,0.000503244000,  -2.20000,
,,,0.000503246000,  -2.20000,
,,,0.000503248000,  -2.20000,
,,,0.000503250000,  -2.24000,
,,,0.000503252000,  -2.28000,
,,,0.000503254000,  -2.32000,
,,,0.000503256000,  -2.28000,
,,,0.000503258000,  -2.36000,
,,,0.000503260000,  -2.32000,
,,,0.000503262000,  -2.36000,
,,,0.000503264000,  -2.36000,
,,,0.000503266000,  -2.40000,
,,,0.000503268000,  -2.36000,
,,,0.000503270000,  -2.36000,
,,,0.000503272000,  -2.40000,
,,,0.000503274000,  -2.40000,
,,,0.000503276000,  -2.44000,
,,,0.000503278000,  -2.40000,
,,,0.000503280000,  -2.44000,
,,,0.000503282000,  -2.40000,
,,,0.000503284000,  -2.44000,
,,,0.000503286000,  -2.44000,
,,,0.000503288000,  -2.44000,
,,,0.000503290000,  -2.52000,
,,,0.000503292000,  -2.44000,
,,,0.000503294000,  -2.48000,
,,,0.000503296000,  -2.48000,
,,,0.000503298000,  -2.48000,
,,,0.000503300000,  -2.48000,
,,,0.000503302000,  -2.52000,
,,,0.000503304000,  -2.52000,
,,,0.000503306000,  -2.52000,
,,,0.000503308000,  -2.48000,
,,,0.000503310000,  -2.52000,
,,,0.000503312000,  -2.48000,
,,,0.000503314000,  -2.48000,
,,,0.000503316000,  -2.48000,
,,,0.000503318000,  -2.56000,
,,,0.000503320000,  -2.56000,
,,,0.000503322000,  -2.52000,
,,,0.000503324000,  -2.52000,
,,,0.000503326000,  -2.56000,
,,,0.000503328000,  -2.52000,
,,,0.000503330000,  -2.52000,
,,,0.000503332000,  -2.56000,
,,,0.000503334000,  -2.56000,
,,,0.000503336000,  -2.56000,
,,,0.000503338000,  -2.56000,
,,,0.000503340000,  -2.52000,
,,,0.000503342000,  -2.56000,
,,,0.000503344000,  -2.52000,
,,,0.000503346000,  -2.52000,
,,,0.000503348000,  -2.60000,
,,,0.000503350000,  -2.56000,
,,,0.000503352000,  -2.56000,
,,,0.000503354000,  -2.52000,
,,,0.000503356000,  -2.60000,
,,,0.000503358000,  -2.52000,
,,,0.000503360000,  -2.56000,
,,,0.000503362000,  -2.60000,
,,,0.000503364000,  -2.56000,
,,,0.000503366000,  -2.56000,
,,,0.000503368000,  -2.60000,
,,,0.000503370000,  -2.56000,
,,,0.000503372000,  -2.60000,
,,,0.000503374000,  -2.56000,
,,,0.000503376000,  -2.56000,
,,,0.000503378000,  -2.60000,
,,,0.000503380000,  -2.56000,
,,,0.000503382000,  -2.56000,
,,,0.000503384000,  -2.56000,
,,,0.000503386000,  -2.56000,
,,,0.000503388000,  -2.56000,
,,,0.000503390000,  -2.64000,
,,,0.000503392000,  -2.60000,
,,,0.000503394000,  -2.56000,
,,,0.000503396000,  -2.56000,
,,,0.000503398000,  -2.52000,
,,,0.000503400000,  -2.52000,
,,,0.000503402000,  -2.68000,
,,,0.000503404000,  -2.60000,
,,,0.000503406000,  -2.56000,
,,,0.000503408000,  -2.52000,
,,,0.000503410000,  -2.56000,
,,,0.000503412000,  -2.56000,
,,,0.000503414000,  -2.56000,
,,,0.000503416000,  -2.56000,
,,,0.000503418000,  -2.60000,
,,,0.000503420000,  -2.56000,
,,,0.000503422000,  -2.60000,
,,,0.000503424000,  -2.56000,
,,,0.000503426000,  -2.56000,
,,,0.000503428000,  -2.60000,
,,,0.000503430000,  -2.60000,
,,,0.000503432000,  -2.60000,
,,,0.000503434000,  -2.60000,
,,,0.000503436000,  -2.56000,
,,,0.000503438000,  -2.56000,
,,,0.000503440000,  -2.56000,
,,,0.000503442000,  -2.56000,
,,,0.000503444000,  -2.60000,
,,,0.000503446000,  -2.56000,
,,,0.000503448000,  -2.60000,
,,,0.000503450000,  -2.60000,
,,,0.000503452000,  -2.64000,
,,,0.000503454000,  -2.56000,
,,,0.000503456000,  -2.64000,
,,,0.000503458000,  -2.60000,
,,,0.000503460000,  -2.56000,
,,,0.000503462000,  -2.56000,
,,,0.000503464000,  -2.56000,
,,,0.000503466000,  -2.60000,
,,,0.000503468000,  -2.56000,
,,,0.000503470000,  -2.56000,
,,,0.000503472000,  -2.56000,
,,,0.000503474000,  -2.52000,
,,,0.000503476000,  -2.60000,
,,,0.000503478000,  -2.60000,
,,,0.000503480000,  -2.56000,
,,,0.000503482000,  -2.56000,
,,,0.000503484000,  -2.56000,
,,,0.000503486000,  -2.60000,
,,,0.000503488000,  -2.60000,
,,,0.000503490000,  -2.52000,
,,,0.000503492000,  -2.52000,
,,,0.000503494000,  -2.60000,
,,,0.000503496000,  -2.56000,
,,,0.000503498000,  -2.56000,
,,,0.000503500000,  -2.56000,
,,,0.000503502000,  -2.56000,
,,,0.000503504000,  -2.60000,
,,,0.000503506000,  -2.56000,
,,,0.000503508000,  -2.56000,
,,,0.000503510000,  -2.52000,
,,,0.000503512000,  -2.56000,
,,,0.000503514000,  -2.56000,
,,,0.000503516000,  -2.60000,
,,,0.000503518000,  -2.60000,
,,,0.000503520000,  -2.52000,
,,,0.000503522000,  -2.56000,
,,,0.000503524000,  -2.52000,
,,,0.000503526000,  -2.52000,
,,,0.000503528000,  -2.52000,
,,,0.000503530000,  -2.52000,
,,,0.000503532000,  -2.60000,
,,,0.000503534000,  -2.56000,
,,,0.000503536000,  -2.56000,
,,,0.000503538000,  -2.56000,
,,,0.000503540000,  -2.56000,
,,,0.000503542000,  -2.56000,
,,,0.000503544000,  -2.56000,
,,,0.000503546000,  -2.56000,
,,,0.000503548000,  -2.56000,
,,,0.000503550000,  -2.60000,
,,,0.000503552000,  -2.52000,
,,,0.000503554000,  -2.52000,
,,,0.000503556000,  -2.56000,
,,,0.000503558000,  -2.52000,
,,,0.000503560000,  -2.56000,
,,,0.000503562000,  -2.56000,
,,,0.000503564000,  -2.56000,
,,,0.000503566000,  -2.56000,
,,,0.000503568000,  -2.52000,
,,,0.000503570000,  -2.56000,
,,,0.000503572000,  -2.60000,
,,,0.000503574000,  -2.56000,
,,,0.000503576000,  -2.52000,
,,,0.000503578000,  -2.52000,
,,,0.000503580000,  -2.56000,
,,,0.000503582000,  -2.52000,
,,,0.000503584000,  -2.60000,
,,,0.000503586000,  -2.56000,
,,,0.000503588000,  -2.56000,
,,,0.000503590000,  -2.52000,
,,,0.000503592000,  -2.48000,
,,,0.000503594000,  -2.56000,
,,,0.000503596000,  -2.56000,
,,,0.000503598000,  -2.52000,
,,,0.000503600000,  -2.60000,
,,,0.000503602000,  -2.52000,
,,,0.000503604000,  -2.56000,
,,,0.000503606000,  -2.56000,
,,,0.000503608000,  -2.52000,
,,,0.000503610000,  -2.48000,
,,,0.000503612000,  -2.52000,
,,,0.000503614000,  -2.52000,
,,,0.000503616000,  -2.52000,
,,,0.000503618000,  -2.56000,
,,,0.000503620000,  -2.52000,
,,,0.000503622000,  -2.48000,
,,,0.000503624000,  -2.56000,
,,,0.000503626000,  -2.52000,
,,,0.000503628000,  -2.56000,
,,,0.000503630000,  -2.52000,
,,,0.000503632000,  -2.56000,
,,,0.000503634000,  -2.60000,
,,,0.000503636000,  -2.56000,
,,,0.000503638000,  -2.56000,
,,,0.000503640000,  -2.56000,
,,,0.000503642000,  -2.56000,
,,,0.000503644000,  -2.52000,
,,,0.000503646000,  -2.56000,
,,,0.000503648000,  -2.56000,
,,,0.000503650000,  -2.52000,
,,,0.000503652000,  -2.48000,
,,,0.000503654000,  -2.52000,
,,,0.000503656000,  -2.52000,
,,,0.000503658000,  -2.52000,
,,,0.000503660000,  -2.52000,
,,,0.000503662000,  -2.52000,
,,,0.000503664000,  -2.56000,
,,,0.000503666000,  -2.52000,
,,,0.000503668000,  -2.48000,
,,,0.000503670000,  -2.48000,
,,,0.000503672000,  -2.48000,
,,,0.000503674000,  -2.52000,
,,,0.000503676000,  -2.48000,
,,,0.000503678000,  -2.52000,
,,,0.000503680000,  -2.56000,
,,,0.000503682000,  -2.56000,
,,,0.000503684000,  -2.48000,
,,,0.000503686000,  -2.52000,
,,,0.000503688000,  -2.52000,
,,,0.000503690000,  -2.52000,
,,,0.000503692000,  -2.48000,
,,,0.000503694000,  -2.48000,
,,,0.000503696000,  -2.52000,
,,,0.000503698000,  -2.52000,
,,,0.000503700000,  -2.52000,
,,,0.000503702000,  -2.48000,
,,,0.000503704000,  -2.48000,
,,,0.000503706000,  -2.52000,
,,,0.000503708000,  -2.48000,
,,,0.000503710000,  -2.44000,
,,,0.000503712000,  -2.52000,
,,,0.000503714000,  -2.52000,
,,,0.000503716000,  -2.52000,
,,,0.000503718000,  -2.52000,
,,,0.000503720000,  -2.52000,
,,,0.000503722000,  -2.52000,
,,,0.000503724000,  -2.48000,
,,,0.000503726000,  -2.52000,
,,,0.000503728000,  -2.52000,
,,,0.000503730000,  -2.52000,
,,,0.000503732000,  -2.56000,
,,,0.000503734000,  -2.52000,
,,,0.000503736000,  -2.48000,
,,,0.000503738000,  -2.52000,
,,,0.000503740000,  -2.52000,
,,,0.000503742000,  -2.48000,
,,,0.000503744000,  -2.48000,
,,,0.000503746000,  -2.52000,
,,,0.000503748000,  -2.48000,
,,,0.000503750000,  -2.44000,
,,,0.000503752000,  -2.48000,
,,,0.000503754000,  -2.48000,
,,,0.000503756000,  -2.52000,
,,,0.000503758000,  -2.52000,
,,,0.000503760000,  -2.48000,
,,,0.000503762000,  -2.48000,
,,,0.000503764000,  -2.44000,
,,,0.000503766000,  -2.52000,
,,,0.000503768000,  -2.52000,
,,,0.000503770000,  -2.48000,
,,,0.000503772000,  -2.56000,
,,,0.000503774000,  -2.44000,
,,,0.000503776000,  -2.44000,
,,,0.000503778000,  -2.48000,
,,,0.000503780000,  -2.52000,
,,,0.000503782000,  -2.52000,
,,,0.000503784000,  -2.48000,
,,,0.000503786000,  -2.48000,
,,,0.000503788000,  -2.52000,
,,,0.000503790000,  -2.48000,
,,,0.000503792000,  -2.48000,
,,,0.000503794000,  -2.44000,
,,,0.000503796000,  -2.48000,
,,,0.000503798000,  -2.56000,
,,,0.000503800000,  -2.48000,
,,,0.000503802000,  -2.48000,
,,,0.000503804000,  -2.48000,
,,,0.000503806000,  -2.44000,
,,,0.000503808000,  -2.48000,
,,,0.000503810000,  -2.44000,
,,,0.000503812000,  -2.48000,
,,,0.000503814000,  -2.48000,
,,,0.000503816000,  -2.44000,
,,,0.000503818000,  -2.48000,
,,,0.000503820000,  -2.44000,
,,,0.000503822000,  -2.44000,
,,,0.000503824000,  -2.44000,
,,,0.000503826000,  -2.52000,
,,,0.000503828000,  -2.48000,
,,,0.000503830000,  -2.52000,
,,,0.000503832000,  -2.48000,
,,,0.000503834000,  -2.48000,
,,,0.000503836000,  -2.44000,
,,,0.000503838000,  -2.48000,
,,,0.000503840000,  -2.48000,
,,,0.000503842000,  -2.48000,
,,,0.000503844000,  -2.48000,
,,,0.000503846000,  -2.52000,
,,,0.000503848000,  -2.52000,
,,,0.000503850000,  -2.48000,
,,,0.000503852000,  -2.44000,
,,,0.000503854000,  -2.52000,
,,,0.000503856000,  -2.44000,
,,,0.000503858000,  -2.48000,
,,,0.000503860000,  -2.44000,
,,,0.000503862000,  -2.48000,
,,,0.000503864000,  -2.48000,
,,,0.000503866000,  -2.48000,
,,,0.000503868000,  -2.44000,
,,,0.000503870000,  -2.48000,
,,,0.000503872000,  -2.48000,
,,,0.000503874000,  -2.44000,
,,,0.000503876000,  -2.44000,
,,,0.000503878000,  -2.48000,
,,,0.000503880000,  -2.48000,
,,,0.000503882000,  -2.44000,
,,,0.000503884000,  -2.44000,
,,,0.000503886000,  -2.44000,
,,,0.000503888000,  -2.48000,
,,,0.000503890000,  -2.44000,
,,,0.000503892000,  -2.44000,
,,,0.000503894000,  -2.44000,
,,,0.000503896000,  -2.44000,
,,,0.000503898000,  -2.44000,
,,,0.000503900000,  -2.44000,
,,,0.000503902000,  -2.40000,
,,,0.000503904000,  -2.44000,
,,,0.000503906000,  -2.44000,
,,,0.000503908000,  -2.44000,
,,,0.000503910000,  -2.44000,
,,,0.000503912000,  -2.48000,
,,,0.000503914000,  -2.40000,
,,,0.000503916000,  -2.40000,
,,,0.000503918000,  -2.44000,
,,,0.000503920000,  -2.44000,
,,,0.000503922000,  -2.44000,
,,,0.000503924000,  -2.48000,
,,,0.000503926000,  -2.48000,
,,,0.000503928000,  -2.44000,
,,,0.000503930000,  -2.44000,
,,,0.000503932000,  -2.44000,
,,,0.000503934000,  -2.44000,
,,,0.000503936000,  -2.40000,
,,,0.000503938000,  -2.44000,
,,,0.000503940000,  -2.44000,
,,,0.000503942000,  -2.44000,
,,,0.000503944000,  -2.44000,
,,,0.000503946000,  -2.48000,
,,,0.000503948000,  -2.44000,
,,,0.000503950000,  -2.44000,
,,,0.000503952000,  -2.40000,
,,,0.000503954000,  -2.40000,
,,,0.000503956000,  -2.40000,
,,,0.000503958000,  -2.48000,
,,,0.000503960000,  -2.44000,
,,,0.000503962000,  -2.44000,
,,,0.000503964000,  -2.40000,
,,,0.000503966000,  -2.40000,
,,,0.000503968000,  -2.44000,
,,,0.000503970000,  -2.44000,
,,,0.000503972000,  -2.44000,
,,,0.000503974000,  -2.44000,
,,,0.000503976000,  -2.44000,
,,,0.000503978000,  -2.44000,
,,,0.000503980000,  -2.44000,
,,,0.000503982000,  -2.44000,
,,,0.000503984000,  -2.40000,
,,,0.000503986000,  -2.40000,
,,,0.000503988000,  -2.36000,
,,,0.000503990000,  -2.36000,
,,,0.000503992000,  -2.44000,
,,,0.000503994000,  -2.40000,
,,,0.000503996000,  -2.48000,
,,,0.000503998000,  -2.44000,
,,,0.000504000000,  -2.44000,
,,,0.000504002000,  -2.40000,
,,,0.000504004000,  -2.44000,
,,,0.000504006000,  -2.40000,
,,,0.000504008000,  -2.40000,
,,,0.000504010000,  -2.44000,
,,,0.000504012000,  -2.40000,
,,,0.000504014000,  -2.44000,
,,,0.000504016000,  -2.40000,
,,,0.000504018000,  -2.44000,
,,,0.000504020000,  -2.44000,
,,,0.000504022000,  -2.44000,
,,,0.000504024000,  -2.44000,
,,,0.000504026000,  -2.44000,
,,,0.000504028000,  -2.44000,
,,,0.000504030000,  -2.44000,
,,,0.000504032000,  -2.44000,
,,,0.000504034000,  -2.48000,
,,,0.000504036000,  -2.40000,
,,,0.000504038000,  -2.48000,
,,,0.000504040000,  -2.44000,
,,,0.000504042000,  -2.44000,
,,,0.000504044000,  -2.44000,
,,,0.000504046000,  -2.40000,
,,,0.000504048000,  -2.36000,
,,,0.000504050000,  -2.44000,
,,,0.000504052000,  -2.44000,
,,,0.000504054000,  -2.40000,
,,,0.000504056000,  -2.44000,
,,,0.000504058000,  -2.40000,
,,,0.000504060000,  -2.40000,
,,,0.000504062000,  -2.40000,
,,,0.000504064000,  -2.36000,
,,,0.000504066000,  -2.40000,
,,,0.000504068000,  -2.40000,
,,,0.000504070000,  -2.44000,
,,,0.000504072000,  -2.40000,
,,,0.000504074000,  -2.36000,
,,,0.000504076000,  -2.40000,
,,,0.000504078000,  -2.44000,
,,,0.000504080000,  -2.40000,
,,,0.000504082000,  -2.44000,
,,,0.000504084000,  -2.40000,
,,,0.000504086000,  -2.44000,
,,,0.000504088000,  -2.44000,
,,,0.000504090000,  -2.36000,
,,,0.000504092000,  -2.40000,
,,,0.000504094000,  -2.40000,
,,,0.000504096000,  -2.32000,
,,,0.000504098000,  -2.36000,
,,,0.000504100000,  -2.36000,
,,,0.000504102000,  -2.36000,
,,,0.000504104000,  -2.40000,
,,,0.000504106000,  -2.40000,
,,,0.000504108000,  -2.40000,
,,,0.000504110000,  -2.40000,
,,,0.000504112000,  -2.36000,
,,,0.000504114000,  -2.40000,
,,,0.000504116000,  -2.40000,
,,,0.000504118000,  -2.36000,
,,,0.000504120000,  -2.36000,
,,,0.000504122000,  -2.36000,
,,,0.000504124000,  -2.36000,
,,,0.000504126000,  -2.36000,
,,,0.000504128000,  -2.40000,
,,,0.000504130000,  -2.36000,
,,,0.000504132000,  -2.36000,
,,,0.000504134000,  -2.36000,
,,,0.000504136000,  -2.32000,
,,,0.000504138000,  -2.32000,
,,,0.000504140000,  -2.28000,
,,,0.000504142000,  -2.24000,
,,,0.000504144000,  -2.16000,
,,,0.000504146000,  -2.00000,
,,,0.000504148000,  -1.88000,
,,,0.000504150000,  -1.64000,
,,,0.000504152000,  -1.48000,
,,,0.000504154000,  -1.24000,
,,,0.000504156000,  -1.08000,
,,,0.000504158000,  -0.88000,
,,,0.000504160000,  -0.72000,
,,,0.000504162000,  -0.52000,
,,,0.000504164000,  -0.36000,
,,,0.000504166000,  -0.24000,
,,,0.000504168000,  -0.08000,
,,,0.000504170000,   0.04000,
,,,0.000504172000,   0.12000,
,,,0.000504174000,   0.24000,
,,,0.000504176000,   0.32000,
,,,0.000504178000,   0.40000,
,,,0.000504180000,   0.48000,
,,,0.000504182000,   0.60000,
,,,0.000504184000,   0.68000,
,,,0.000504186000,   0.80000,
,,,0.000504188000,   0.92000,
,,,0.000504190000,   1.00000,
,,,0.000504192000,   1.08000,
,,,0.000504194000,   1.20000,
,,,0.000504196000,   1.28000,
,,,0.000504198000,   1.32000,
,,,0.000504200000,   1.40000,
,,,0.000504202000,   1.44000,
,,,0.000504204000,   1.52000,
,,,0.000504206000,   1.52000,
,,,0.000504208000,   1.56000,
,,,0.000504210000,   1.68000,
,,,0.000504212000,   1.64000,
,,,0.000504214000,   1.72000,
,,,0.000504216000,   1.72000,
,,,0.000504218000,   1.80000,
,,,0.000504220000,   1.84000,
,,,0.000504222000,   1.88000,
,,,0.000504224000,   1.92000,
,,,0.000504226000,   1.96000,
,,,0.000504228000,   2.00000,
,,,0.000504230000,   2.04000,
,,,0.000504232000,   2.04000,
,,,0.000504234000,   2.08000,
,,,0.000504236000,   2.12000,
,,,0.000504238000,   2.12000,
,,,0.000504240000,   2.16000,
,,,0.000504242000,   2.16000,
,,,0.000504244000,   2.20000,
,,,0.000504246000,   2.24000,
,,,0.000504248000,   2.24000,
,,,0.000504250000,   2.24000,
,,,0.000504252000,   2.28000,
,,,0.000504254000,   2.28000,
,,,0.000504256000,   2.32000,
,,,0.000504258000,   2.32000,
,,,0.000504260000,   2.32000,
,,,0.000504262000,   2.36000,
,,,0.000504264000,   2.36000,
,,,0.000504266000,   2.36000,
,,,0.000504268000,   2.36000,
,,,0.000504270000,   2.40000,
,,,0.000504272000,   2.40000,
,,,0.000504274000,   2.44000,
,,,0.000504276000,   2.40000,
,,,0.000504278000,   2.40000,
,,,0.000504280000,   2.48000,
,,,0.000504282000,   2.48000,
,,,0.000504284000,   2.44000,
,,,0.000504286000,   2.44000,
,,,0.000504288000,   2.48000,
,,,0.000504290000,   2.48000,
,,,0.000504292000,   2.44000,
,,,0.000504294000,   2.44000,
,,,0.000504296000,   2.48000,
,,,0.000504298000,   2.48000,
,,,0.000504300000,   2.52000,
,,,0.000504302000,   2.48000,
,,,0.000504304000,   2.52000,
,,,0.000504306000,   2.56000,
,,,0.000504308000,   2.56000,
,,,0.000504310000,   2.60000,
,,,0.000504312000,   2.56000,
,,,0.000504314000,   2.56000,
,,,0.000504316000,   2.52000,
,,,0.000504318000,   2.52000,
,,,0.000504320000,   2.52000,
,,,0.000504322000,   2.56000,
,,,0.000504324000,   2.60000,
,,,0.000504326000,   2.56000,
,,,0.000504328000,   2.56000,
,,,0.000504330000,   2.56000,
,,,0.000504332000,   2.60000,
,,,0.000504334000,   2.52000,
,,,0.000504336000,   2.60000,
,,,0.000504338000,   2.56000,
,,,0.000504340000,   2.60000,
,,,0.000504342000,   2.60000,
,,,0.000504344000,   2.56000,
,,,0.000504346000,   2.60000,
,,,0.000504348000,   2.64000,
,,,0.000504350000,   2.64000,
,,,0.000504352000,   2.60000,
,,,0.000504354000,   2.64000,
,,,0.000504356000,   2.60000,
,,,0.000504358000,   2.60000,
,,,0.000504360000,   2.56000,
,,,0.000504362000,   2.64000,
,,,0.000504364000,   2.56000,
,,,0.000504366000,   2.60000,
,,,0.000504368000,   2.56000,
,,,0.000504370000,   2.56000,
,,,0.000504372000,   2.60000,
,,,0.000504374000,   2.56000,
,,,0.000504376000,   2.60000,
,,,0.000504378000,   2.64000,
,,,0.000504380000,   2.56000,
,,,0.000504382000,   2.56000,
,,,0.000504384000,   2.56000,
,,,0.000504386000,   2.56000,
,,,0.000504388000,   2.60000,
,,,0.000504390000,   2.60000,
,,,0.000504392000,   2.60000,
,,,0.000504394000,   2.64000,
,,,0.000504396000,   2.64000,
,,,0.000504398000,   2.56000,
,,,0.000504400000,   2.60000,
,,,0.000504402000,   2.60000,
,,,0.000504404000,   2.60000,
,,,0.000504406000,   2.60000,
,,,0.000504408000,   2.60000,
,,,0.000504410000,   2.56000,
,,,0.000504412000,   2.60000,
,,,0.000504414000,   2.60000,
,,,0.000504416000,   2.60000,
,,,0.000504418000,   2.60000,
,,,0.000504420000,   2.60000,
,,,0.000504422000,   2.60000,
,,,0.000504424000,   2.64000,
,,,0.000504426000,   2.64000,
,,,0.000504428000,   2.60000,
,,,0.000504430000,   2.56000,
,,,0.000504432000,   2.56000,
,,,0.000504434000,   2.60000,
,,,0.000504436000,   2.60000,
,,,0.000504438000,   2.60000,
,,,0.000504440000,   2.60000,
,,,0.000504442000,   2.64000,
,,,0.000504444000,   2.64000,
,,,0.000504446000,   2.60000,
,,,0.000504448000,   2.60000,
,,,0.000504450000,   2.56000,
,,,0.000504452000,   2.56000,
,,,0.000504454000,   2.60000,
,,,0.000504456000,   2.60000,
,,,0.000504458000,   2.60000,
,,,0.000504460000,   2.56000,
,,,0.000504462000,   2.56000,
,,,0.000504464000,   2.60000,
,,,0.000504466000,   2.60000,
,,,0.000504468000,   2.64000,
,,,0.000504470000,   2.56000,
,,,0.000504472000,   2.64000,
,,,0.000504474000,   2.64000,
,,,0.000504476000,   2.60000,
,,,0.000504478000,   2.60000,
,,,0.000504480000,   2.60000,
,,,0.000504482000,   2.56000,
,,,0.000504484000,   2.64000,
,,,0.000504486000,   2.60000,
,,,0.000504488000,   2.64000,
,,,0.000504490000,   2.60000,
,,,0.000504492000,   2.60000,
,,,0.000504494000,   2.60000,
,,,0.000504496000,   2.60000,
,,,0.000504498000,   2.52000,
,,,0.000504500000,   2.56000,
,,,0.000504502000,   2.56000,
,,,0.000504504000,   2.60000,
,,,0.000504506000,   2.60000,
,,,0.000504508000,   2.56000,
,,,0.000504510000,   2.60000,
,,,0.000504512000,   2.60000,
,,,0.000504514000,   2.56000,
,,,0.000504516000,   2.56000,
,,,0.000504518000,   2.52000,
,,,0.000504520000,   2.60000,
,,,0.000504522000,   2.56000,
,,,0.000504524000,   2.56000,
,,,0.000504526000,   2.60000,
,,,0.000504528000,   2.56000,
,,,0.000504530000,   2.60000,
,,,0.000504532000,   2.60000,
,,,0.000504534000,   2.60000,
,,,0.000504536000,   2.56000,
,,,0.000504538000,   2.56000,
,,,0.000504540000,   2.56000,
,,,0.000504542000,   2.56000,
,,,0.000504544000,   2.60000,
,,,0.000504546000,   2.60000,
,,,0.000504548000,   2.52000,
,,,0.000504550000,   2.56000,
,,,0.000504552000,   2.56000,
,,,0.000504554000,   2.56000,
,,,0.000504556000,   2.56000,
,,,0.000504558000,   2.52000,
,,,0.000504560000,   2.60000,
,,,0.000504562000,   2.56000,
,,,0.000504564000,   2.56000,
,,,0.000504566000,   2.60000,
,,,0.000504568000,   2.52000,
,,,0.000504570000,   2.60000,
,,,0.000504572000,   2.56000,
,,,0.000504574000,   2.56000,
,,,0.000504576000,   2.56000,
,,,0.000504578000,   2.60000,
,,,0.000504580000,   2.52000,
,,,0.000504582000,   2.56000,
,,,0.000504584000,   2.56000,
,,,0.000504586000,   2.52000,
,,,0.000504588000,   2.52000,
,,,0.000504590000,   2.64000,
,,,0.000504592000,   2.56000,
,,,0.000504594000,   2.56000,
,,,0.000504596000,   2.52000,
,,,0.000504598000,   2.56000,
,,,0.000504600000,   2.60000,
,,,0.000504602000,   2.60000,
,,,0.000504604000,   2.56000,
,,,0.000504606000,   2.56000,
,,,0.000504608000,   2.56000,
,,,0.000504610000,   2.56000,
,,,0.000504612000,   2.56000,
,,,0.000504614000,   2.56000,
,,,0.000504616000,   2.56000,
,,,0.000504618000,   2.56000,
,,,0.000504620000,   2.56000,
,,,0.000504622000,   2.60000,
,,,0.000504624000,   2.56000,
,,,0.000504626000,   2.56000,
,,,0.000504628000,   2.52000,
,,,0.000504630000,   2.56000,
,,,0.000504632000,   2.52000,
,,,0.000504634000,   2.56000,
,,,0.000504636000,   2.56000,
,,,0.000504638000,   2.56000,
,,,0.000504640000,   2.56000,
,,,0.000504642000,   2.56000,
,,,0.000504644000,   2.56000,
,,,0.000504646000,   2.56000,
,,,0.000504648000,   2.52000,
,,,0.000504650000,   2.52000,
,,,0.000504652000,   2.56000,
,,,0.000504654000,   2.52000,
,,,0.000504656000,   2.52000,
,,,0.000504658000,   2.52000,
,,,0.000504660000,   2.52000,
,,,0.000504662000,   2.56000,
,,,0.000504664000,   2.52000,
,,,0.000504666000,   2.52000,
,,,0.000504668000,   2.56000,
,,,0.000504670000,   2.56000,
,,,0.000504672000,   2.52000,
,,,0.000504674000,   2.52000,
,,,0.000504676000,   2.52000,
,,,0.000504678000,   2.52000,
,,,0.000504680000,   2.52000,
,,,0.000504682000,   2.56000,
,,,0.000504684000,   2.56000,
,,,0.000504686000,   2.48000,
,,,0.000504688000,   2.48000,
,,,0.000504690000,   2.52000,
,,,0.000504692000,   2.52000,
,,,0.000504694000,   2.52000,
,,,0.000504696000,   2.56000,
,,,0.000504698000,   2.52000,
,,,0.000504700000,   2.48000,
,,,0.000504702000,   2.56000,
,,,0.000504704000,   2.52000,
,,,0.000504706000,   2.52000,
,,,0.000504708000,   2.52000,
,,,0.000504710000,   2.52000,
,,,0.000504712000,   2.48000,
,,,0.000504714000,   2.48000,
,,,0.000504716000,   2.52000,
,,,0.000504718000,   2.52000,
,,,0.000504720000,   2.48000,
,,,0.000504722000,   2.48000,
,,,0.000504724000,   2.52000,
,,,0.000504726000,   2.48000,
,,,0.000504728000,   2.52000,
,,,0.000504730000,   2.56000,
,,,0.000504732000,   2.52000,
,,,0.000504734000,   2.48000,
,,,0.000504736000,   2.52000,
,,,0.000504738000,   2.52000,
,,,0.000504740000,   2.52000,
,,,0.000504742000,   2.48000,
,,,0.000504744000,   2.52000,
,,,0.000504746000,   2.52000,
,,,0.000504748000,   2.52000,
,,,0.000504750000,   2.52000,
,,,0.000504752000,   2.52000,
,,,0.000504754000,   2.48000,
,,,0.000504756000,   2.48000,
,,,0.000504758000,   2.52000,
,,,0.000504760000,   2.52000,
,,,0.000504762000,   2.52000,
,,,0.000504764000,   2.52000,
,,,0.000504766000,   2.48000,
,,,0.000504768000,   2.48000,
,,,0.000504770000,   2.48000,
,,,0.000504772000,   2.48000,
,,,0.000504774000,   2.48000,
,,,0.000504776000,   2.48000,
,,,0.000504778000,   2.48000,
,,,0.000504780000,   2.48000,
,,,0.000504782000,   2.48000,
,,,0.000504784000,   2.52000,
,,,0.000504786000,   2.52000,
,,,0.000504788000,   2.56000,
,,,0.000504790000,   2.48000,
,,,0.000504792000,   2.52000,
,,,0.000504794000,   2.48000,
,,,0.000504796000,   2.52000,
,,,0.000504798000,   2.52000,
,,,0.000504800000,   2.52000,
,,,0.000504802000,   2.48000,
,,,0.000504804000,   2.52000,
,,,0.000504806000,   2.52000,
,,,0.000504808000,   2.48000,
,,,0.000504810000,   2.48000,
,,,0.000504812000,   2.44000,
,,,0.000504814000,   2.48000,
,,,0.000504816000,   2.52000,
,,,0.000504818000,   2.44000,
,,,0.000504820000,   2.48000,
,,,0.000504822000,   2.48000,
,,,0.000504824000,   2.52000,
,,,0.000504826000,   2.44000,
,,,0.000504828000,   2.48000,
,,,0.000504830000,   2.48000,
,,,0.000504832000,   2.48000,
,,,0.000504834000,   2.52000,
,,,0.000504836000,   2.52000,
,,,0.000504838000,   2.48000,
,,,0.000504840000,   2.52000,
,,,0.000504842000,   2.52000,
,,,0.000504844000,   2.44000,
,,,0.000504846000,   2.48000,
,,,0.000504848000,   2.52000,
,,,0.000504850000,   2.48000,
,,,0.000504852000,   2.48000,
,,,0.000504854000,   2.48000,
,,,0.000504856000,   2.48000,
,,,0.000504858000,   2.48000,
,,,0.000504860000,   2.44000,
,,,0.000504862000,   2.48000,
,,,0.000504864000,   2.48000,
,,,0.000504866000,   2.44000,
,,,0.000504868000,   2.48000,
,,,0.000504870000,   2.44000,
,,,0.000504872000,   2.48000,
,,,0.000504874000,   2.48000,
,,,0.000504876000,   2.44000,
,,,0.000504878000,   2.48000,
,,,0.000504880000,   2.48000,
,,,0.000504882000,   2.48000,
,,,0.000504884000,   2.48000,
,,,0.000504886000,   2.44000,
,,,0.000504888000,   2.48000,
,,,0.000504890000,   2.48000,
,,,0.000504892000,   2.48000,
,,,0.000504894000,   2.48000,
,,,0.000504896000,   2.48000,
,,,0.000504898000,   2.48000,
,,,0.000504900000,   2.48000,
,,,0.000504902000,   2.44000,
,,,0.000504904000,   2.48000,
,,,0.000504906000,   2.48000,
,,,0.000504908000,   2.44000,
,,,0.000504910000,   2.44000,
,,,0.000504912000,   2.44000,
,,,0.000504914000,   2.44000,
,,,0.000504916000,   2.44000,
,,,0.000504918000,   2.44000,
,,,0.000504920000,   2.48000,
,,,0.000504922000,   2.44000,
,,,0.000504924000,   2.44000,
,,,0.000504926000,   2.44000,
,,,0.000504928000,   2.44000,
,,,0.000504930000,   2.44000,
,,,0.000504932000,   2.48000,
,,,0.000504934000,   2.48000,
,,,0.000504936000,   2.44000,
,,,0.000504938000,   2.48000,
,,,0.000504940000,   2.48000,
,,,0.000504942000,   2.40000,
,,,0.000504944000,   2.48000,
,,,0.000504946000,   2.44000,
,,,0.000504948000,   2.48000,
,,,0.000504950000,   2.44000,
,,,0.000504952000,   2.44000,
,,,0.000504954000,   2.40000,
,,,0.000504956000,   2.48000,
,,,0.000504958000,   2.48000,
,,,0.000504960000,   2.48000,
,,,0.000504962000,   2.40000,
,,,0.000504964000,   2.44000,
,,,0.000504966000,   2.44000,
,,,0.000504968000,   2.44000,
,,,0.000504970000,   2.44000,
,,,0.000504972000,   2.44000,
,,,0.000504974000,   2.44000,
,,,0.000504976000,   2.40000,
,,,0.000504978000,   2.48000,
,,,0.000504980000,   2.48000,
,,,0.000504982000,   2.44000,
,,,0.000504984000,   2.40000,
,,,0.000504986000,   2.48000,
,,,0.000504988000,   2.44000,
,,,0.000504990000,   2.44000,
,,,0.000504992000,   2.44000,
,,,0.000504994000,   2.48000,
,,,0.000504996000,   2.44000,
,,,0.000504998000,   2.48000,
,,,0.000505000000,   2.44000,
,,,0.000505002000,   2.44000,
,,,0.000505004000,   2.44000,
,,,0.000505006000,   2.44000,
,,,0.000505008000,   2.40000,
,,,0.000505010000,   2.40000,
,,,0.000505012000,   2.48000,
,,,0.000505014000,   2.44000,
,,,0.000505016000,   2.40000,
,,,0.000505018000,   2.48000,
,,,0.000505020000,   2.44000,
,,,0.000505022000,   2.48000,
,,,0.000505024000,   2.44000,
,,,0.000505026000,   2.40000,
,,,0.000505028000,   2.44000,
,,,0.000505030000,   2.40000,
,,,0.000505032000,   2.48000,
,,,0.000505034000,   2.44000,
,,,0.000505036000,   2.48000,
,,,0.000505038000,   2.48000,
,,,0.000505040000,   2.48000,
,,,0.000505042000,   2.40000,
,,,0.000505044000,   2.40000,
,,,0.000505046000,   2.44000,
,,,0.000505048000,   2.40000,
,,,0.000505050000,   2.44000,
,,,0.000505052000,   2.40000,
,,,0.000505054000,   2.44000,
,,,0.000505056000,   2.40000,
,,,0.000505058000,   2.40000,
,,,0.000505060000,   2.40000,
,,,0.000505062000,   2.44000,
,,,0.000505064000,   2.40000,
,,,0.000505066000,   2.48000,
,,,0.000505068000,   2.44000,
,,,0.000505070000,   2.44000,
,,,0.000505072000,   2.40000,
,,,0.000505074000,   2.44000,
,,,0.000505076000,   2.44000,
,,,0.000505078000,   2.48000,
,,,0.000505080000,   2.40000,
,,,0.000505082000,   2.40000,
,,,0.000505084000,   2.44000,
,,,0.000505086000,   2.36000,
,,,0.000505088000,   2.40000,
,,,0.000505090000,   2.40000,
,,,0.000505092000,   2.40000,
,,,0.000505094000,   2.40000,
,,,0.000505096000,   2.40000,
,,,0.000505098000,   2.44000,
,,,0.000505100000,   2.44000,
,,,0.000505102000,   2.44000,
,,,0.000505104000,   2.44000,
,,,0.000505106000,   2.40000,
,,,0.000505108000,   2.40000,
,,,0.000505110000,   2.44000,
,,,0.000505112000,   2.40000,
,,,0.000505114000,   2.40000,
,,,0.000505116000,   2.44000,
,,,0.000505118000,   2.36000,
,,,0.000505120000,   2.40000,
,,,0.000505122000,   2.40000,
,,,0.000505124000,   2.40000,
,,,0.000505126000,   2.40000,
,,,0.000505128000,   2.40000,
,,,0.000505130000,   2.36000,
,,,0.000505132000,   2.40000,
,,,0.000505134000,   2.40000,
,,,0.000505136000,   2.40000,
,,,0.000505138000,   2.32000,
,,,0.000505140000,   2.28000,
,,,0.000505142000,   2.20000,
,,,0.000505144000,   2.12000,
,,,0.000505146000,   2.00000,
,,,0.000505148000,   1.88000,
,,,0.000505150000,   1.68000,
,,,0.000505152000,   1.52000,
,,,0.000505154000,   1.32000,
,,,0.000505156000,   1.04000,
,,,0.000505158000,   0.84000,
,,,0.000505160000,   0.64000,
,,,0.000505162000,   0.48000,
,,,0.000505164000,   0.32000,
,,,0.000505166000,   0.20000,
,,,0.000505168000,   0.08000,
,,,0.000505170000,  -0.04000,
,,,0.000505172000,  -0.12000,
,,,0.000505174000,  -0.24000,
,,,0.000505176000,  -0.36000,
,,,0.000505178000,  -0.40000,
,,,0.000505180000,  -0.56000,
,,,0.000505182000,  -0.64000,
,,,0.000505184000,  -0.80000,
,,,0.000505186000,  -0.84000,
,,,0.000505188000,  -0.92000,
,,,0.000505190000,  -1.04000,
,,,0.000505192000,  -1.08000,
,,,0.000505194000,  -1.16000,
,,,0.000505196000,  -1.24000,
,,,0.000505198000,  -1.36000,
,,,0.000505200000,  -1.44000,
,,,0.000505202000,  -1.44000,
,,,0.000505204000,  -1.52000,
,,,0.000505206000,  -1.52000,
,,,0.000505208000,  -1.56000,
,,,0.000505210000,  -1.64000,
,,,0.000505212000,  -1.68000,
,,,0.000505214000,  -1.72000,
,,,0.000505216000,  -1.76000,
,,,0.000505218000,  -1.80000,
,,,0.000505220000,  -1.80000,
,,,0.000505222000,  -1.84000,
,,,0.000505224000,  -1.92000,
,,,0.000505226000,  -1.92000,
,,,0.000505228000,  -2.00000,
,,,0.000505230000,  -2.04000,
,,,0.000505232000,  -2.08000,
,,,0.000505234000,  -2.16000,
,,,0.000505236000,  -2.12000,
,,,0.000505238000,  -2.12000,
,,,0.000505240000,  -2.16000,
,,,0.000505242000,  -2.20000,
,,,0.000505244000,  -2.20000,
,,,0.000505246000,  -2.20000,
,,,0.000505248000,  -2.24000,
,,,0.000505250000,  -2.20000,
,,,0.000505252000,  -2.28000,
,,,0.000505254000,  -2.28000,
,,,0.000505256000,  -2.28000,
,,,0.000505258000,  -2.28000,
,,,0.000505260000,  -2.32000,
,,,0.000505262000,  -2.32000,
,,,0.000505264000,  -2.40000,
,,,0.000505266000,  -2.40000,
,,,0.000505268000,  -2.36000,
,,,0.000505270000,  -2.40000,
,,,0.000505272000,  -2.36000,
,,,0.000505274000,  -2.40000,
,,,0.000505276000,  -2.40000,
,,,0.000505278000,  -2.36000,
,,,0.000505280000,  -2.40000,
,,,0.000505282000,  -2.40000,
,,,0.000505284000,  -2.44000,
,,,0.000505286000,  -2.44000,
,,,0.000505288000,  -2.44000,
,,,0.000505290000,  -2.48000,
,,,0.000505292000,  -2.40000,
,,,0.000505294000,  -2.52000,
,,,0.000505296000,  -2.48000,
,,,0.000505298000,  -2.52000,
,,,0.000505300000,  -2.52000,
,,,0.000505302000,  -2.52000,
,,,0.000505304000,  -2.52000,
,,,0.000505306000,  -2.52000,
,,,0.000505308000,  -2.48000,
,,,0.000505310000,  -2.52000,
,,,0.000505312000,  -2.48000,
,,,0.000505314000,  -2.56000,
,,,0.000505316000,  -2.56000,
,,,0.000505318000,  -2.52000,
,,,0.000505320000,  -2.52000,
,,,0.000505322000,  -2.52000,
,,,0.000505324000,  -2.48000,
,,,0.000505326000,  -2.52000,
,,,0.000505328000,  -2.56000,
,,,0.000505330000,  -2.56000,
,,,0.000505332000,  -2.60000,
,,,0.000505334000,  -2.52000,
,,,0.000505336000,  -2.56000,
,,,0.000505338000,  -2.56000,
,,,0.000505340000,  -2.56000,
,,,0.000505342000,  -2.52000,
,,,0.000505344000,  -2.56000,
,,,0.000505346000,  -2.60000,
,,,0.000505348000,  -2.56000,
,,,0.000505350000,  -2.60000,
,,,0.000505352000,  -2.56000,
,,,0.000505354000,  -2.56000,
,,,0.000505356000,  -2.56000,
,,,0.000505358000,  -2.56000,
,,,0.000505360000,  -2.52000,
,,,0.000505362000,  -2.52000,
,,,0.000505364000,  -2.56000,
,,,0.000505366000,  -2.56000,
,,,0.000505368000,  -2.56000,
,,,0.000505370000,  -2.52000,
,,,0.000505372000,  -2.60000,
,,,0.000505374000,  -2.56000,
,,,0.000505376000,  -2.56000,
,,,0.000505378000,  -2.60000,
,,,0.000505380000,  -2.56000,
,,,0.000505382000,  -2.68000,
,,,0.000505384000,  -2.60000,
,,,0.000505386000,  -2.56000,
,,,0.000505388000,  -2.52000,
,,,0.000505390000,  -2.56000,
,,,0.000505392000,  -2.56000,
,,,0.000505394000,  -2.56000,
,,,0.000505396000,  -2.52000,
,,,0.000505398000,  -2.64000,
,,,0.000505400000,  -2.56000,
,,,0.000505402000,  -2.60000,
,,,0.000505404000,  -2.56000,
,,,0.000505406000,  -2.56000,
,,,0.000505408000,  -2.56000,
,,,0.000505410000,  -2.60000,
,,,0.000505412000,  -2.56000,
,,,0.000505414000,  -2.60000,
,,,0.000505416000,  -2.60000,
,,,0.000505418000,  -2.56000,
,,,0.000505420000,  -2.60000,
,,,0.000505422000,  -2.60000,
,,,0.000505424000,  -2.56000,
,,,0.000505426000,  -2.56000,
,,,0.000505428000,  -2.60000,
,,,0.000505430000,  -2.60000,
,,,0.000505432000,  -2.60000,
,,,0.000505434000,  -2.56000,
,,,0.000505436000,  -2.60000,
,,,0.000505438000,  -2.60000,
,,,0.000505440000,  -2.60000,
,,,0.000505442000,  -2.52000,
,,,0.000505444000,  -2.60000,
,,,0.000505446000,  -2.60000,
,,,0.000505448000,  -2.56000,
,,,0.000505450000,  -2.60000,
,,,0.000505452000,  -2.56000,
,,,0.000505454000,  -2.56000,
,,,0.000505456000,  -2.60000,
,,,0.000505458000,  -2.56000,
,,,0.000505460000,  -2.56000,
,,,0.000505462000,  -2.56000,
,,,0.000505464000,  -2.60000,
,,,0.000505466000,  -2.60000,
,,,0.000505468000,  -2.56000,
,,,0.000505470000,  -2.56000,
,,,0.000505472000,  -2.56000,
,,,0.000505474000,  -2.60000,
,,,0.000505476000,  -2.60000,
,,,0.000505478000,  -2.60000,
,,,0.000505480000,  -2.60000,
,,,0.000505482000,  -2.52000,
,,,0.000505484000,  -2.52000,
,,,0.000505486000,  -2.56000,
,,,0.000505488000,  -2.56000,
,,,0.000505490000,  -2.52000,
,,,0.000505492000,  -2.56000,
,,,0.000505494000,  -2.52000,
,,,0.000505496000,  -2.56000,
,,,0.000505498000,  -2.60000,
,,,0.000505500000,  -2.56000,
,,,0.000505502000,  -2.56000,
,,,0.000505504000,  -2.56000,
,,,0.000505506000,  -2.56000,
,,,0.000505508000,  -2.56000,
,,,0.000505510000,  -2.52000,
,,,0.000505512000,  -2.56000,
,,,0.000505514000,  -2.52000,
,,,0.000505516000,  -2.56000,
,,,0.000505518000,  -2.56000,
,,,0.000505520000,  -2.56000,
,,,0.000505522000,  -2.56000,
,,,0.000505524000,  -2.52000,
,,,0.000505526000,  -2.60000,
,,,0.000505528000,  -2.52000,
,,,0.000505530000,  -2.60000,
,,,0.000505532000,  -2.52000,
,,,0.000505534000,  -2.60000,
,,,0.000505536000,  -2.52000,
,,,0.000505538000,  -2.56000,
,,,0.000505540000,  -2.52000,
,,,0.000505542000,  -2.56000,
,,,0.000505544000,  -2.56000,
,,,0.000505546000,  -2.56000,
,,,0.000505548000,  -2.56000,
,,,0.000505550000,  -2.56000,
,,,0.000505552000,  -2.56000,
,,,0.000505554000,  -2.52000,
,,,0.000505556000,  -2.52000,
,,,0.000505558000,  -2.52000,
,,,0.000505560000,  -2.56000,
,,,0.000505562000,  -2.52000,
,,,0.000505564000,  -2.52000,
,,,0.000505566000,  -2.52000,
,,,0.000505568000,  -2.56000,
,,,0.000505570000,  -2.56000,
,,,0.000505572000,  -2.52000,
,,,0.000505574000,  -2.48000,
,,,0.000505576000,  -2.56000,
,,,0.000505578000,  -2.52000,
,,,0.000505580000,  -2.60000,
,,,0.000505582000,  -2.56000,
,,,0.000505584000,  -2.52000,
,,,0.000505586000,  -2.52000,
,,,0.000505588000,  -2.52000,
,,,0.000505590000,  -2.52000,
,,,0.000505592000,  -2.56000,
,,,0.000505594000,  -2.56000,
,,,0.000505596000,  -2.56000,
,,,0.000505598000,  -2.56000,
,,,0.000505600000,  -2.52000,
,,,0.000505602000,  -2.56000,
,,,0.000505604000,  -2.52000,
,,,0.000505606000,  -2.56000,
,,,0.000505608000,  -2.52000,
,,,0.000505610000,  -2.52000,
,,,0.000505612000,  -2.60000,
,,,0.000505614000,  -2.56000,
,,,0.000505616000,  -2.56000,
,,,0.000505618000,  -2.48000,
,,,0.000505620000,  -2.56000,
,,,0.000505622000,  -2.56000,
,,,0.000505624000,  -2.52000,
,,,0.000505626000,  -2.56000,
,,,0.000505628000,  -2.56000,
,,,0.000505630000,  -2.52000,
,,,0.000505632000,  -2.52000,
,,,0.000505634000,  -2.56000,
,,,0.000505636000,  -2.52000,
,,,0.000505638000,  -2.52000,
,,,0.000505640000,  -2.52000,
,,,0.000505642000,  -2.48000,
,,,0.000505644000,  -2.52000,
,,,0.000505646000,  -2.48000,
,,,0.000505648000,  -2.56000,
,,,0.000505650000,  -2.52000,
,,,0.000505652000,  -2.48000,
,,,0.000505654000,  -2.52000,
,,,0.000505656000,  -2.52000,
,,,0.000505658000,  -2.52000,
,,,0.000505660000,  -2.52000,
,,,0.000505662000,  -2.52000,
,,,0.000505664000,  -2.52000,
,,,0.000505666000,  -2.52000,
,,,0.000505668000,  -2.56000,
,,,0.000505670000,  -2.52000,
,,,0.000505672000,  -2.52000,
,,,0.000505674000,  -2.52000,
,,,0.000505676000,  -2.52000,
,,,0.000505678000,  -2.44000,
,,,0.000505680000,  -2.52000,
,,,0.000505682000,  -2.52000,
,,,0.000505684000,  -2.52000,
,,,0.000505686000,  -2.52000,
,,,0.000505688000,  -2.52000,
,,,0.000505690000,  -2.52000,
,,,0.000505692000,  -2.52000,
,,,0.000505694000,  -2.52000,
,,,0.000505696000,  -2.48000,
,,,0.000505698000,  -2.48000,
,,,0.000505700000,  -2.48000,
,,,0.000505702000,  -2.52000,
,,,0.000505704000,  -2.48000,
,,,0.000505706000,  -2.52000,
,,,0.000505708000,  -2.52000,
,,,0.000505710000,  -2.48000,
,,,0.000505712000,  -2.52000,
,,,0.000505714000,  -2.52000,
,,,0.000505716000,  -2.52000,
,,,0.000505718000,  -2.48000,
,,,0.000505720000,  -2.48000,
,,,0.000505722000,  -2.44000,
,,,0.000505724000,  -2.48000,
,,,0.000505726000,  -2.44000,
,,,0.000505728000,  -2.48000,
,,,0.000505730000,  -2.48000,
,,,0.000505732000,  -2.44000,
,,,0.000505734000,  -2.44000,
,,,0.000505736000,  -2.48000,
,,,0.000505738000,  -2.52000,
,,,0.000505740000,  -2.52000,
,,,0.000505742000,  -2.52000,
,,,0.000505744000,  -2.52000,
,,,0.000505746000,  -2.52000,
,,,0.000505748000,  -2.48000,
,,,0.000505750000,  -2.52000,
,,,0.000505752000,  -2.48000,
,,,0.000505754000,  -2.52000,
,,,0.000505756000,  -2.48000,
,,,0.000505758000,  -2.44000,
,,,0.000505760000,  -2.48000,
,,,0.000505762000,  -2.48000,
,,,0.000505764000,  -2.52000,
,,,0.000505766000,  -2.52000,
,,,0.000505768000,  -2.48000,
,,,0.000505770000,  -2.48000,
,,,0.000505772000,  -2.48000,
,,,0.000505774000,  -2.52000,
,,,0.000505776000,  -2.52000,
,,,0.000505778000,  -2.52000,
,,,0.000505780000,  -2.52000,
,,,0.000505782000,  -2.44000,
,,,0.000505784000,  -2.44000,
,,,0.000505786000,  -2.48000,
,,,0.000505788000,  -2.52000,
,,,0.000505790000,  -2.40000,
,,,0.000505792000,  -2.48000,
,,,0.000505794000,  -2.48000,
,,,0.000505796000,  -2.48000,
,,,0.000505798000,  -2.48000,
,,,0.000505800000,  -2.48000,
,,,0.000505802000,  -2.48000,
,,,0.000505804000,  -2.48000,
,,,0.000505806000,  -2.48000,
,,,0.000505808000,  -2.48000,
,,,0.000505810000,  -2.48000,
,,,0.000505812000,  -2.52000,
,,,0.000505814000,  -2.44000,
,,,0.000505816000,  -2.48000,
,,,0.000505818000,  -2.44000,
,,,0.000505820000,  -2.44000,
,,,0.000505822000,  -2.44000,
,,,0.000505824000,  -2.48000,
,,,0.000505826000,  -2.48000,
,,,0.000505828000,  -2.48000,
,,,0.000505830000,  -2.48000,
,,,0.000505832000,  -2.48000,
,,,0.000505834000,  -2.48000,
,,,0.000505836000,  -2.44000,
,,,0.000505838000,  -2.44000,
,,,0.000505840000,  -2.44000,
,,,0.000505842000,  -2.44000,
,,,0.000505844000,  -2.44000,
,,,0.000505846000,  -2.44000,
,,,0.000505848000,  -2.48000,
,,,0.000505850000,  -2.48000,
,,,0.000505852000,  -2.44000,
,,,0.000505854000,  -2.44000,
,,,0.000505856000,  -2.48000,
,,,0.000505858000,  -2.44000,
,,,0.000505860000,  -2.48000,
,,,0.000505862000,  -2.44000,
,,,0.000505864000,  -2.48000,
,,,0.000505866000,  -2.48000,
,,,0.000505868000,  -2.48000,
,,,0.000505870000,  -2.48000,
,,,0.000505872000,  -2.40000,
,,,0.000505874000,  -2.44000,
,,,0.000505876000,  -2.44000,
,,,0.000505878000,  -2.40000,
,,,0.000505880000,  -2.44000,
,,,0.000505882000,  -2.44000,
,,,0.000505884000,  -2.48000,
,,,0.000505886000,  -2.44000,
,,,0.000505888000,  -2.48000,
,,,0.000505890000,  -2.48000,
,,,0.000505892000,  -2.48000,
,,,0.000505894000,  -2.48000,
,,,0.000505896000,  -2.44000,
,,,0.000505898000,  -2.44000,
,,,0.000505900000,  -2.44000,
,,,0.000505902000,  -2.40000,
,,,0.000505904000,  -2.44000,
,,,0.000505906000,  -2.44000,
,,,0.000505908000,  -2.44000,
,,,0.000505910000,  -2.48000,
,,,0.000505912000,  -2.48000,
,,,0.000505914000,  -2.48000,
,,,0.000505916000,  -2.44000,
,,,0.000505918000,  -2.44000,
,,,0.000505920000,  -2.48000,
,,,0.000505922000,  -2.44000,
,,,0.000505924000,  -2.44000,
,,,0.000505926000,  -2.48000,
,,,0.000505928000,  -2.40000,
,,,0.000505930000,  -2.44000,
,,,0.000505932000,  -2.44000,
,,,0.000505934000,  -2.44000,
,,,0.000505936000,  -2.44000,
,,,0.000505938000,  -2.44000,
,,,0.000505940000,  -2.44000,
,,,0.000505942000,  -2.44000,
,,,0.000505944000,  -2.44000,
,,,0.000505946000,  -2.40000,
,,,0.000505948000,  -2.44000,
,,,0.000505950000,  -2.40000,
,,,0.000505952000,  -2.40000,
,,,0.000505954000,  -2.44000,
,,,0.000505956000,  -2.44000,
,,,0.000505958000,  -2.44000,
,,,0.000505960000,  -2.40000,
,,,0.000505962000,  -2.44000,
,,,0.000505964000,  -2.44000,
,,,0.000505966000,  -2.40000,
,,,0.000505968000,  -2.40000,
,,,0.000505970000,  -2.44000,
,,,0.000505972000,  -2.44000,
,,,0.000505974000,  -2.44000,
,,,0.000505976000,  -2.48000,
,,,0.000505978000,  -2.44000,
,,,0.000505980000,  -2.40000,
,,,0.000505982000,  -2.44000,
,,,0.000505984000,  -2.44000,
,,,0.000505986000,  -2.40000,
,,,0.000505988000,  -2.40000,
,,,0.000505990000,  -2.44000,
,,,0.000505992000,  -2.40000,
,,,0.000505994000,  -2.40000,
,,,0.000505996000,  -2.44000,
,,,0.000505998000,  -2.40000,
,,,0.000506000000,  -2.44000,
,,,0.000506002000,  -2.40000,
,,,0.000506004000,  -2.44000,
,,,0.000506006000,  -2.44000,
,,,0.000506008000,  -2.44000,
,,,0.000506010000,  -2.40000,
,,,0.000506012000,  -2.40000,
,,,0.000506014000,  -2.40000,
,,,0.000506016000,  -2.40000,
,,,0.000506018000,  -2.40000,
,,,0.000506020000,  -2.44000,
,,,0.000506022000,  -2.44000,
,,,0.000506024000,  -2.48000,
,,,0.000506026000,  -2.48000,
,,,0.000506028000,  -2.40000,
,,,0.000506030000,  -2.40000,
,,,0.000506032000,  -2.44000,
,,,0.000506034000,  -2.44000,
,,,0.000506036000,  -2.44000,
,,,0.000506038000,  -2.44000,
,,,0.000506040000,  -2.40000,
,,,0.000506042000,  -2.40000,
,,,0.000506044000,  -2.36000,
,,,0.000506046000,  -2.40000,
,,,0.000506048000,  -2.40000,
,,,0.000506050000,  -2.40000,
,,,0.000506052000,  -2.48000,
,,,0.000506054000,  -2.44000,
,,,0.000506056000,  -2.44000,
,,,0.000506058000,  -2.40000,
,,,0.000506060000,  -2.40000,
,,,0.000506062000,  -2.44000,
,,,0.000506064000,  -2.40000,
,,,0.000506066000,  -2.40000,
,,,0.000506068000,  -2.44000,
,,,0.000506070000,  -2.44000,
,,,0.000506072000,  -2.40000,
,,,0.000506074000,  -2.40000,
,,,0.000506076000,  -2.40000,
,,,0.000506078000,  -2.40000,
,,,0.000506080000,  -2.36000,
,,,0.000506082000,  -2.44000,
,,,0.000506084000,  -2.40000,
,,,0.000506086000,  -2.40000,
,,,0.000506088000,  -2.44000,
,,,0.000506090000,  -2.40000,
,,,0.000506092000,  -2.40000,
,,,0.000506094000,  -2.40000,
,,,0.000506096000,  -2.40000,
,,,0.000506098000,  -2.36000,
,,,0.000506100000,  -2.44000,
,,,0.000506102000,  -2.40000,
,,,0.000506104000,  -2.44000,
,,,0.000506106000,  -2.44000,
,,,0.000506108000,  -2.44000,
,,,0.000506110000,  -2.36000,
,,,0.000506112000,  -2.40000,
,,,0.000506114000,  -2.40000,
,,,0.000506116000,  -2.40000,
,,,0.000506118000,  -2.40000,
,,,0.000506120000,  -2.36000,
,,,0.000506122000,  -2.40000,
,,,0.000506124000,  -2.44000,
,,,0.000506126000,  -2.36000,
,,,0.000506128000,  -2.40000,
,,,0.000506130000,  -2.36000,
,,,0.000506132000,  -2.36000,
,,,0.000506134000,  -2.32000,
,,,0.000506136000,  -2.36000,
,,,0.000506138000,  -2.36000,
,,,0.000506140000,  -2.28000,
,,,0.000506142000,  -2.24000,
,,,0.000506144000,  -2.16000,
,,,0.000506146000,  -2.04000,
,,,0.000506148000,  -1.88000,
,,,0.000506150000,  -1.72000,
,,,0.000506152000,  -1.48000,
,,,0.000506154000,  -1.24000,
,,,0.000506156000,  -1.04000,
,,,0.000506158000,  -0.80000,
,,,0.000506160000,  -0.68000,
,,,0.000506162000,  -0.52000,
,,,0.000506164000,  -0.40000,
,,,0.000506166000,  -0.20000,
,,,0.000506168000,  -0.12000,
,,,0.000506170000,   0.04000,
,,,0.000506172000,   0.08000,
,,,0.000506174000,   0.24000,
,,,0.000506176000,   0.32000,
,,,0.000506178000,   0.44000,
,,,0.000506180000,   0.48000,
,,,0.000506182000,   0.60000,
,,,0.000506184000,   0.72000,
,,,0.000506186000,   0.80000,
,,,0.000506188000,   0.96000,
,,,0.000506190000,   1.00000,
,,,0.000506192000,   1.08000,
,,,0.000506194000,   1.20000,
,,,0.000506196000,   1.24000,
,,,0.000506198000,   1.28000,
,,,0.000506200000,   1.40000,
,,,0.000506202000,   1.44000,
,,,0.000506204000,   1.48000,
,,,0.000506206000,   1.56000,
,,,0.000506208000,   1.60000,
,,,0.000506210000,   1.60000,
,,,0.000506212000,   1.64000,
,,,0.000506214000,   1.72000,
,,,0.000506216000,   1.72000,
,,,0.000506218000,   1.76000,
,,,0.000506220000,   1.92000,
,,,0.000506222000,   1.88000,
,,,0.000506224000,   1.92000,
,,,0.000506226000,   1.96000,
,,,0.000506228000,   1.96000,
,,,0.000506230000,   2.04000,
,,,0.000506232000,   2.08000,
,,,0.000506234000,   2.08000,
,,,0.000506236000,   2.12000,
,,,0.000506238000,   2.08000,
,,,0.000506240000,   2.16000,
,,,0.000506242000,   2.12000,
,,,0.000506244000,   2.20000,
,,,0.000506246000,   2.20000,
,,,0.000506248000,   2.24000,
,,,0.000506250000,   2.24000,
,,,0.000506252000,   2.24000,
,,,0.000506254000,   2.28000,
,,,0.000506256000,   2.32000,
,,,0.000506258000,   2.28000,
,,,0.000506260000,   2.32000,
,,,0.000506262000,   2.36000,
,,,0.000506264000,   2.36000,
,,,0.000506266000,   2.36000,
,,,0.000506268000,   2.36000,
,,,0.000506270000,   2.32000,
,,,0.000506272000,   2.40000,
,,,0.000506274000,   2.40000,
,,,0.000506276000,   2.44000,
,,,0.000506278000,   2.44000,
,,,0.000506280000,   2.40000,
,,,0.000506282000,   2.48000,
,,,0.000506284000,   2.40000,
,,,0.000506286000,   2.48000,
,,,0.000506288000,   2.48000,
,,,0.000506290000,   2.44000,
,,,0.000506292000,   2.48000,
,,,0.000506294000,   2.48000,
,,,0.000506296000,   2.48000,
,,,0.000506298000,   2.48000,
,,,0.000506300000,   2.48000,
,,,0.000506302000,   2.52000,
,,,0.000506304000,   2.48000,
,,,0.000506306000,   2.52000,
,,,0.000506308000,   2.52000,
,,,0.000506310000,   2.56000,
,,,0.000506312000,   2.56000,
,,,0.000506314000,   2.56000,
,,,0.000506316000,   2.52000,
,,,0.000506318000,   2.52000,
,,,0.000506320000,   2.56000,
,,,0.000506322000,   2.56000,
,,,0.000506324000,   2.56000,
,,,0.000506326000,   2.56000,
,,,0.000506328000,   2.60000,
,,,0.000506330000,   2.52000,
,,,0.000506332000,   2.56000,
,,,0.000506334000,   2.60000,
,,,0.000506336000,   2.56000,
,,,0.000506338000,   2.56000,
,,,0.000506340000,   2.56000,
,,,0.000506342000,   2.56000,
,,,0.000506344000,   2.56000,
,,,0.000506346000,   2.60000,
,,,0.000506348000,   2.52000,
,,,0.000506350000,   2.52000,
,,,0.000506352000,   2.52000,
,,,0.000506354000,   2.60000,
,,,0.000506356000,   2.64000,
,,,0.000506358000,   2.60000,
,,,0.000506360000,   2.64000,
,,,0.000506362000,   2.60000,
,,,0.000506364000,   2.56000,
,,,0.000506366000,   2.56000,
,,,0.000506368000,   2.56000,
,,,0.000506370000,   2.56000,
,,,0.000506372000,   2.60000,
,,,0.000506374000,   2.56000,
,,,0.000506376000,   2.60000,
,,,0.000506378000,   2.56000,
,,,0.000506380000,   2.56000,
,,,0.000506382000,   2.60000,
,,,0.000506384000,   2.56000,
,,,0.000506386000,   2.56000,
,,,0.000506388000,   2.64000,
,,,0.000506390000,   2.64000,
,,,0.000506392000,   2.60000,
,,,0.000506394000,   2.56000,
,,,0.000506396000,   2.60000,
,,,0.000506398000,   2.60000,
,,,0.000506400000,   2.60000,
,,,0.000506402000,   2.52000,
,,,0.000506404000,   2.60000,
,,,0.000506406000,   2.56000,
,,,0.000506408000,   2.60000,
,,,0.000506410000,   2.56000,
,,,0.000506412000,   2.56000,
,,,0.000506414000,   2.60000,
,,,0.000506416000,   2.56000,
,,,0.000506418000,   2.60000,
,,,0.000506420000,   2.56000,
,,,0.000506422000,   2.56000,
,,,0.000506424000,   2.60000,
,,,0.000506426000,   2.60000,
,,,0.000506428000,   2.60000,
,,,0.000506430000,   2.60000,
,,,0.000506432000,   2.60000,
,,,0.000506434000,   2.64000,
,,,0.000506436000,   2.60000,
,,,0.000506438000,   2.60000,
,,,0.000506440000,   2.60000,
,,,0.000506442000,   2.60000,
,,,0.000506444000,   2.60000,
,,,0.000506446000,   2.56000,
,,,0.000506448000,   2.60000,
,,,0.000506450000,   2.56000,
,,,0.000506452000,   2.64000,
,,,0.000506454000,   2.60000,
,,,0.000506456000,   2.56000,
,,,0.000506458000,   2.56000,
,,,0.000506460000,   2.60000,
,,,0.000506462000,   2.60000,
,,,0.000506464000,   2.60000,
,,,0.000506466000,   2.56000,
,,,0.000506468000,   2.60000,
,,,0.000506470000,   2.56000,
,,,0.000506472000,   2.60000,
,,,0.000506474000,   2.56000,
,,,0.000506476000,   2.60000,
,,,0.000506478000,   2.56000,
,,,0.000506480000,   2.56000,
,,,0.000506482000,   2.60000,
,,,0.000506484000,   2.60000,
,,,0.000506486000,   2.60000,
,,,0.000506488000,   2.60000,
,,,0.000506490000,   2.60000,
,,,0.000506492000,   2.56000,
,,,0.000506494000,   2.56000,
,,,0.000506496000,   2.60000,
,,,0.000506498000,   2.56000,
