Record Length,2.50E+03,,-0.512,0.008
Sample Interval,4.00E-04,,-0.5116,0.004
Trigger Point,1.28E+03,,-0.5112,0.004
,,,-0.5108,0.004
,,,-0.5104,0.004
,,,-0.51,0.004
Source,CH1,,-0.5096,0.004
Vertical Units,V,,-0.5092,0.004
Vertical Scale,1.00E-01,,-0.5088,0.004
Vertical Offset,-3.04E-01,,-0.5084,0.004
Horizontal Units,s,,-0.508,0.004
Horizontal Scale,1.00E-01,,-0.5076,0.004
Pt Fmt,Y,,-0.5072,0.004
Yzero,0.00E+00,,-0.5068,0.008
Probe Atten,1.00E+00,,-0.5064,0.004
Model Number,TDS1012B,,-0.506,0.004
Serial Number,C055216,,-0.5056,0.004
Firmware Version,FV:v22.16,,-0.5052,0.004
,,,-0.5048,0.004
,,,-0.5044,0.004
,,,-0.504,0.004
,,,-0.5036,0.004
,,,-0.5032,0.004
,,,-0.5028,0.004
,,,-0.5024,0.004
,,,-0.502,0.004
,,,-0.5016,0.004
,,,-0.5012,0.004
,,,-0.5008,0.004
,,,-0.5004,0.004
,,,-0.5,0.004
,,,-0.4996,0
,,,-0.4992,0.004
,,,-0.4988,0.004
,,,-0.4984,0.004
,,,-0.498,0.004
,,,-0.4976,0.004
,,,-0.4972,0.004
,,,-0.4968,0.004
,,,-0.4964,0.004
,,,-0.496,0.004
,,,-0.4956,0.004
,,,-0.4952,0.004
,,,-0.4948,0.004
,,,-0.4944,0.004
,,,-0.494,0.004
,,,-0.4936,0.004
,,,-0.4932,0.004
,,,-0.4928,0.004
,,,-0.4924,0.004
,,,-0.492,0.004
,,,-0.4916,0.004
,,,-0.4912,0.004
,,,-0.4908,0.008
,,,-0.4904,0.004
,,,-0.49,0
,,,-0.4896,0.004
,,,-0.4892,0.004
,,,-0.4888,0
,,,-0.4884,0.004
,,,-0.488,0.004
,,,-0.4876,0.004
,,,-0.4872,0.004
,,,-0.4868,0.008
,,,-0.4864,0.004
,,,-0.486,0.004
,,,-0.4856,0.004
,,,-0.4852,0.004
,,,-0.4848,0.004
,,,-0.4844,0.004
,,,-0.484,0.004
,,,-0.4836,0.004
,,,-0.4832,0.004
,,,-0.4828,0.004
,,,-0.4824,0.004
,,,-0.482,0.004
,,,-0.4816,0
,,,-0.4812,0.004
,,,-0.4808,0.004
,,,-0.4804,0.004
,,,-0.48,0.004
,,,-0.4796,0.004
,,,-0.4792,0.004
,,,-0.4788,0.004
,,,-0.4784,0.008
,,,-0.478,0
,,,-0.4776,0.004
,,,-0.4772,0.004
,,,-0.4768,0.004
,,,-0.4764,0.004
,,,-0.476,0.004
,,,-0.4756,0.004
,,,-0.4752,0.004
,,,-0.4748,0
,,,-0.4744,0.004
,,,-0.474,0.004
,,,-0.4736,0.004
,,,-0.4732,0.004
,,,-0.4728,0.004
,,,-0.4724,0.004
,,,-0.472,0.004
,,,-0.4716,0.004
,,,-0.4712,0.004
,,,-0.4708,0.004
,,,-0.4704,0.004
,,,-0.47,0.004
,,,-0.4696,0.004
,,,-0.4692,0.004
,,,-0.4688,0.004
,,,-0.4684,0.004
,,,-0.468,0.004
,,,-0.4676,0
,,,-0.4672,0.004
,,,-0.4668,0.004
,,,-0.4664,0.004
,,,-0.466,0.004
,,,-0.4656,0.004
,,,-0.4652,0.004
,,,-0.4648,0.004
,,,-0.4644,0.004
,,,-0.464,0.004
,,,-0.4636,0.004
,,,-0.4632,0.004
,,,-0.4628,0.004
,,,-0.4624,0.004
,,,-0.462,0.004
,,,-0.4616,0.004
,,,-0.4612,0
,,,-0.4608,0.004
,,,-0.4604,0.004
,,,-0.46,0
,,,-0.4596,0.004
,,,-0.4592,0.004
,,,-0.4588,0.004
,,,-0.4584,0.004
,,,-0.458,0.004
,,,-0.4576,0.004
,,,-0.4572,0.004
,,,-0.4568,0.004
,,,-0.4564,0.004
,,,-0.456,0.004
,,,-0.4556,0
,,,-0.4552,0.004
,,,-0.4548,0.004
,,,-0.4544,0.004
,,,-0.454,0.004
,,,-0.4536,0.004
,,,-0.4532,0.004
,,,-0.4528,0.004
,,,-0.4524,0
,,,-0.452,0.004
,,,-0.4516,0.004
,,,-0.4512,0.004
,,,-0.4508,0.004
,,,-0.4504,0.004
,,,-0.45,0.004
,,,-0.4496,0.004
,,,-0.4492,0.004
,,,-0.4488,0.004
,,,-0.4484,0.004
,,,-0.448,0.004
,,,-0.4476,0.004
,,,-0.4472,0.004
,,,-0.4468,0.004
,,,-0.4464,0.004
,,,-0.446,0.004
,,,-0.4456,0.004
,,,-0.4452,0.004
,,,-0.4448,0.004
,,,-0.4444,0.004
,,,-0.444,0.004
,,,-0.4436,0.004
,,,-0.4432,0.004
,,,-0.4428,0.004
,,,-0.4424,0.004
,,,-0.442,0.004
,,,-0.4416,0.004
,,,-0.4412,0.004
,,,-0.4408,0.004
,,,-0.4404,0.004
,,,-0.44,0.004
,,,-0.4396,0.004
,,,-0.4392,0.004
,,,-0.4388,0.004
,,,-0.4384,0.004
,,,-0.438,0.004
,,,-0.4376,0.004
,,,-0.4372,0.008
,,,-0.4368,0.004
,,,-0.4364,0.004
,,,-0.436,0.004
,,,-0.4356,0.004
,,,-0.4352,0.004
,,,-0.4348,0.004
,,,-0.4344,0.004
,,,-0.434,0
,,,-0.4336,0.004
,,,-0.4332,0.004
,,,-0.4328,0.004
,,,-0.4324,0.008
,,,-0.432,0.004
,,,-0.4316,0.004
,,,-0.4312,0.004
,,,-0.4308,0.004
,,,-0.4304,0.008
,,,-0.43,0.004
,,,-0.4296,0.004
,,,-0.4292,0.004
,,,-0.4288,0.004
,,,-0.4284,0.004
,,,-0.428,0.004
,,,-0.4276,0.004
,,,-0.4272,0.004
,,,-0.4268,0.004
,,,-0.4264,0.008
,,,-0.426,0.004
,,,-0.4256,0.004
,,,-0.4252,0.004
,,,-0.4248,0
,,,-0.4244,0.004
,,,-0.424,0.004
,,,-0.4236,0.004
,,,-0.4232,0.004
,,,-0.4228,0.004
,,,-0.4224,0.004
,,,-0.422,0.004
,,,-0.4216,0.004
,,,-0.4212,0
,,,-0.4208,0
,,,-0.4204,0
,,,-0.42,0.004
,,,-0.4196,0.004
,,,-0.4192,0
,,,-0.4188,0.004
,,,-0.4184,0.004
,,,-0.418,0.004
,,,-0.4176,0
,,,-0.4172,0.004
,,,-0.4168,0
,,,-0.4164,0.004
,,,-0.416,0.004
,,,-0.4156,0.004
,,,-0.4152,0.004
,,,-0.4148,0.004
,,,-0.4144,0.004
,,,-0.414,0.004
,,,-0.4136,0.004
,,,-0.4132,0.004
,,,-0.4128,0.008
,,,-0.4124,0.004
,,,-0.412,0.004
,,,-0.4116,0.004
,,,-0.4112,0.004
,,,-0.4108,0.004
,,,-0.4104,0.004
,,,-0.41,0.004
,,,-0.4096,0.004
,,,-0.4092,0.004
,,,-0.4088,0.004
,,,-0.4084,0.004
,,,-0.408,0.004
,,,-0.4076,0.004
,,,-0.4072,0.004
,,,-0.4068,0.004
,,,-0.4064,0.004
,,,-0.406,0.004
,,,-0.4056,0.004
,,,-0.4052,0.004
,,,-0.4048,0.004
,,,-0.4044,0.004
,,,-0.404,0.004
,,,-0.4036,0.004
,,,-0.4032,0
,,,-0.4028,0.004
,,,-0.4024,0.004
,,,-0.402,0.004
,,,-0.4016,0.004
,,,-0.4012,0.004
,,,-0.4008,0.004
,,,-0.4004,0.004
,,,-0.4,0.008
,,,-0.3996,0.004
,,,-0.3992,0.004
,,,-0.3988,0.004
,,,-0.3984,0.004
,,,-0.398,0.004
,,,-0.3976,0
,,,-0.3972,0.004
,,,-0.3968,0.004
,,,-0.3964,0
,,,-0.396,0.004
,,,-0.3956,0.004
,,,-0.3952,0.004
,,,-0.3948,0.008
,,,-0.3944,0.004
,,,-0.394,0.004
,,,-0.3936,0.004
,,,-0.3932,0.004
,,,-0.3928,0.004
,,,-0.3924,0.004
,,,-0.392,0.004
,,,-0.3916,0.008
,,,-0.3912,0.004
,,,-0.3908,0.004
,,,-0.3904,0.004
,,,-0.39,0.004
,,,-0.3896,0.004
,,,-0.3892,0
,,,-0.3888,0.004
,,,-0.3884,0
,,,-0.388,0.004
,,,-0.3876,0.004
,,,-0.3872,0.004
,,,-0.3868,0.004
,,,-0.3864,0.004
,,,-0.386,0
,,,-0.3856,0
,,,-0.3852,0.004
,,,-0.3848,0.004
,,,-0.3844,0.004
,,,-0.384,0
,,,-0.3836,0.004
,,,-0.3832,0.004
,,,-0.3828,0.004
,,,-0.3824,0.004
,,,-0.382,0.004
,,,-0.3816,0.004
,,,-0.3812,0.004
,,,-0.3808,0.004
,,,-0.3804,0.004
,,,-0.38,0.004
,,,-0.3796,0.004
,,,-0.3792,0.004
,,,-0.3788,0.004
,,,-0.3784,0.004
,,,-0.378,0.004
,,,-0.3776,0
,,,-0.3772,0.004
,,,-0.3768,0.004
,,,-0.3764,0.004
,,,-0.376,0.004
,,,-0.3756,0.004
,,,-0.3752,0
,,,-0.3748,0.004
,,,-0.3744,0.004
,,,-0.374,0.004
,,,-0.3736,0.004
,,,-0.3732,0.004
,,,-0.3728,0.004
,,,-0.3724,0.004
,,,-0.372,0.004
,,,-0.3716,0.004
,,,-0.3712,0.004
,,,-0.3708,0.004
,,,-0.3704,0.004
,,,-0.37,0.004
,,,-0.3696,0.004
,,,-0.3692,0.004
,,,-0.3688,0.004
,,,-0.3684,0.004
,,,-0.368,0.004
,,,-0.3676,0.004
,,,-0.3672,0.004
,,,-0.3668,0.004
,,,-0.3664,0.004
,,,-0.366,0
,,,-0.3656,0.004
,,,-0.3652,0.004
,,,-0.3648,0.004
,,,-0.3644,0.008
,,,-0.364,0.004
,,,-0.3636,0.004
,,,-0.3632,0.004
,,,-0.3628,0.004
,,,-0.3624,0.004
,,,-0.362,0.004
,,,-0.3616,0.004
,,,-0.3612,0.004
,,,-0.3608,0.008
,,,-0.3604,0.004
,,,-0.36,0.004
,,,-0.3596,0.004
,,,-0.3592,0.004
,,,-0.3588,0.004
,,,-0.3584,0.004
,,,-0.358,0.008
,,,-0.3576,0.004
,,,-0.3572,0
,,,-0.3568,0.004
,,,-0.3564,0.004
,,,-0.356,0.004
,,,-0.3556,0.004
,,,-0.3552,0.004
,,,-0.3548,0.004
,,,-0.3544,0.004
,,,-0.354,0.008
,,,-0.3536,0.004
,,,-0.3532,0.004
,,,-0.3528,0.004
,,,-0.3524,0.004
,,,-0.352,0.004
,,,-0.3516,0.004
,,,-0.3512,0.004
,,,-0.3508,0.004
,,,-0.3504,0.004
,,,-0.35,0.004
,,,-0.3496,0.004
,,,-0.3492,0.004
,,,-0.3488,0.004
,,,-0.3484,0.004
,,,-0.348,0
,,,-0.3476,0.004
,,,-0.3472,0.004
,,,-0.3468,0.004
,,,-0.3464,0.004
,,,-0.346,0.004
,,,-0.3456,0.004
,,,-0.3452,0.004
,,,-0.3448,0.004
,,,-0.3444,0.004
,,,-0.344,0.004
,,,-0.3436,0.004
,,,-0.3432,0
,,,-0.3428,0.004
,,,-0.3424,0.004
,,,-0.342,0.004
,,,-0.3416,0.004
,,,-0.3412,0.008
,,,-0.3408,0.004
,,,-0.3404,0.004
,,,-0.34,0.004
,,,-0.3396,0.004
,,,-0.3392,0.004
,,,-0.3388,0
,,,-0.3384,0.004
,,,-0.338,0.004
,,,-0.3376,0.004
,,,-0.3372,0.004
,,,-0.3368,0.004
,,,-0.3364,0.004
,,,-0.336,0.004
,,,-0.3356,0.004
,,,-0.3352,0.004
,,,-0.3348,0.004
,,,-0.3344,0.008
,,,-0.334,0.004
,,,-0.3336,0.004
,,,-0.3332,0.004
,,,-0.3328,0.004
,,,-0.3324,0.004
,,,-0.332,0.004
,,,-0.3316,0.004
,,,-0.3312,0.004
,,,-0.3308,0.004
,,,-0.3304,0.004
,,,-0.33,0
,,,-0.3296,0.004
,,,-0.3292,0.004
,,,-0.3288,0
,,,-0.3284,0.008
,,,-0.328,0.004
,,,-0.3276,0
,,,-0.3272,0.004
,,,-0.3268,0.004
,,,-0.3264,0.004
,,,-0.326,0
,,,-0.3256,0.004
,,,-0.3252,0.004
,,,-0.3248,0.004
,,,-0.3244,0.004
,,,-0.324,0.004
,,,-0.3236,0.004
,,,-0.3232,0.004
,,,-0.3228,0.004
,,,-0.3224,0.004
,,,-0.322,0.004
,,,-0.3216,0.004
,,,-0.3212,0.004
,,,-0.3208,0.004
,,,-0.3204,0.004
,,,-0.32,0.004
,,,-0.3196,0.004
,,,-0.3192,0.004
,,,-0.3188,0.004
,,,-0.3184,0.004
,,,-0.318,0.004
,,,-0.3176,0
,,,-0.3172,0.004
,,,-0.3168,0.004
,,,-0.3164,0.004
,,,-0.316,0.004
,,,-0.3156,0.004
,,,-0.3152,0.004
,,,-0.3148,0.004
,,,-0.3144,0
,,,-0.314,0.004
,,,-0.3136,0.004
,,,-0.3132,0.004
,,,-0.3128,0.004
,,,-0.3124,0.004
,,,-0.312,0.004
,,,-0.3116,0.004
,,,-0.3112,0.004
,,,-0.3108,0.004
,,,-0.3104,0.004
,,,-0.31,0.004
,,,-0.3096,0.004
,,,-0.3092,0
,,,-0.3088,0.004
,,,-0.3084,0
,,,-0.308,0.004
,,,-0.3076,0.008
,,,-0.3072,0.004
,,,-0.3068,0.004
,,,-0.3064,0.004
,,,-0.306,0.004
,,,-0.3056,0.004
,,,-0.3052,0.004
,,,-0.3048,0.004
,,,-0.3044,0.004
,,,-0.304,0.004
,,,-0.3036,0.004
,,,-0.3032,0.004
,,,-0.3028,0
,,,-0.3024,0.004
,,,-0.302,0.008
,,,-0.3016,0.004
,,,-0.3012,0.004
,,,-0.3008,0.004
,,,-0.3004,0.004
,,,-0.3,0
,,,-0.2996,0.004
,,,-0.2992,0.004
,,,-0.2988,0.004
,,,-0.2984,0.004
,,,-0.298,0.004
,,,-0.2976,0.004
,,,-0.2972,0
,,,-0.2968,0.004
,,,-0.2964,0
,,,-0.296,0
,,,-0.2956,0.004
,,,-0.2952,0.004
,,,-0.2948,0.004
,,,-0.2944,0.004
,,,-0.294,0.004
,,,-0.2936,0.004
,,,-0.2932,0.004
,,,-0.2928,0.004
,,,-0.2924,0.004
,,,-0.292,0.004
,,,-0.2916,0.004
,,,-0.2912,0.004
,,,-0.2908,0.004
,,,-0.2904,0.004
,,,-0.29,0.004
,,,-0.2896,0.004
,,,-0.2892,0.004
,,,-0.2888,0.008
,,,-0.2884,0.004
,,,-0.288,0.004
,,,-0.2876,0.004
,,,-0.2872,0.004
,,,-0.2868,0.004
,,,-0.2864,0.004
,,,-0.286,0
,,,-0.2856,0.004
,,,-0.2852,0.004
,,,-0.2848,0.004
,,,-0.2844,0.004
,,,-0.284,0.004
,,,-0.2836,0.004
,,,-0.2832,0.004
,,,-0.2828,0.004
,,,-0.2824,0.004
,,,-0.282,0.004
,,,-0.2816,0.004
,,,-0.2812,0.004
,,,-0.2808,0.004
,,,-0.2804,0.004
,,,-0.28,0.004
,,,-0.2796,0.004
,,,-0.2792,0.004
,,,-0.2788,0.004
,,,-0.2784,0
,,,-0.278,0.004
,,,-0.2776,0.004
,,,-0.2772,0.004
,,,-0.2768,0.004
,,,-0.2764,0.004
,,,-0.276,0.004
,,,-0.2756,0.004
,,,-0.2752,0.004
,,,-0.2748,0.004
,,,-0.2744,0.004
,,,-0.274,0.004
,,,-0.2736,0.004
,,,-0.2732,0.004
,,,-0.2728,0.004
,,,-0.2724,0.004
,,,-0.272,0.004
,,,-0.2716,0
,,,-0.2712,0.004
,,,-0.2708,0.004
,,,-0.2704,0
,,,-0.27,0.004
,,,-0.2696,0.004
,,,-0.2692,0.004
,,,-0.2688,0.004
,,,-0.2684,0.004
,,,-0.268,0
,,,-0.2676,0.004
,,,-0.2672,0.004
,,,-0.2668,0.004
,,,-0.2664,0.004
,,,-0.266,0.004
,,,-0.2656,0.004
,,,-0.2652,0.004
,,,-0.2648,0.004
,,,-0.2644,0.004
,,,-0.264,0.004
,,,-0.2636,0.004
,,,-0.2632,0
,,,-0.2628,0.004
,,,-0.2624,0.004
,,,-0.262,0.004
,,,-0.2616,0.004
,,,-0.2612,0.004
,,,-0.2608,0.004
,,,-0.2604,0
,,,-0.26,0.004
,,,-0.2596,0.004
,,,-0.2592,0.004
,,,-0.2588,0.004
,,,-0.2584,0.004
,,,-0.258,0.004
,,,-0.2576,0.004
,,,-0.2572,0.008
,,,-0.2568,0.004
,,,-0.2564,0.004
,,,-0.256,0.004
,,,-0.2556,0.004
,,,-0.2552,0.004
,,,-0.2548,0.004
,,,-0.2544,0
,,,-0.254,0.004
,,,-0.2536,0.004
,,,-0.2532,0
,,,-0.2528,0.004
,,,-0.2524,0.004
,,,-0.252,0.004
,,,-0.2516,0.004
,,,-0.2512,0.004
,,,-0.2508,0.004
,,,-0.2504,0.004
,,,-0.25,0.004
,,,-0.2496,0.004
,,,-0.2492,0
,,,-0.2488,0.004
,,,-0.2484,0.004
,,,-0.248,0
,,,-0.2476,0.004
,,,-0.2472,0.004
,,,-0.2468,0.004
,,,-0.2464,0.004
,,,-0.246,0
,,,-0.2456,0.004
,,,-0.2452,0.004
,,,-0.2448,0.004
,,,-0.2444,0.004
,,,-0.244,0
,,,-0.2436,0.004
,,,-0.2432,0.004
,,,-0.2428,0.004
,,,-0.2424,0.004
,,,-0.242,0.004
,,,-0.2416,0.004
,,,-0.2412,0.004
,,,-0.2408,0.004
,,,-0.2404,0.004
,,,-0.24,0.004
,,,-0.2396,0.004
,,,-0.2392,0.004
,,,-0.2388,0.004
,,,-0.2384,0
,,,-0.238,0.004
,,,-0.2376,0.004
,,,-0.2372,0.004
,,,-0.2368,0.004
,,,-0.2364,0.004
,,,-0.236,0.004
,,,-0.2356,0.004
,,,-0.2352,0.004
,,,-0.2348,0.004
,,,-0.2344,0.004
,,,-0.234,0.004
,,,-0.2336,0
,,,-0.2332,0.004
,,,-0.2328,0.004
,,,-0.2324,0.004
,,,-0.232,0
,,,-0.2316,0.004
,,,-0.2312,0.004
,,,-0.2308,0.004
,,,-0.2304,0.004
,,,-0.23,0.004
,,,-0.2296,0.004
,,,-0.2292,0.004
,,,-0.2288,0.004
,,,-0.2284,0.004
,,,-0.228,0.004
,,,-0.2276,0.008
,,,-0.2272,0.008
,,,-0.2268,0.004
,,,-0.2264,0.004
,,,-0.226,0.004
,,,-0.2256,0.004
,,,-0.2252,0.004
,,,-0.2248,0.004
,,,-0.2244,0.004
,,,-0.224,0.004
,,,-0.2236,0
,,,-0.2232,0.004
,,,-0.2228,0
,,,-0.2224,0.004
,,,-0.222,0.004
,,,-0.2216,0.004
,,,-0.2212,0.004
,,,-0.2208,0.004
,,,-0.2204,0.004
,,,-0.22,0.004
,,,-0.2196,0.004
,,,-0.2192,0.004
,,,-0.2188,0.004
,,,-0.2184,0.004
,,,-0.218,0.004
,,,-0.2176,0.004
,,,-0.2172,0.004
,,,-0.2168,0.004
,,,-0.2164,0.004
,,,-0.216,0
,,,-0.2156,0.004
,,,-0.2152,0
,,,-0.2148,0.004
,,,-0.2144,0
,,,-0.214,0.004
,,,-0.2136,0.004
,,,-0.2132,0.004
,,,-0.2128,0
,,,-0.2124,0.004
,,,-0.212,0.004
,,,-0.2116,0.004
,,,-0.2112,0.004
,,,-0.2108,0.004
,,,-0.2104,0.004
,,,-0.21,0.004
,,,-0.2096,0.004
,,,-0.2092,0.004
,,,-0.2088,0.004
,,,-0.2084,0
,,,-0.208,0.004
,,,-0.2076,0.004
,,,-0.2072,0.004
,,,-0.2068,0.004
,,,-0.2064,0
,,,-0.206,0.004
,,,-0.2056,0.004
,,,-0.2052,0.004
,,,-0.2048,0.004
,,,-0.2044,0.004
,,,-0.204,0.004
,,,-0.2036,0.004
,,,-0.2032,0.004
,,,-0.2028,0.004
,,,-0.2024,0.004
,,,-0.202,0.004
,,,-0.2016,0
,,,-0.2012,0.004
,,,-0.2008,0.004
,,,-0.2004,0.004
,,,-0.2,0.004
,,,-0.1996,0.004
,,,-0.1992,0.004
,,,-0.1988,0.004
,,,-0.1984,0.004
,,,-0.198,0.004
,,,-0.1976,0.004
,,,-0.1972,0
,,,-0.1968,0.004
,,,-0.1964,0.004
,,,-0.196,0.004
,,,-0.1956,0.004
,,,-0.1952,0.004
,,,-0.1948,0.004
,,,-0.1944,0.004
,,,-0.194,0.004
,,,-0.1936,0.004
,,,-0.1932,0.004
,,,-0.1928,0.004
,,,-0.1924,0.004
,,,-0.192,0.004
,,,-0.1916,0.004
,,,-0.1912,0.008
,,,-0.1908,0.012
,,,-0.1904,0.012
,,,-0.19,0.016
,,,-0.1896,0.016
,,,-0.1892,0.02
,,,-0.1888,0.02
,,,-0.1884,0.024
,,,-0.188,0.024
,,,-0.1876,0.024
,,,-0.1872,0.028
,,,-0.1868,0.032
,,,-0.1864,0.032
,,,-0.186,0.036
,,,-0.1856,0.036
,,,-0.1852,0.04
,,,-0.1848,0.04
,,,-0.1844,0.04
,,,-0.184,0.048
,,,-0.1836,0.048
,,,-0.1832,0.048
,,,-0.1828,0.048
,,,-0.1824,0.052
,,,-0.182,0.056
,,,-0.1816,0.056
,,,-0.1812,0.06
,,,-0.1808,0.06
,,,-0.1804,0.06
,,,-0.18,0.064
,,,-0.1796,0.064
,,,-0.1792,0.068
,,,-0.1788,0.068
,,,-0.1784,0.072
,,,-0.178,0.076
,,,-0.1776,0.072
,,,-0.1772,0.076
,,,-0.1768,0.08
,,,-0.1764,0.08
,,,-0.176,0.084
,,,-0.1756,0.084
,,,-0.1752,0.084
,,,-0.1748,0.088
,,,-0.1744,0.092
,,,-0.174,0.092
,,,-0.1736,0.096
,,,-0.1732,0.096
,,,-0.1728,0.096
,,,-0.1724,0.1
,,,-0.172,0.1
,,,-0.1716,0.1
,,,-0.1712,0.104
,,,-0.1708,0.108
,,,-0.1704,0.108
,,,-0.17,0.108
,,,-0.1696,0.108
,,,-0.1692,0.112
,,,-0.1688,0.116
,,,-0.1684,0.116
,,,-0.168,0.12
,,,-0.1676,0.12
,,,-0.1672,0.12
,,,-0.1668,0.124
,,,-0.1664,0.124
,,,-0.166,0.124
,,,-0.1656,0.124
,,,-0.1652,0.128
,,,-0.1648,0.132
,,,-0.1644,0.132
,,,-0.164,0.132
,,,-0.1636,0.132
,,,-0.1632,0.14
,,,-0.1628,0.14
,,,-0.1624,0.144
,,,-0.162,0.14
,,,-0.1616,0.144
,,,-0.1612,0.144
,,,-0.1608,0.148
,,,-0.1604,0.148
,,,-0.16,0.152
,,,-0.1596,0.152
,,,-0.1592,0.152
,,,-0.1588,0.156
,,,-0.1584,0.156
,,,-0.158,0.156
,,,-0.1576,0.16
,,,-0.1572,0.16
,,,-0.1568,0.16
,,,-0.1564,0.164
,,,-0.156,0.164
,,,-0.1556,0.168
,,,-0.1552,0.168
,,,-0.1548,0.168
,,,-0.1544,0.172
,,,-0.154,0.172
,,,-0.1536,0.172
,,,-0.1532,0.176
,,,-0.1528,0.176
,,,-0.1524,0.18
,,,-0.152,0.18
,,,-0.1516,0.18
,,,-0.1512,0.18
,,,-0.1508,0.18
,,,-0.1504,0.184
,,,-0.15,0.188
,,,-0.1496,0.188
,,,-0.1492,0.188
,,,-0.1488,0.192
,,,-0.1484,0.192
,,,-0.148,0.192
,,,-0.1476,0.196
,,,-0.1472,0.192
,,,-0.1468,0.196
,,,-0.1464,0.196
,,,-0.146,0.2
,,,-0.1456,0.2
,,,-0.1452,0.204
,,,-0.1448,0.204
,,,-0.1444,0.204
,,,-0.144,0.204
,,,-0.1436,0.204
,,,-0.1432,0.208
,,,-0.1428,0.208
,,,-0.1424,0.212
,,,-0.142,0.212
,,,-0.1416,0.212
,,,-0.1412,0.216
,,,-0.1408,0.212
,,,-0.1404,0.22
,,,-0.14,0.216
,,,-0.1396,0.22
,,,-0.1392,0.22
,,,-0.1388,0.22
,,,-0.1384,0.224
,,,-0.138,0.224
,,,-0.1376,0.228
,,,-0.1372,0.228
,,,-0.1368,0.228
,,,-0.1364,0.232
,,,-0.136,0.232
,,,-0.1356,0.228
,,,-0.1352,0.232
,,,-0.1348,0.236
,,,-0.1344,0.236
,,,-0.134,0.236
,,,-0.1336,0.236
,,,-0.1332,0.24
,,,-0.1328,0.24
,,,-0.1324,0.24
,,,-0.132,0.24
,,,-0.1316,0.244
,,,-0.1312,0.244
,,,-0.1308,0.244
,,,-0.1304,0.248
,,,-0.13,0.248
,,,-0.1296,0.252
,,,-0.1292,0.248
,,,-0.1288,0.248
,,,-0.1284,0.252
,,,-0.128,0.252
,,,-0.1276,0.256
,,,-0.1272,0.256
,,,-0.1268,0.256
,,,-0.1264,0.256
,,,-0.126,0.256
,,,-0.1256,0.26
,,,-0.1252,0.26
,,,-0.1248,0.264
,,,-0.1244,0.264
,,,-0.124,0.264
,,,-0.1236,0.264
,,,-0.1232,0.264
,,,-0.1228,0.268
,,,-0.1224,0.268
,,,-0.122,0.268
,,,-0.1216,0.272
,,,-0.1212,0.272
,,,-0.1208,0.272
,,,-0.1204,0.272
,,,-0.12,0.276
,,,-0.1196,0.276
,,,-0.1192,0.276
,,,-0.1188,0.276
,,,-0.1184,0.276
,,,-0.118,0.276
,,,-0.1176,0.28
,,,-0.1172,0.28
,,,-0.1168,0.28
,,,-0.1164,0.28
,,,-0.116,0.284
,,,-0.1156,0.284
,,,-0.1152,0.284
,,,-0.1148,0.288
,,,-0.1144,0.288
,,,-0.114,0.288
,,,-0.1136,0.288
,,,-0.1132,0.288
,,,-0.1128,0.292
,,,-0.1124,0.292
,,,-0.112,0.292
,,,-0.1116,0.292
,,,-0.1112,0.296
,,,-0.1108,0.296
,,,-0.1104,0.296
,,,-0.11,0.296
,,,-0.1096,0.3
,,,-0.1092,0.3
,,,-0.1088,0.3
,,,-0.1084,0.3
,,,-0.108,0.304
,,,-0.1076,0.3
,,,-0.1072,0.304
,,,-0.1068,0.304
,,,-0.1064,0.304
,,,-0.106,0.308
,,,-0.1056,0.304
,,,-0.1052,0.308
,,,-0.1048,0.308
,,,-0.1044,0.308
,,,-0.104,0.308
,,,-0.1036,0.312
,,,-0.1032,0.312
,,,-0.1028,0.312
,,,-0.1024,0.312
,,,-0.102,0.316
,,,-0.1016,0.316
,,,-0.1012,0.316
,,,-0.1008,0.316
,,,-0.1004,0.316
,,,-0.1,0.316
,,,-0.0996,0.32
,,,-0.0992,0.32
,,,-0.0988,0.32
,,,-0.0984,0.32
,,,-0.098,0.32
,,,-0.0976,0.324
,,,-0.0972,0.324
,,,-0.0968,0.324
,,,-0.0964,0.324
,,,-0.096,0.328
,,,-0.0956,0.328
,,,-0.0952,0.328
,,,-0.0948,0.328
,,,-0.0944,0.328
,,,-0.094,0.328
,,,-0.0936,0.332
,,,-0.0932,0.332
,,,-0.0928,0.328
,,,-0.0924,0.332
,,,-0.092,0.332
,,,-0.0916,0.336
,,,-0.0912,0.336
,,,-0.0908,0.336
,,,-0.0904,0.336
,,,-0.09,0.336
,,,-0.0896,0.34
,,,-0.0892,0.336
,,,-0.0888,0.34
,,,-0.0884,0.344
,,,-0.088,0.34
,,,-0.0876,0.34
,,,-0.0872,0.34
,,,-0.0868,0.344
,,,-0.0864,0.344
,,,-0.086,0.34
,,,-0.0856,0.344
,,,-0.0852,0.348
,,,-0.0848,0.348
,,,-0.0844,0.348
,,,-0.084,0.348
,,,-0.0836,0.348
,,,-0.0832,0.348
,,,-0.0828,0.348
,,,-0.0824,0.352
,,,-0.082,0.348
,,,-0.0816,0.352
,,,-0.0812,0.352
,,,-0.0808,0.352
,,,-0.0804,0.352
,,,-0.08,0.352
,,,-0.0796,0.356
,,,-0.0792,0.356
,,,-0.0788,0.356
,,,-0.0784,0.356
,,,-0.078,0.356
,,,-0.0776,0.356
,,,-0.0772,0.36
,,,-0.0768,0.36
,,,-0.0764,0.36
,,,-0.076,0.36
,,,-0.0756,0.36
,,,-0.0752,0.36
,,,-0.0748,0.364
,,,-0.0744,0.36
,,,-0.074,0.36
,,,-0.0736,0.364
,,,-0.0732,0.364
,,,-0.0728,0.368
,,,-0.0724,0.364
,,,-0.072,0.364
,,,-0.0716,0.368
,,,-0.0712,0.368
,,,-0.0708,0.368
,,,-0.0704,0.372
,,,-0.07,0.368
,,,-0.0696,0.372
,,,-0.0692,0.372
,,,-0.0688,0.372
,,,-0.0684,0.376
,,,-0.068,0.372
,,,-0.0676,0.376
,,,-0.0672,0.376
,,,-0.0668,0.376
,,,-0.0664,0.372
,,,-0.066,0.376
,,,-0.0656,0.376
,,,-0.0652,0.376
,,,-0.0648,0.376
,,,-0.0644,0.376
,,,-0.064,0.376
,,,-0.0636,0.376
,,,-0.0632,0.376
,,,-0.0628,0.376
,,,-0.0624,0.38
,,,-0.062,0.38
,,,-0.0616,0.38
,,,-0.0612,0.38
,,,-0.0608,0.384
,,,-0.0604,0.384
,,,-0.06,0.384
,,,-0.0596,0.384
,,,-0.0592,0.384
,,,-0.0588,0.384
,,,-0.0584,0.384
,,,-0.058,0.384
,,,-0.0576,0.384
,,,-0.0572,0.384
,,,-0.0568,0.388
,,,-0.0564,0.388
,,,-0.056,0.388
,,,-0.0556,0.388
,,,-0.0552,0.388
,,,-0.0548,0.388
,,,-0.0544,0.388
,,,-0.054,0.392
,,,-0.0536,0.388
,,,-0.0532,0.388
,,,-0.0528,0.392
,,,-0.0524,0.392
,,,-0.052,0.392
,,,-0.0516,0.392
,,,-0.0512,0.392
,,,-0.0508,0.396
,,,-0.0504,0.392
,,,-0.05,0.392
,,,-0.0496,0.396
,,,-0.0492,0.396
,,,-0.0488,0.396
,,,-0.0484,0.396
,,,-0.048,0.396
,,,-0.0476,0.396
,,,-0.0472,0.396
,,,-0.0468,0.4
,,,-0.0464,0.4
,,,-0.046,0.4
,,,-0.0456,0.4
,,,-0.0452,0.4
,,,-0.0448,0.4
,,,-0.0444,0.4
,,,-0.044,0.404
,,,-0.0436,0.404
,,,-0.0432,0.4
,,,-0.0428,0.4
,,,-0.0424,0.404
,,,-0.042,0.404
,,,-0.0416,0.404
,,,-0.0412,0.404
,,,-0.0408,0.408
,,,-0.0404,0.404
,,,-0.04,0.404
,,,-0.0396,0.408
,,,-0.0392,0.408
,,,-0.0388,0.408
,,,-0.0384,0.408
,,,-0.038,0.412
,,,-0.0376,0.412
,,,-0.0372,0.408
,,,-0.0368,0.412
,,,-0.0364,0.408
,,,-0.036,0.408
,,,-0.0356,0.408
,,,-0.0352,0.412
,,,-0.0348,0.412
,,,-0.0344,0.412
,,,-0.034,0.416
,,,-0.0336,0.412
,,,-0.0332,0.412
,,,-0.0328,0.412
,,,-0.0324,0.412
,,,-0.032,0.412
,,,-0.0316,0.416
,,,-0.0312,0.416
,,,-0.0308,0.416
,,,-0.0304,0.416
,,,-0.03,0.416
,,,-0.0296,0.416
,,,-0.0292,0.412
,,,-0.0288,0.42
,,,-0.0284,0.416
,,,-0.028,0.416
,,,-0.0276,0.42
,,,-0.0272,0.416
,,,-0.0268,0.42
,,,-0.0264,0.416
,,,-0.026,0.42
,,,-0.0256,0.42
,,,-0.0252,0.42
,,,-0.0248,0.42
,,,-0.0244,0.42
,,,-0.024,0.42
,,,-0.0236,0.42
,,,-0.0232,0.424
,,,-0.0228,0.424
,,,-0.0224,0.424
,,,-0.022,0.424
,,,-0.0216,0.424
,,,-0.0212,0.424
,,,-0.0208,0.424
,,,-0.0204,0.424
,,,-0.02,0.424
,,,-0.0196,0.424
,,,-0.0192,0.424
,,,-0.0188,0.424
,,,-0.0184,0.424
,,,-0.018,0.424
,,,-0.0176,0.428
,,,-0.0172,0.424
,,,-0.0168,0.428
,,,-0.0164,0.424
,,,-0.016,0.428
,,,-0.0156,0.428
,,,-0.0152,0.432
,,,-0.0148,0.428
,,,-0.0144,0.428
,,,-0.014,0.428
,,,-0.0136,0.428
,,,-0.0132,0.432
,,,-0.0128,0.428
,,,-0.0124,0.432
,,,-0.012,0.432
,,,-0.0116,0.432
,,,-0.0112,0.432
,,,-0.0108,0.432
,,,-0.0104,0.432
,,,-0.01,0.432
,,,-0.0096,0.432
,,,-0.0092,0.436
,,,-0.0088,0.432
,,,-0.0084,0.432
,,,-0.008,0.436
,,,-0.0076,0.432
,,,-0.0072,0.436
,,,-0.0068,0.432
,,,-0.0064,0.436
,,,-0.006,0.436
,,,-0.0056,0.436
,,,-0.0052,0.436
,,,-0.0048,0.436
,,,-0.0044,0.436
,,,-0.004,0.436
,,,-0.0036,0.436
,,,-0.0032,0.436
,,,-0.0028,0.436
,,,-0.0024,0.436
,,,-0.002,0.436
,,,-0.0016,0.44
,,,-0.0012,0.436
,,,-0.0008,0.44
,,,-0.0004,0.436
,,,0,0.44
,,,0.0004,0.44
,,,0.0008,0.44
,,,0.0012,0.44
,,,0.0016,0.44
,,,0.002,0.44
,,,0.0024,0.44
,,,0.0028,0.44
,,,0.0032,0.444
,,,0.0036,0.444
,,,0.004,0.44
,,,0.0044,0.444
,,,0.0048,0.444
,,,0.0052,0.44
,,,0.0056,0.444
,,,0.006,0.444
,,,0.0064,0.444
,,,0.0068,0.444
,,,0.0072,0.444
,,,0.0076,0.444
,,,0.008,0.448
,,,0.0084,0.448
,,,0.0088,0.444
,,,0.0092,0.444
,,,0.0096,0.448
,,,0.01,0.444
,,,0.0104,0.448
,,,0.0108,0.448
,,,0.0112,0.448
,,,0.0116,0.448
,,,0.012,0.448
,,,0.0124,0.448
,,,0.0128,0.448
,,,0.0132,0.448
,,,0.0136,0.448
,,,0.014,0.448
,,,0.0144,0.448
,,,0.0148,0.448
,,,0.0152,0.448
,,,0.0156,0.448
,,,0.016,0.448
,,,0.0164,0.448
,,,0.0168,0.452
,,,0.0172,0.448
,,,0.0176,0.452
,,,0.018,0.452
,,,0.0184,0.448
,,,0.0188,0.452
,,,0.0192,0.452
,,,0.0196,0.448
,,,0.02,0.452
,,,0.0204,0.452
,,,0.0208,0.448
,,,0.0212,0.452
,,,0.0216,0.452
,,,0.022,0.452
,,,0.0224,0.452
,,,0.0228,0.452
,,,0.0232,0.452
,,,0.0236,0.456
,,,0.024,0.452
,,,0.0244,0.456
,,,0.0248,0.452
,,,0.0252,0.452
,,,0.0256,0.452
,,,0.026,0.452
,,,0.0264,0.452
,,,0.0268,0.456
,,,0.0272,0.452
,,,0.0276,0.456
,,,0.028,0.452
,,,0.0284,0.456
,,,0.0288,0.456
,,,0.0292,0.456
,,,0.0296,0.456
,,,0.03,0.46
,,,0.0304,0.456
,,,0.0308,0.456
,,,0.0312,0.456
,,,0.0316,0.456
,,,0.032,0.456
,,,0.0324,0.456
,,,0.0328,0.456
,,,0.0332,0.456
,,,0.0336,0.46
,,,0.034,0.46
,,,0.0344,0.456
,,,0.0348,0.46
,,,0.0352,0.46
,,,0.0356,0.456
,,,0.036,0.456
,,,0.0364,0.46
,,,0.0368,0.46
,,,0.0372,0.46
,,,0.0376,0.46
,,,0.038,0.46
,,,0.0384,0.46
,,,0.0388,0.46
,,,0.0392,0.46
,,,0.0396,0.46
,,,0.04,0.46
,,,0.0404,0.46
,,,0.0408,0.46
,,,0.0412,0.46
,,,0.0416,0.46
,,,0.042,0.46
,,,0.0424,0.46
,,,0.0428,0.464
,,,0.0432,0.464
,,,0.0436,0.46
,,,0.044,0.464
,,,0.0444,0.46
,,,0.0448,0.464
,,,0.0452,0.46
,,,0.0456,0.464
,,,0.046,0.464
,,,0.0464,0.464
,,,0.0468,0.464
,,,0.0472,0.46
,,,0.0476,0.464
,,,0.048,0.464
,,,0.0484,0.464
,,,0.0488,0.464
,,,0.0492,0.464
,,,0.0496,0.464
,,,0.05,0.464
,,,0.0504,0.464
,,,0.0508,0.464
,,,0.0512,0.464
,,,0.0516,0.464
,,,0.052,0.464
,,,0.0524,0.464
,,,0.0528,0.464
,,,0.0532,0.464
,,,0.0536,0.468
,,,0.054,0.468
,,,0.0544,0.468
,,,0.0548,0.464
,,,0.0552,0.468
,,,0.0556,0.468
,,,0.056,0.468
,,,0.0564,0.468
,,,0.0568,0.464
,,,0.0572,0.468
,,,0.0576,0.468
,,,0.058,0.468
,,,0.0584,0.468
,,,0.0588,0.468
,,,0.0592,0.468
,,,0.0596,0.472
,,,0.06,0.468
,,,0.0604,0.468
,,,0.0608,0.468
,,,0.0612,0.468
,,,0.0616,0.472
,,,0.062,0.472
,,,0.0624,0.468
,,,0.0628,0.472
,,,0.0632,0.468
,,,0.0636,0.472
,,,0.064,0.468
,,,0.0644,0.468
,,,0.0648,0.472
,,,0.0652,0.472
,,,0.0656,0.472
,,,0.066,0.472
,,,0.0664,0.472
,,,0.0668,0.472
,,,0.0672,0.472
,,,0.0676,0.472
,,,0.068,0.472
,,,0.0684,0.472
,,,0.0688,0.472
,,,0.0692,0.472
,,,0.0696,0.472
,,,0.07,0.472
,,,0.0704,0.472
,,,0.0708,0.472
,,,0.0712,0.472
,,,0.0716,0.472
,,,0.072,0.472
,,,0.0724,0.472
,,,0.0728,0.472
,,,0.0732,0.472
,,,0.0736,0.472
,,,0.074,0.472
,,,0.0744,0.472
,,,0.0748,0.472
,,,0.0752,0.476
,,,0.0756,0.472
,,,0.076,0.472
,,,0.0764,0.472
,,,0.0768,0.476
,,,0.0772,0.472
,,,0.0776,0.476
,,,0.078,0.472
,,,0.0784,0.476
,,,0.0788,0.476
,,,0.0792,0.476
,,,0.0796,0.472
,,,0.08,0.472
,,,0.0804,0.472
,,,0.0808,0.476
,,,0.0812,0.476
,,,0.0816,0.476
,,,0.082,0.476
,,,0.0824,0.472
,,,0.0828,0.476
,,,0.0832,0.476
,,,0.0836,0.472
,,,0.084,0.472
,,,0.0844,0.476
,,,0.0848,0.476
,,,0.0852,0.476
,,,0.0856,0.476
,,,0.086,0.476
,,,0.0864,0.472
,,,0.0868,0.476
,,,0.0872,0.476
,,,0.0876,0.476
,,,0.088,0.476
,,,0.0884,0.476
,,,0.0888,0.476
,,,0.0892,0.476
,,,0.0896,0.484
,,,0.09,0.476
,,,0.0904,0.48
,,,0.0908,0.48
,,,0.0912,0.476
,,,0.0916,0.476
,,,0.092,0.48
,,,0.0924,0.48
,,,0.0928,0.476
,,,0.0932,0.476
,,,0.0936,0.476
,,,0.094,0.48
,,,0.0944,0.476
,,,0.0948,0.48
,,,0.0952,0.48
,,,0.0956,0.476
,,,0.096,0.48
,,,0.0964,0.48
,,,0.0968,0.48
,,,0.0972,0.48
,,,0.0976,0.48
,,,0.098,0.48
,,,0.0984,0.48
,,,0.0988,0.48
,,,0.0992,0.484
,,,0.0996,0.48
,,,0.1,0.48
,,,0.1004,0.48
,,,0.1008,0.48
,,,0.1012,0.48
,,,0.1016,0.48
,,,0.102,0.48
,,,0.1024,0.48
,,,0.1028,0.48
,,,0.1032,0.48
,,,0.1036,0.48
,,,0.104,0.48
,,,0.1044,0.48
,,,0.1048,0.48
,,,0.1052,0.48
,,,0.1056,0.48
,,,0.106,0.484
,,,0.1064,0.484
,,,0.1068,0.48
,,,0.1072,0.484
,,,0.1076,0.484
,,,0.108,0.484
,,,0.1084,0.484
,,,0.1088,0.484
,,,0.1092,0.484
,,,0.1096,0.484
,,,0.11,0.484
,,,0.1104,0.484
,,,0.1108,0.484
,,,0.1112,0.48
,,,0.1116,0.484
,,,0.112,0.48
,,,0.1124,0.484
,,,0.1128,0.484
,,,0.1132,0.484
,,,0.1136,0.484
,,,0.114,0.484
,,,0.1144,0.484
,,,0.1148,0.48
,,,0.1152,0.48
,,,0.1156,0.484
,,,0.116,0.484
,,,0.1164,0.484
,,,0.1168,0.48
,,,0.1172,0.484
,,,0.1176,0.484
,,,0.118,0.484
,,,0.1184,0.484
,,,0.1188,0.484
,,,0.1192,0.484
,,,0.1196,0.484
,,,0.12,0.484
,,,0.1204,0.484
,,,0.1208,0.484
,,,0.1212,0.484
,,,0.1216,0.484
,,,0.122,0.484
,,,0.1224,0.484
,,,0.1228,0.484
,,,0.1232,0.484
,,,0.1236,0.484
,,,0.124,0.484
,,,0.1244,0.484
,,,0.1248,0.484
,,,0.1252,0.484
,,,0.1256,0.484
,,,0.126,0.484
,,,0.1264,0.484
,,,0.1268,0.484
,,,0.1272,0.484
,,,0.1276,0.484
,,,0.128,0.484
,,,0.1284,0.484
,,,0.1288,0.484
,,,0.1292,0.484
,,,0.1296,0.484
,,,0.13,0.484
,,,0.1304,0.488
,,,0.1308,0.488
,,,0.1312,0.488
,,,0.1316,0.484
,,,0.132,0.484
,,,0.1324,0.488
,,,0.1328,0.484
,,,0.1332,0.484
,,,0.1336,0.484
,,,0.134,0.484
,,,0.1344,0.484
,,,0.1348,0.484
,,,0.1352,0.488
,,,0.1356,0.484
,,,0.136,0.484
,,,0.1364,0.488
,,,0.1368,0.484
,,,0.1372,0.484
,,,0.1376,0.484
,,,0.138,0.484
,,,0.1384,0.484
,,,0.1388,0.488
,,,0.1392,0.488
,,,0.1396,0.484
,,,0.14,0.484
,,,0.1404,0.488
,,,0.1408,0.488
,,,0.1412,0.484
,,,0.1416,0.484
,,,0.142,0.488
,,,0.1424,0.488
,,,0.1428,0.488
,,,0.1432,0.484
,,,0.1436,0.488
,,,0.144,0.488
,,,0.1444,0.488
,,,0.1448,0.484
,,,0.1452,0.488
,,,0.1456,0.488
,,,0.146,0.488
,,,0.1464,0.484
,,,0.1468,0.488
,,,0.1472,0.488
,,,0.1476,0.488
,,,0.148,0.488
,,,0.1484,0.488
,,,0.1488,0.488
,,,0.1492,0.488
,,,0.1496,0.488
,,,0.15,0.488
,,,0.1504,0.488
,,,0.1508,0.488
,,,0.1512,0.488
,,,0.1516,0.488
,,,0.152,0.488
,,,0.1524,0.488
,,,0.1528,0.488
,,,0.1532,0.488
,,,0.1536,0.488
,,,0.154,0.488
,,,0.1544,0.488
,,,0.1548,0.488
,,,0.1552,0.488
,,,0.1556,0.492
,,,0.156,0.488
,,,0.1564,0.488
,,,0.1568,0.488
,,,0.1572,0.488
,,,0.1576,0.492
,,,0.158,0.488
,,,0.1584,0.488
,,,0.1588,0.488
,,,0.1592,0.488
,,,0.1596,0.488
,,,0.16,0.492
,,,0.1604,0.492
,,,0.1608,0.488
,,,0.1612,0.488
,,,0.1616,0.488
,,,0.162,0.488
,,,0.1624,0.488
,,,0.1628,0.488
,,,0.1632,0.488
,,,0.1636,0.488
,,,0.164,0.488
,,,0.1644,0.488
,,,0.1648,0.492
,,,0.1652,0.488
,,,0.1656,0.488
,,,0.166,0.488
,,,0.1664,0.488
,,,0.1668,0.488
,,,0.1672,0.492
,,,0.1676,0.492
,,,0.168,0.492
,,,0.1684,0.492
,,,0.1688,0.488
,,,0.1692,0.492
,,,0.1696,0.492
,,,0.17,0.492
,,,0.1704,0.488
,,,0.1708,0.492
,,,0.1712,0.488
,,,0.1716,0.492
,,,0.172,0.492
,,,0.1724,0.488
,,,0.1728,0.492
,,,0.1732,0.488
,,,0.1736,0.492
,,,0.174,0.492
,,,0.1744,0.492
,,,0.1748,0.492
,,,0.1752,0.488
,,,0.1756,0.492
,,,0.176,0.492
,,,0.1764,0.492
,,,0.1768,0.492
,,,0.1772,0.492
,,,0.1776,0.492
,,,0.178,0.488
,,,0.1784,0.492
,,,0.1788,0.492
,,,0.1792,0.492
,,,0.1796,0.488
,,,0.18,0.492
,,,0.1804,0.492
,,,0.1808,0.492
,,,0.1812,0.488
,,,0.1816,0.492
,,,0.182,0.488
,,,0.1824,0.492
,,,0.1828,0.492
,,,0.1832,0.492
,,,0.1836,0.488
,,,0.184,0.492
,,,0.1844,0.492
,,,0.1848,0.492
,,,0.1852,0.492
,,,0.1856,0.492
,,,0.186,0.492
,,,0.1864,0.492
,,,0.1868,0.492
,,,0.1872,0.492
,,,0.1876,0.492
,,,0.188,0.492
,,,0.1884,0.492
,,,0.1888,0.492
,,,0.1892,0.492
,,,0.1896,0.496
,,,0.19,0.492
,,,0.1904,0.492
,,,0.1908,0.496
,,,0.1912,0.492
,,,0.1916,0.492
,,,0.192,0.492
,,,0.1924,0.492
,,,0.1928,0.492
,,,0.1932,0.492
,,,0.1936,0.492
,,,0.194,0.492
,,,0.1944,0.492
,,,0.1948,0.496
,,,0.1952,0.492
,,,0.1956,0.496
,,,0.196,0.492
,,,0.1964,0.492
,,,0.1968,0.496
,,,0.1972,0.492
,,,0.1976,0.492
,,,0.198,0.492
,,,0.1984,0.492
,,,0.1988,0.492
,,,0.1992,0.492
,,,0.1996,0.492
,,,0.2,0.492
,,,0.2004,0.492
,,,0.2008,0.496
,,,0.2012,0.496
,,,0.2016,0.492
,,,0.202,0.492
,,,0.2024,0.492
,,,0.2028,0.492
,,,0.2032,0.496
,,,0.2036,0.492
,,,0.204,0.492
,,,0.2044,0.496
,,,0.2048,0.492
,,,0.2052,0.492
,,,0.2056,0.492
,,,0.206,0.496
,,,0.2064,0.496
,,,0.2068,0.492
,,,0.2072,0.492
,,,0.2076,0.492
,,,0.208,0.492
,,,0.2084,0.492
,,,0.2088,0.492
,,,0.2092,0.492
,,,0.2096,0.496
,,,0.21,0.492
,,,0.2104,0.492
,,,0.2108,0.496
,,,0.2112,0.496
,,,0.2116,0.496
,,,0.212,0.496
,,,0.2124,0.492
,,,0.2128,0.496
,,,0.2132,0.492
,,,0.2136,0.496
,,,0.214,0.492
,,,0.2144,0.496
,,,0.2148,0.496
,,,0.2152,0.492
,,,0.2156,0.496
,,,0.216,0.492
,,,0.2164,0.496
,,,0.2168,0.496
,,,0.2172,0.492
,,,0.2176,0.496
,,,0.218,0.496
,,,0.2184,0.496
,,,0.2188,0.496
,,,0.2192,0.496
,,,0.2196,0.496
,,,0.22,0.496
,,,0.2204,0.492
,,,0.2208,0.496
,,,0.2212,0.496
,,,0.2216,0.496
,,,0.222,0.492
,,,0.2224,0.496
,,,0.2228,0.496
,,,0.2232,0.496
,,,0.2236,0.496
,,,0.224,0.496
,,,0.2244,0.496
,,,0.2248,0.496
,,,0.2252,0.496
,,,0.2256,0.496
,,,0.226,0.496
,,,0.2264,0.492
,,,0.2268,0.492
,,,0.2272,0.492
,,,0.2276,0.496
,,,0.228,0.496
,,,0.2284,0.496
,,,0.2288,0.492
,,,0.2292,0.492
,,,0.2296,0.496
,,,0.23,0.496
,,,0.2304,0.496
,,,0.2308,0.496
,,,0.2312,0.496
,,,0.2316,0.496
,,,0.232,0.496
,,,0.2324,0.496
,,,0.2328,0.496
,,,0.2332,0.496
,,,0.2336,0.496
,,,0.234,0.496
,,,0.2344,0.496
,,,0.2348,0.496
,,,0.2352,0.496
,,,0.2356,0.496
,,,0.236,0.496
,,,0.2364,0.492
,,,0.2368,0.496
,,,0.2372,0.496
,,,0.2376,0.496
,,,0.238,0.496
,,,0.2384,0.496
,,,0.2388,0.496
,,,0.2392,0.496
,,,0.2396,0.496
,,,0.24,0.496
,,,0.2404,0.496
,,,0.2408,0.496
,,,0.2412,0.496
,,,0.2416,0.496
,,,0.242,0.496
,,,0.2424,0.496
,,,0.2428,0.496
,,,0.2432,0.496
,,,0.2436,0.496
,,,0.244,0.496
,,,0.2444,0.496
,,,0.2448,0.496
,,,0.2452,0.496
,,,0.2456,0.496
,,,0.246,0.496
,,,0.2464,0.496
,,,0.2468,0.496
,,,0.2472,0.496
,,,0.2476,0.496
,,,0.248,0.496
,,,0.2484,0.496
,,,0.2488,0.496
,,,0.2492,0.496
,,,0.2496,0.496
,,,0.25,0.496
,,,0.2504,0.496
,,,0.2508,0.496
,,,0.2512,0.496
,,,0.2516,0.496
,,,0.252,0.496
,,,0.2524,0.496
,,,0.2528,0.496
,,,0.2532,0.496
,,,0.2536,0.496
,,,0.254,0.496
,,,0.2544,0.496
,,,0.2548,0.496
,,,0.2552,0.496
,,,0.2556,0.5
,,,0.256,0.496
,,,0.2564,0.496
,,,0.2568,0.496
,,,0.2572,0.496
,,,0.2576,0.496
,,,0.258,0.496
,,,0.2584,0.496
,,,0.2588,0.496
,,,0.2592,0.496
,,,0.2596,0.496
,,,0.26,0.496
,,,0.2604,0.496
,,,0.2608,0.496
,,,0.2612,0.496
,,,0.2616,0.496
,,,0.262,0.496
,,,0.2624,0.496
,,,0.2628,0.496
,,,0.2632,0.496
,,,0.2636,0.496
,,,0.264,0.496
,,,0.2644,0.496
,,,0.2648,0.496
,,,0.2652,0.496
,,,0.2656,0.496
,,,0.266,0.496
,,,0.2664,0.496
,,,0.2668,0.496
,,,0.2672,0.496
,,,0.2676,0.496
,,,0.268,0.496
,,,0.2684,0.496
,,,0.2688,0.496
,,,0.2692,0.496
,,,0.2696,0.496
,,,0.27,0.496
,,,0.2704,0.496
,,,0.2708,0.496
,,,0.2712,0.496
,,,0.2716,0.496
,,,0.272,0.496
,,,0.2724,0.496
,,,0.2728,0.496
,,,0.2732,0.496
,,,0.2736,0.496
,,,0.274,0.496
,,,0.2744,0.496
,,,0.2748,0.496
,,,0.2752,0.496
,,,0.2756,0.496
,,,0.276,0.496
,,,0.2764,0.496
,,,0.2768,0.496
,,,0.2772,0.496
,,,0.2776,0.496
,,,0.278,0.496
,,,0.2784,0.496
,,,0.2788,0.496
,,,0.2792,0.496
,,,0.2796,0.5
,,,0.28,0.496
,,,0.2804,0.5
,,,0.2808,0.496
,,,0.2812,0.496
,,,0.2816,0.496
,,,0.282,0.496
,,,0.2824,0.496
,,,0.2828,0.5
,,,0.2832,0.496
,,,0.2836,0.496
,,,0.284,0.5
,,,0.2844,0.5
,,,0.2848,0.496
,,,0.2852,0.496
,,,0.2856,0.496
,,,0.286,0.496
,,,0.2864,0.496
,,,0.2868,0.496
,,,0.2872,0.496
,,,0.2876,0.496
,,,0.288,0.5
,,,0.2884,0.496
,,,0.2888,0.496
,,,0.2892,0.496
,,,0.2896,0.496
,,,0.29,0.496
,,,0.2904,0.496
,,,0.2908,0.496
,,,0.2912,0.496
,,,0.2916,0.496
,,,0.292,0.496
,,,0.2924,0.496
,,,0.2928,0.496
,,,0.2932,0.496
,,,0.2936,0.496
,,,0.294,0.496
,,,0.2944,0.5
,,,0.2948,0.5
,,,0.2952,0.5
,,,0.2956,0.5
,,,0.296,0.496
,,,0.2964,0.496
,,,0.2968,0.496
,,,0.2972,0.5
,,,0.2976,0.496
,,,0.298,0.496
,,,0.2984,0.496
,,,0.2988,0.5
,,,0.2992,0.496
,,,0.2996,0.5
,,,0.3,0.496
,,,0.3004,0.5
,,,0.3008,0.496
,,,0.3012,0.5
,,,0.3016,0.496
,,,0.302,0.496
,,,0.3024,0.5
,,,0.3028,0.496
,,,0.3032,0.496
,,,0.3036,0.5
,,,0.304,0.496
,,,0.3044,0.496
,,,0.3048,0.496
,,,0.3052,0.496
,,,0.3056,0.496
,,,0.306,0.496
,,,0.3064,0.5
,,,0.3068,0.5
,,,0.3072,0.5
,,,0.3076,0.496
,,,0.308,0.496
,,,0.3084,0.496
,,,0.3088,0.496
,,,0.3092,0.496
,,,0.3096,0.5
,,,0.31,0.496
,,,0.3104,0.496
,,,0.3108,0.5
,,,0.3112,0.496
,,,0.3116,0.496
,,,0.312,0.496
,,,0.3124,0.5
,,,0.3128,0.496
,,,0.3132,0.5
,,,0.3136,0.496
,,,0.314,0.496
,,,0.3144,0.496
,,,0.3148,0.496
,,,0.3152,0.496
,,,0.3156,0.496
,,,0.316,0.496
,,,0.3164,0.496
,,,0.3168,0.496
,,,0.3172,0.496
,,,0.3176,0.5
,,,0.318,0.496
,,,0.3184,0.5
,,,0.3188,0.496
,,,0.3192,0.496
,,,0.3196,0.496
,,,0.32,0.5
,,,0.3204,0.5
,,,0.3208,0.5
,,,0.3212,0.496
,,,0.3216,0.5
,,,0.322,0.5
,,,0.3224,0.5
,,,0.3228,0.5
,,,0.3232,0.5
,,,0.3236,0.496
,,,0.324,0.5
,,,0.3244,0.496
,,,0.3248,0.5
,,,0.3252,0.5
,,,0.3256,0.5
,,,0.326,0.5
,,,0.3264,0.496
,,,0.3268,0.496
,,,0.3272,0.496
,,,0.3276,0.496
,,,0.328,0.496
,,,0.3284,0.496
,,,0.3288,0.496
,,,0.3292,0.496
,,,0.3296,0.496
,,,0.33,0.5
,,,0.3304,0.5
,,,0.3308,0.5
,,,0.3312,0.5
,,,0.3316,0.496
,,,0.332,0.5
,,,0.3324,0.496
,,,0.3328,0.496
,,,0.3332,0.5
,,,0.3336,0.5
,,,0.334,0.496
,,,0.3344,0.496
,,,0.3348,0.496
,,,0.3352,0.5
,,,0.3356,0.496
,,,0.336,0.5
,,,0.3364,0.496
,,,0.3368,0.496
,,,0.3372,0.5
,,,0.3376,0.5
,,,0.338,0.496
,,,0.3384,0.496
,,,0.3388,0.5
,,,0.3392,0.5
,,,0.3396,0.5
,,,0.34,0.496
,,,0.3404,0.5
,,,0.3408,0.5
,,,0.3412,0.5
,,,0.3416,0.496
,,,0.342,0.5
,,,0.3424,0.496
,,,0.3428,0.496
,,,0.3432,0.5
,,,0.3436,0.5
,,,0.344,0.496
,,,0.3444,0.5
,,,0.3448,0.5
,,,0.3452,0.5
,,,0.3456,0.496
,,,0.346,0.5
,,,0.3464,0.5
,,,0.3468,0.496
,,,0.3472,0.5
,,,0.3476,0.496
,,,0.348,0.5
,,,0.3484,0.496
,,,0.3488,0.5
,,,0.3492,0.5
,,,0.3496,0.5
,,,0.35,0.5
,,,0.3504,0.5
,,,0.3508,0.496
,,,0.3512,0.5
,,,0.3516,0.496
,,,0.352,0.496
,,,0.3524,0.496
,,,0.3528,0.5
,,,0.3532,0.5
,,,0.3536,0.5
,,,0.354,0.5
,,,0.3544,0.5
,,,0.3548,0.5
,,,0.3552,0.5
,,,0.3556,0.5
,,,0.356,0.496
,,,0.3564,0.496
,,,0.3568,0.496
,,,0.3572,0.5
,,,0.3576,0.496
,,,0.358,0.5
,,,0.3584,0.5
,,,0.3588,0.5
,,,0.3592,0.5
,,,0.3596,0.5
,,,0.36,0.5
,,,0.3604,0.496
,,,0.3608,0.5
,,,0.3612,0.5
,,,0.3616,0.496
,,,0.362,0.496
,,,0.3624,0.496
,,,0.3628,0.496
,,,0.3632,0.5
,,,0.3636,0.496
,,,0.364,0.496
,,,0.3644,0.5
,,,0.3648,0.496
,,,0.3652,0.496
,,,0.3656,0.5
,,,0.366,0.5
,,,0.3664,0.5
,,,0.3668,0.5
,,,0.3672,0.496
,,,0.3676,0.496
,,,0.368,0.5
,,,0.3684,0.496
,,,0.3688,0.5
,,,0.3692,0.5
,,,0.3696,0.496
,,,0.37,0.5
,,,0.3704,0.496
,,,0.3708,0.5
,,,0.3712,0.496
,,,0.3716,0.5
,,,0.372,0.496
,,,0.3724,0.5
,,,0.3728,0.496
,,,0.3732,0.5
,,,0.3736,0.496
,,,0.374,0.5
,,,0.3744,0.496
,,,0.3748,0.496
,,,0.3752,0.496
,,,0.3756,0.5
,,,0.376,0.496
,,,0.3764,0.496
,,,0.3768,0.496
,,,0.3772,0.496
,,,0.3776,0.5
,,,0.378,0.5
,,,0.3784,0.5
,,,0.3788,0.496
,,,0.3792,0.496
,,,0.3796,0.5
,,,0.38,0.5
,,,0.3804,0.496
,,,0.3808,0.5
,,,0.3812,0.496
,,,0.3816,0.496
,,,0.382,0.5
,,,0.3824,0.496
,,,0.3828,0.5
,,,0.3832,0.496
,,,0.3836,0.496
,,,0.384,0.5
,,,0.3844,0.5
,,,0.3848,0.496
,,,0.3852,0.5
,,,0.3856,0.5
,,,0.386,0.496
,,,0.3864,0.5
,,,0.3868,0.496
,,,0.3872,0.5
,,,0.3876,0.496
,,,0.388,0.496
,,,0.3884,0.496
,,,0.3888,0.5
,,,0.3892,0.5
,,,0.3896,0.5
,,,0.39,0.5
,,,0.3904,0.5
,,,0.3908,0.5
,,,0.3912,0.5
,,,0.3916,0.5
,,,0.392,0.5
,,,0.3924,0.5
,,,0.3928,0.5
,,,0.3932,0.5
,,,0.3936,0.5
,,,0.394,0.496
,,,0.3944,0.5
,,,0.3948,0.5
,,,0.3952,0.5
,,,0.3956,0.5
,,,0.396,0.5
,,,0.3964,0.5
,,,0.3968,0.5
,,,0.3972,0.496
,,,0.3976,0.5
,,,0.398,0.5
,,,0.3984,0.5
,,,0.3988,0.5
,,,0.3992,0.5
,,,0.3996,0.496
,,,0.4,0.5
,,,0.4004,0.5
,,,0.4008,0.5
,,,0.4012,0.5
,,,0.4016,0.5
,,,0.402,0.504
,,,0.4024,0.5
,,,0.4028,0.5
,,,0.4032,0.5
,,,0.4036,0.5
,,,0.404,0.5
,,,0.4044,0.496
,,,0.4048,0.5
,,,0.4052,0.5
,,,0.4056,0.5
,,,0.406,0.496
,,,0.4064,0.5
,,,0.4068,0.5
,,,0.4072,0.496
,,,0.4076,0.5
,,,0.408,0.496
,,,0.4084,0.496
,,,0.4088,0.5
,,,0.4092,0.5
,,,0.4096,0.5
,,,0.41,0.5
,,,0.4104,0.5
,,,0.4108,0.5
,,,0.4112,0.5
,,,0.4116,0.496
,,,0.412,0.5
,,,0.4124,0.496
,,,0.4128,0.5
,,,0.4132,0.5
,,,0.4136,0.5
,,,0.414,0.5
,,,0.4144,0.5
,,,0.4148,0.5
,,,0.4152,0.5
,,,0.4156,0.5
,,,0.416,0.5
,,,0.4164,0.5
,,,0.4168,0.5
,,,0.4172,0.496
,,,0.4176,0.5
,,,0.418,0.5
,,,0.4184,0.5
,,,0.4188,0.496
,,,0.4192,0.5
,,,0.4196,0.5
,,,0.42,0.5
,,,0.4204,0.5
,,,0.4208,0.5
,,,0.4212,0.5
,,,0.4216,0.5
,,,0.422,0.5
,,,0.4224,0.5
,,,0.4228,0.5
,,,0.4232,0.5
,,,0.4236,0.5
,,,0.424,0.496
,,,0.4244,0.5
,,,0.4248,0.496
,,,0.4252,0.5
,,,0.4256,0.496
,,,0.426,0.5
,,,0.4264,0.5
,,,0.4268,0.496
,,,0.4272,0.496
,,,0.4276,0.5
,,,0.428,0.5
,,,0.4284,0.5
,,,0.4288,0.5
,,,0.4292,0.5
,,,0.4296,0.496
,,,0.43,0.496
,,,0.4304,0.5
,,,0.4308,0.5
,,,0.4312,0.5
,,,0.4316,0.5
,,,0.432,0.5
,,,0.4324,0.5
,,,0.4328,0.5
,,,0.4332,0.5
,,,0.4336,0.5
,,,0.434,0.5
,,,0.4344,0.5
,,,0.4348,0.496
,,,0.4352,0.5
,,,0.4356,0.5
,,,0.436,0.5
,,,0.4364,0.5
,,,0.4368,0.5
,,,0.4372,0.5
,,,0.4376,0.496
,,,0.438,0.5
,,,0.4384,0.5
,,,0.4388,0.5
,,,0.4392,0.5
,,,0.4396,0.5
,,,0.44,0.5
,,,0.4404,0.5
,,,0.4408,0.5
,,,0.4412,0.5
,,,0.4416,0.5
,,,0.442,0.5
,,,0.4424,0.5
,,,0.4428,0.496
,,,0.4432,0.5
,,,0.4436,0.5
,,,0.444,0.5
,,,0.4444,0.5
,,,0.4448,0.5
,,,0.4452,0.5
,,,0.4456,0.5
,,,0.446,0.5
,,,0.4464,0.5
,,,0.4468,0.5
,,,0.4472,0.5
,,,0.4476,0.5
,,,0.448,0.496
,,,0.4484,0.496
,,,0.4488,0.5
,,,0.4492,0.5
,,,0.4496,0.5
,,,0.45,0.5
,,,0.4504,0.5
,,,0.4508,0.5
,,,0.4512,0.5
,,,0.4516,0.496
,,,0.452,0.496
,,,0.4524,0.496
,,,0.4528,0.496
,,,0.4532,0.496
,,,0.4536,0.5
,,,0.454,0.496
,,,0.4544,0.5
,,,0.4548,0.496
,,,0.4552,0.5
,,,0.4556,0.5
,,,0.456,0.5
,,,0.4564,0.5
,,,0.4568,0.5
,,,0.4572,0.5
,,,0.4576,0.5
,,,0.458,0.5
,,,0.4584,0.5
,,,0.4588,0.5
,,,0.4592,0.5
,,,0.4596,0.5
,,,0.46,0.5
,,,0.4604,0.5
,,,0.4608,0.5
,,,0.4612,0.5
,,,0.4616,0.5
,,,0.462,0.496
,,,0.4624,0.496
,,,0.4628,0.5
,,,0.4632,0.5
,,,0.4636,0.5
,,,0.464,0.5
,,,0.4644,0.5
,,,0.4648,0.5
,,,0.4652,0.5
,,,0.4656,0.5
,,,0.466,0.496
,,,0.4664,0.5
,,,0.4668,0.5
,,,0.4672,0.5
,,,0.4676,0.5
,,,0.468,0.5
,,,0.4684,0.5
,,,0.4688,0.496
,,,0.4692,0.5
,,,0.4696,0.5
,,,0.47,0.5
,,,0.4704,0.5
,,,0.4708,0.5
,,,0.4712,0.5
,,,0.4716,0.5
,,,0.472,0.5
,,,0.4724,0.5
,,,0.4728,0.496
,,,0.4732,0.5
,,,0.4736,0.5
,,,0.474,0.5
,,,0.4744,0.5
,,,0.4748,0.5
,,,0.4752,0.5
,,,0.4756,0.5
,,,0.476,0.5
,,,0.4764,0.5
,,,0.4768,0.5
,,,0.4772,0.5
,,,0.4776,0.5
,,,0.478,0.5
,,,0.4784,0.5
,,,0.4788,0.5
,,,0.4792,0.5
,,,0.4796,0.5
,,,0.48,0.5
,,,0.4804,0.5
,,,0.4808,0.5
,,,0.4812,0.5
,,,0.4816,0.5
,,,0.482,0.5
,,,0.4824,0.5
,,,0.4828,0.5
,,,0.4832,0.5
,,,0.4836,0.5
,,,0.484,0.5
,,,0.4844,0.5
,,,0.4848,0.5
,,,0.4852,0.5
,,,0.4856,0.5
,,,0.486,0.5
,,,0.4864,0.5
,,,0.4868,0.5
,,,0.4872,0.5
,,,0.4876,0.5
