Record Length,2.500000e+03,,   0.006874400000,   2.48000,
Sample Interval,2.000000e-08,,   0.006874420000,   2.48000,
Trigger Point,-3.437200000000e+05,,   0.006874440000,   2.44000,
,,,   0.006874460000,   2.44000,
,,,   0.006874480000,   2.44000,
,,,   0.006874500000,   2.52000,
Source,CH2,,   0.006874520000,   2.52000,
Vertical Units,V,,   0.006874540000,   2.48000,
Vertical Scale,1.000000e+00,,   0.006874560000,   2.52000,
Vertical Offset,-6.000000e-01,,   0.006874580000,   2.44000,
Horizontal Units,s,,   0.006874600000,   2.52000,
Horizontal Scale,5.000000e-06,,   0.006874620000,   2.52000,
Pt Fmt,Y,,   0.006874640000,   2.48000,
Yzero,0.000000e+00,,   0.006874660000,   2.48000,
Probe Atten,1.000000e+01,,   0.006874680000,   2.48000,
Model Number,TDS1012B,,   0.006874700000,   2.48000,
Serial Number,C055216,,   0.006874720000,   2.48000,
Firmware Version,FV:v22.16,,   0.006874740000,   2.48000,
,,,0.006874760000,   2.48000,
,,,0.006874780000,   2.52000,
,,,0.006874800000,   2.48000,
,,,0.006874820000,   2.52000,
,,,0.006874840000,   2.44000,
,,,0.006874860000,   2.48000,
,,,0.006874880000,   2.52000,
,,,0.006874900000,   2.44000,
,,,0.006874920000,   2.44000,
,,,0.006874940000,   2.52000,
,,,0.006874960000,   2.48000,
,,,0.006874980000,   2.48000,
,,,0.006875000000,   2.48000,
,,,0.006875020000,   2.52000,
,,,0.006875040000,   2.52000,
,,,0.006875060000,   2.48000,
,,,0.006875080000,   2.48000,
,,,0.006875100000,   2.48000,
,,,0.006875120000,   2.52000,
,,,0.006875140000,   2.48000,
,,,0.006875160000,   2.48000,
,,,0.006875180000,   2.48000,
,,,0.006875200000,   2.48000,
,,,0.006875220000,   2.48000,
,,,0.006875240000,   1.84000,
,,,0.006875260000,  -2.60000,
,,,0.006875280000,  -2.36000,
,,,0.006875300000,  -2.52000,
,,,0.006875320000,  -2.44000,
,,,0.006875340000,  -2.48000,
,,,0.006875360000,  -2.44000,
,,,0.006875380000,  -2.48000,
,,,0.006875400000,  -2.40000,
,,,0.006875420000,  -2.44000,
,,,0.006875440000,  -2.44000,
,,,0.006875460000,  -2.40000,
,,,0.006875480000,  -2.48000,
,,,0.006875500000,  -2.40000,
,,,0.006875520000,  -2.44000,
,,,0.006875540000,  -2.44000,
,,,0.006875560000,  -2.40000,
,,,0.006875580000,  -2.48000,
,,,0.006875600000,  -2.44000,
,,,0.006875620000,  -2.40000,
,,,0.006875640000,  -2.40000,
,,,0.006875660000,  -2.40000,
,,,0.006875680000,  -2.40000,
,,,0.006875700000,  -2.44000,
,,,0.006875720000,  -2.44000,
,,,0.006875740000,  -2.44000,
,,,0.006875760000,  -2.48000,
,,,0.006875780000,  -2.40000,
,,,0.006875800000,  -2.44000,
,,,0.006875820000,  -2.44000,
,,,0.006875840000,  -2.44000,
,,,0.006875860000,  -2.44000,
,,,0.006875880000,  -2.40000,
,,,0.006875900000,  -2.44000,
,,,0.006875920000,  -2.40000,
,,,0.006875940000,  -2.44000,
,,,0.006875960000,  -2.44000,
,,,0.006875980000,  -2.44000,
,,,0.006876000000,  -2.40000,
,,,0.006876020000,  -2.40000,
,,,0.006876040000,  -2.52000,
,,,0.006876060000,  -2.44000,
,,,0.006876080000,  -2.40000,
,,,0.006876100000,  -2.40000,
,,,0.006876120000,  -2.40000,
,,,0.006876140000,  -2.44000,
,,,0.006876160000,  -2.44000,
,,,0.006876180000,  -2.44000,
,,,0.006876200000,  -2.36000,
,,,0.006876220000,  -2.40000,
,,,0.006876240000,  -2.40000,
,,,0.006876260000,  -2.44000,
,,,0.006876280000,  -2.40000,
,,,0.006876300000,  -2.44000,
,,,0.006876320000,  -2.40000,
,,,0.006876340000,  -2.44000,
,,,0.006876360000,  -2.40000,
,,,0.006876380000,  -2.36000,
,,,0.006876400000,  -2.44000,
,,,0.006876420000,  -2.44000,
,,,0.006876440000,  -2.48000,
,,,0.006876460000,  -2.44000,
,,,0.006876480000,  -2.40000,
,,,0.006876500000,  -2.40000,
,,,0.006876520000,  -2.52000,
,,,0.006876540000,  -2.44000,
,,,0.006876560000,  -2.48000,
,,,0.006876580000,  -2.40000,
,,,0.006876600000,  -2.40000,
,,,0.006876620000,  -2.40000,
,,,0.006876640000,  -2.40000,
,,,0.006876660000,  -2.40000,
,,,0.006876680000,  -2.44000,
,,,0.006876700000,  -2.44000,
,,,0.006876720000,  -2.44000,
,,,0.006876740000,  -2.40000,
,,,0.006876760000,  -2.40000,
,,,0.006876780000,  -2.44000,
,,,0.006876800000,  -2.44000,
,,,0.006876820000,  -2.40000,
,,,0.006876840000,  -2.40000,
,,,0.006876860000,  -2.44000,
,,,0.006876880000,  -2.44000,
,,,0.006876900000,  -2.44000,
,,,0.006876920000,  -2.40000,
,,,0.006876940000,  -2.40000,
,,,0.006876960000,  -2.44000,
,,,0.006876980000,  -2.36000,
,,,0.006877000000,  -2.44000,
,,,0.006877020000,  -2.32000,
,,,0.006877040000,  -2.36000,
,,,0.006877060000,  -2.36000,
,,,0.006877080000,  -2.40000,
,,,0.006877100000,  -2.36000,
,,,0.006877120000,  -2.44000,
,,,0.006877140000,  -2.36000,
,,,0.006877160000,  -2.44000,
,,,0.006877180000,  -2.40000,
,,,0.006877200000,  -2.40000,
,,,0.006877220000,  -2.40000,
,,,0.006877240000,  -2.44000,
,,,0.006877260000,  -2.40000,
,,,0.006877280000,  -2.40000,
,,,0.006877300000,  -2.40000,
,,,0.006877320000,  -2.40000,
,,,0.006877340000,  -2.44000,
,,,0.006877360000,  -2.44000,
,,,0.006877380000,  -2.40000,
,,,0.006877400000,  -2.44000,
,,,0.006877420000,  -2.36000,
,,,0.006877440000,  -2.36000,
,,,0.006877460000,  -2.44000,
,,,0.006877480000,  -2.44000,
,,,0.006877500000,  -2.40000,
,,,0.006877520000,  -2.40000,
,,,0.006877540000,  -2.40000,
,,,0.006877560000,  -2.48000,
,,,0.006877580000,  -2.40000,
,,,0.006877600000,  -2.40000,
,,,0.006877620000,  -2.40000,
,,,0.006877640000,  -2.36000,
,,,0.006877660000,  -2.36000,
,,,0.006877680000,  -2.36000,
,,,0.006877700000,  -2.40000,
,,,0.006877720000,  -2.40000,
,,,0.006877740000,  -2.44000,
,,,0.006877760000,  -2.36000,
,,,0.006877780000,  -2.40000,
,,,0.006877800000,  -2.44000,
,,,0.006877820000,  -2.36000,
,,,0.006877840000,  -2.40000,
,,,0.006877860000,  -2.36000,
,,,0.006877880000,  -2.36000,
,,,0.006877900000,  -2.40000,
,,,0.006877920000,  -2.44000,
,,,0.006877940000,  -2.36000,
,,,0.006877960000,  -2.40000,
,,,0.006877980000,  -2.40000,
,,,0.006878000000,  -2.36000,
,,,0.006878020000,  -2.44000,
,,,0.006878040000,  -2.40000,
,,,0.006878060000,  -2.36000,
,,,0.006878080000,  -2.36000,
,,,0.006878100000,  -2.36000,
,,,0.006878120000,  -2.36000,
,,,0.006878140000,  -2.40000,
,,,0.006878160000,  -2.40000,
,,,0.006878180000,  -2.44000,
,,,0.006878200000,  -2.40000,
,,,0.006878220000,  -2.40000,
,,,0.006878240000,  -2.40000,
,,,0.006878260000,  -2.36000,
,,,0.006878280000,  -2.40000,
,,,0.006878300000,  -2.36000,
,,,0.006878320000,  -2.36000,
,,,0.006878340000,  -2.36000,
,,,0.006878360000,  -2.40000,
,,,0.006878380000,  -2.44000,
,,,0.006878400000,  -2.40000,
,,,0.006878420000,  -2.48000,
,,,0.006878440000,  -2.44000,
,,,0.006878460000,  -2.40000,
,,,0.006878480000,  -2.36000,
,,,0.006878500000,  -2.48000,
,,,0.006878520000,  -2.36000,
,,,0.006878540000,  -2.44000,
,,,0.006878560000,  -2.40000,
,,,0.006878580000,  -2.40000,
,,,0.006878600000,  -2.36000,
,,,0.006878620000,  -2.36000,
,,,0.006878640000,  -2.36000,
,,,0.006878660000,  -2.40000,
,,,0.006878680000,  -2.40000,
,,,0.006878700000,  -2.40000,
,,,0.006878720000,  -2.36000,
,,,0.006878740000,  -2.32000,
,,,0.006878760000,  -2.44000,
,,,0.006878780000,  -2.40000,
,,,0.006878800000,  -2.40000,
,,,0.006878820000,  -2.32000,
,,,0.006878840000,  -2.32000,
,,,0.006878860000,  -2.36000,
,,,0.006878880000,  -2.44000,
,,,0.006878900000,  -2.36000,
,,,0.006878920000,  -2.36000,
,,,0.006878940000,  -2.40000,
,,,0.006878960000,  -2.40000,
,,,0.006878980000,  -2.36000,
,,,0.006879000000,  -2.32000,
,,,0.006879020000,  -2.32000,
,,,0.006879040000,  -2.32000,
,,,0.006879060000,  -2.36000,
,,,0.006879080000,  -2.36000,
,,,0.006879100000,  -2.32000,
,,,0.006879120000,  -2.36000,
,,,0.006879140000,  -2.36000,
,,,0.006879160000,  -2.36000,
,,,0.006879180000,  -2.36000,
,,,0.006879200000,  -2.36000,
,,,0.006879220000,  -2.36000,
,,,0.006879240000,  -2.36000,
,,,0.006879260000,  -2.40000,
,,,0.006879280000,  -2.36000,
,,,0.006879300000,  -2.36000,
,,,0.006879320000,  -2.36000,
,,,0.006879340000,  -2.40000,
,,,0.006879360000,  -2.32000,
,,,0.006879380000,  -2.36000,
,,,0.006879400000,  -2.36000,
,,,0.006879420000,  -2.32000,
,,,0.006879440000,  -2.36000,
,,,0.006879460000,  -2.36000,
,,,0.006879480000,  -2.36000,
,,,0.006879500000,  -2.36000,
,,,0.006879520000,  -2.32000,
,,,0.006879540000,  -2.36000,
,,,0.006879560000,  -2.40000,
,,,0.006879580000,  -2.32000,
,,,0.006879600000,  -2.40000,
,,,0.006879620000,  -2.32000,
,,,0.006879640000,  -2.36000,
,,,0.006879660000,  -2.28000,
,,,0.006879680000,  -2.36000,
,,,0.006879700000,  -2.36000,
,,,0.006879720000,  -2.36000,
,,,0.006879740000,  -2.32000,
,,,0.006879760000,  -2.32000,
,,,0.006879780000,  -2.36000,
,,,0.006879800000,  -2.32000,
,,,0.006879820000,  -2.32000,
,,,0.006879840000,  -2.40000,
,,,0.006879860000,  -2.36000,
,,,0.006879880000,  -2.32000,
,,,0.006879900000,  -2.36000,
,,,0.006879920000,  -2.36000,
,,,0.006879940000,  -2.32000,
,,,0.006879960000,  -2.32000,
,,,0.006879980000,  -2.32000,
,,,0.006880000000,  -2.40000,
,,,0.006880020000,  -2.36000,
,,,0.006880040000,  -2.32000,
,,,0.006880060000,  -2.32000,
,,,0.006880080000,  -2.28000,
,,,0.006880100000,  -2.28000,
,,,0.006880120000,  -2.40000,
,,,0.006880140000,  -2.40000,
,,,0.006880160000,  -2.36000,
,,,0.006880180000,  -2.32000,
,,,0.006880200000,  -2.32000,
,,,0.006880220000,  -2.40000,
,,,0.006880240000,  -1.64000,
,,,0.006880260000,   2.64000,
,,,0.006880280000,   2.40000,
,,,0.006880300000,   2.64000,
,,,0.006880320000,   2.52000,
,,,0.006880340000,   2.56000,
,,,0.006880360000,   2.52000,
,,,0.006880380000,   2.56000,
,,,0.006880400000,   2.52000,
,,,0.006880420000,   2.56000,
,,,0.006880440000,   2.60000,
,,,0.006880460000,   2.56000,
,,,0.006880480000,   2.56000,
,,,0.006880500000,   2.60000,
,,,0.006880520000,   2.56000,
,,,0.006880540000,   2.60000,
,,,0.006880560000,   2.52000,
,,,0.006880580000,   2.56000,
,,,0.006880600000,   2.52000,
,,,0.006880620000,   2.56000,
,,,0.006880640000,   2.56000,
,,,0.006880660000,   2.56000,
,,,0.006880680000,   2.56000,
,,,0.006880700000,   2.56000,
,,,0.006880720000,   2.56000,
,,,0.006880740000,   2.52000,
,,,0.006880760000,   2.56000,
,,,0.006880780000,   2.52000,
,,,0.006880800000,   2.56000,
,,,0.006880820000,   2.56000,
,,,0.006880840000,   2.52000,
,,,0.006880860000,   2.52000,
,,,0.006880880000,   2.56000,
,,,0.006880900000,   2.56000,
,,,0.006880920000,   2.52000,
,,,0.006880940000,   2.56000,
,,,0.006880960000,   2.56000,
,,,0.006880980000,   2.56000,
,,,0.006881000000,   2.52000,
,,,0.006881020000,   2.60000,
,,,0.006881040000,   2.60000,
,,,0.006881060000,   2.56000,
,,,0.006881080000,   2.56000,
,,,0.006881100000,   2.56000,
,,,0.006881120000,   2.56000,
,,,0.006881140000,   2.52000,
,,,0.006881160000,   2.56000,
,,,0.006881180000,   2.56000,
,,,0.006881200000,   2.56000,
,,,0.006881220000,   2.56000,
,,,0.006881240000,   2.60000,
,,,0.006881260000,   2.52000,
,,,0.006881280000,   2.60000,
,,,0.006881300000,   2.56000,
,,,0.006881320000,   2.56000,
,,,0.006881340000,   2.52000,
,,,0.006881360000,   2.60000,
,,,0.006881380000,   2.56000,
,,,0.006881400000,   2.52000,
,,,0.006881420000,   2.56000,
,,,0.006881440000,   2.52000,
,,,0.006881460000,   2.52000,
,,,0.006881480000,   2.52000,
,,,0.006881500000,   2.56000,
,,,0.006881520000,   2.56000,
,,,0.006881540000,   2.56000,
,,,0.006881560000,   2.56000,
,,,0.006881580000,   2.56000,
,,,0.006881600000,   2.56000,
,,,0.006881620000,   2.56000,
,,,0.006881640000,   2.56000,
,,,0.006881660000,   2.56000,
,,,0.006881680000,   2.48000,
,,,0.006881700000,   2.52000,
,,,0.006881720000,   2.60000,
,,,0.006881740000,   2.52000,
,,,0.006881760000,   2.56000,
,,,0.006881780000,   2.60000,
,,,0.006881800000,   2.52000,
,,,0.006881820000,   2.56000,
,,,0.006881840000,   2.56000,
,,,0.006881860000,   2.56000,
,,,0.006881880000,   2.56000,
,,,0.006881900000,   2.56000,
,,,0.006881920000,   2.56000,
,,,0.006881940000,   2.52000,
,,,0.006881960000,   2.56000,
,,,0.006881980000,   2.52000,
,,,0.006882000000,   2.52000,
,,,0.006882020000,   2.56000,
,,,0.006882040000,   2.56000,
,,,0.006882060000,   2.56000,
,,,0.006882080000,   2.52000,
,,,0.006882100000,   2.52000,
,,,0.006882120000,   2.56000,
,,,0.006882140000,   2.56000,
,,,0.006882160000,   2.52000,
,,,0.006882180000,   2.56000,
,,,0.006882200000,   2.52000,
,,,0.006882220000,   2.56000,
,,,0.006882240000,   2.56000,
,,,0.006882260000,   2.52000,
,,,0.006882280000,   2.56000,
,,,0.006882300000,   2.60000,
,,,0.006882320000,   2.56000,
,,,0.006882340000,   2.56000,
,,,0.006882360000,   2.56000,
,,,0.006882380000,   2.52000,
,,,0.006882400000,   2.52000,
,,,0.006882420000,   2.56000,
,,,0.006882440000,   2.56000,
,,,0.006882460000,   2.52000,
,,,0.006882480000,   2.56000,
,,,0.006882500000,   2.48000,
,,,0.006882520000,   2.56000,
,,,0.006882540000,   2.56000,
,,,0.006882560000,   2.56000,
,,,0.006882580000,   2.56000,
,,,0.006882600000,   2.60000,
,,,0.006882620000,   2.52000,
,,,0.006882640000,   2.52000,
,,,0.006882660000,   2.56000,
,,,0.006882680000,   2.52000,
,,,0.006882700000,   2.56000,
,,,0.006882720000,   2.52000,
,,,0.006882740000,   2.52000,
,,,0.006882760000,   2.52000,
,,,0.006882780000,   2.52000,
,,,0.006882800000,   2.52000,
,,,0.006882820000,   2.52000,
,,,0.006882840000,   2.52000,
,,,0.006882860000,   2.56000,
,,,0.006882880000,   2.56000,
,,,0.006882900000,   2.52000,
,,,0.006882920000,   2.56000,
,,,0.006882940000,   2.52000,
,,,0.006882960000,   2.56000,
,,,0.006882980000,   2.56000,
,,,0.006883000000,   2.56000,
,,,0.006883020000,   2.56000,
,,,0.006883040000,   2.56000,
,,,0.006883060000,   2.56000,
,,,0.006883080000,   2.52000,
,,,0.006883100000,   2.52000,
,,,0.006883120000,   2.52000,
,,,0.006883140000,   2.52000,
,,,0.006883160000,   2.52000,
,,,0.006883180000,   2.52000,
,,,0.006883200000,   2.56000,
,,,0.006883220000,   2.52000,
,,,0.006883240000,   2.60000,
,,,0.006883260000,   2.52000,
,,,0.006883280000,   2.52000,
,,,0.006883300000,   2.52000,
,,,0.006883320000,   2.52000,
,,,0.006883340000,   2.56000,
,,,0.006883360000,   2.52000,
,,,0.006883380000,   2.52000,
,,,0.006883400000,   2.56000,
,,,0.006883420000,   2.56000,
,,,0.006883440000,   2.52000,
,,,0.006883460000,   2.60000,
,,,0.006883480000,   2.52000,
,,,0.006883500000,   2.56000,
,,,0.006883520000,   2.52000,
,,,0.006883540000,   2.52000,
,,,0.006883560000,   2.52000,
,,,0.006883580000,   2.56000,
,,,0.006883600000,   2.52000,
,,,0.006883620000,   2.52000,
,,,0.006883640000,   2.52000,
,,,0.006883660000,   2.56000,
,,,0.006883680000,   2.52000,
,,,0.006883700000,   2.52000,
,,,0.006883720000,   2.48000,
,,,0.006883740000,   2.52000,
,,,0.006883760000,   2.56000,
,,,0.006883780000,   2.48000,
,,,0.006883800000,   2.52000,
,,,0.006883820000,   2.52000,
,,,0.006883840000,   2.56000,
,,,0.006883860000,   2.52000,
,,,0.006883880000,   2.52000,
,,,0.006883900000,   2.56000,
,,,0.006883920000,   2.52000,
,,,0.006883940000,   2.56000,
,,,0.006883960000,   2.56000,
,,,0.006883980000,   2.56000,
,,,0.006884000000,   2.56000,
,,,0.006884020000,   2.52000,
,,,0.006884040000,   2.52000,
,,,0.006884060000,   2.56000,
,,,0.006884080000,   2.56000,
,,,0.006884100000,   2.56000,
,,,0.006884120000,   2.52000,
,,,0.006884140000,   2.52000,
,,,0.006884160000,   2.52000,
,,,0.006884180000,   2.52000,
,,,0.006884200000,   2.52000,
,,,0.006884220000,   2.48000,
,,,0.006884240000,   2.52000,
,,,0.006884260000,   2.60000,
,,,0.006884280000,   2.52000,
,,,0.006884300000,   2.52000,
,,,0.006884320000,   2.52000,
,,,0.006884340000,   2.52000,
,,,0.006884360000,   2.48000,
,,,0.006884380000,   2.48000,
,,,0.006884400000,   2.56000,
,,,0.006884420000,   2.52000,
,,,0.006884440000,   2.52000,
,,,0.006884460000,   2.52000,
,,,0.006884480000,   2.48000,
,,,0.006884500000,   2.48000,
,,,0.006884520000,   2.52000,
,,,0.006884540000,   2.48000,
,,,0.006884560000,   2.52000,
,,,0.006884580000,   2.52000,
,,,0.006884600000,   2.48000,
,,,0.006884620000,   2.48000,
,,,0.006884640000,   2.48000,
,,,0.006884660000,   2.52000,
,,,0.006884680000,   2.52000,
,,,0.006884700000,   2.44000,
,,,0.006884720000,   2.52000,
,,,0.006884740000,   2.48000,
,,,0.006884760000,   2.52000,
,,,0.006884780000,   2.52000,
,,,0.006884800000,   2.44000,
,,,0.006884820000,   2.48000,
,,,0.006884840000,   2.52000,
,,,0.006884860000,   2.48000,
,,,0.006884880000,   2.44000,
,,,0.006884900000,   2.44000,
,,,0.006884920000,   2.52000,
,,,0.006884940000,   2.56000,
,,,0.006884960000,   2.48000,
,,,0.006884980000,   2.48000,
,,,0.006885000000,   2.48000,
,,,0.006885020000,   2.52000,
,,,0.006885040000,   2.48000,
,,,0.006885060000,   2.48000,
,,,0.006885080000,   2.44000,
,,,0.006885100000,   2.56000,
,,,0.006885120000,   2.56000,
,,,0.006885140000,   2.52000,
,,,0.006885160000,   2.48000,
,,,0.006885180000,   2.52000,
,,,0.006885200000,   2.52000,
,,,0.006885220000,   2.52000,
,,,0.006885240000,   1.76000,
,,,0.006885260000,  -2.60000,
,,,0.006885280000,  -2.36000,
,,,0.006885300000,  -2.52000,
,,,0.006885320000,  -2.36000,
,,,0.006885340000,  -2.40000,
,,,0.006885360000,  -2.40000,
,,,0.006885380000,  -2.44000,
,,,0.006885400000,  -2.44000,
,,,0.006885420000,  -2.44000,
,,,0.006885440000,  -2.44000,
,,,0.006885460000,  -2.40000,
,,,0.006885480000,  -2.48000,
,,,0.006885500000,  -2.44000,
,,,0.006885520000,  -2.40000,
,,,0.006885540000,  -2.44000,
,,,0.006885560000,  -2.36000,
,,,0.006885580000,  -2.40000,
,,,0.006885600000,  -2.44000,
,,,0.006885620000,  -2.40000,
,,,0.006885640000,  -2.40000,
,,,0.006885660000,  -2.48000,
,,,0.006885680000,  -2.36000,
,,,0.006885700000,  -2.44000,
,,,0.006885720000,  -2.40000,
,,,0.006885740000,  -2.44000,
,,,0.006885760000,  -2.44000,
,,,0.006885780000,  -2.40000,
,,,0.006885800000,  -2.44000,
,,,0.006885820000,  -2.40000,
,,,0.006885840000,  -2.40000,
,,,0.006885860000,  -2.44000,
,,,0.006885880000,  -2.44000,
,,,0.006885900000,  -2.44000,
,,,0.006885920000,  -2.40000,
,,,0.006885940000,  -2.44000,
,,,0.006885960000,  -2.44000,
,,,0.006885980000,  -2.36000,
,,,0.006886000000,  -2.40000,
,,,0.006886020000,  -2.40000,
,,,0.006886040000,  -2.36000,
,,,0.006886060000,  -2.40000,
,,,0.006886080000,  -2.40000,
,,,0.006886100000,  -2.40000,
,,,0.006886120000,  -2.40000,
,,,0.006886140000,  -2.40000,
,,,0.006886160000,  -2.40000,
,,,0.006886180000,  -2.36000,
,,,0.006886200000,  -2.40000,
,,,0.006886220000,  -2.40000,
,,,0.006886240000,  -2.40000,
,,,0.006886260000,  -2.36000,
,,,0.006886280000,  -2.40000,
,,,0.006886300000,  -2.40000,
,,,0.006886320000,  -2.40000,
,,,0.006886340000,  -2.44000,
,,,0.006886360000,  -2.44000,
,,,0.006886380000,  -2.40000,
,,,0.006886400000,  -2.36000,
,,,0.006886420000,  -2.52000,
,,,0.006886440000,  -2.40000,
,,,0.006886460000,  -2.48000,
,,,0.006886480000,  -2.40000,
,,,0.006886500000,  -2.44000,
,,,0.006886520000,  -2.36000,
,,,0.006886540000,  -2.40000,
,,,0.006886560000,  -2.40000,
,,,0.006886580000,  -2.40000,
,,,0.006886600000,  -2.40000,
,,,0.006886620000,  -2.44000,
,,,0.006886640000,  -2.40000,
,,,0.006886660000,  -2.40000,
,,,0.006886680000,  -2.48000,
,,,0.006886700000,  -2.36000,
,,,0.006886720000,  -2.40000,
,,,0.006886740000,  -2.36000,
,,,0.006886760000,  -2.40000,
,,,0.006886780000,  -2.40000,
,,,0.006886800000,  -2.44000,
,,,0.006886820000,  -2.44000,
,,,0.006886840000,  -2.36000,
,,,0.006886860000,  -2.44000,
,,,0.006886880000,  -2.36000,
,,,0.006886900000,  -2.44000,
,,,0.006886920000,  -2.36000,
,,,0.006886940000,  -2.40000,
,,,0.006886960000,  -2.40000,
,,,0.006886980000,  -2.36000,
,,,0.006887000000,  -2.36000,
,,,0.006887020000,  -2.40000,
,,,0.006887040000,  -2.36000,
,,,0.006887060000,  -2.44000,
,,,0.006887080000,  -2.36000,
,,,0.006887100000,  -2.40000,
,,,0.006887120000,  -2.36000,
,,,0.006887140000,  -2.36000,
,,,0.006887160000,  -2.36000,
,,,0.006887180000,  -2.40000,
,,,0.006887200000,  -2.40000,
,,,0.006887220000,  -2.40000,
,,,0.006887240000,  -2.40000,
,,,0.006887260000,  -2.40000,
,,,0.006887280000,  -2.40000,
,,,0.006887300000,  -2.40000,
,,,0.006887320000,  -2.36000,
,,,0.006887340000,  -2.36000,
,,,0.006887360000,  -2.40000,
,,,0.006887380000,  -2.44000,
,,,0.006887400000,  -2.40000,
,,,0.006887420000,  -2.36000,
,,,0.006887440000,  -2.36000,
,,,0.006887460000,  -2.44000,
,,,0.006887480000,  -2.40000,
,,,0.006887500000,  -2.36000,
,,,0.006887520000,  -2.40000,
,,,0.006887540000,  -2.36000,
,,,0.006887560000,  -2.36000,
,,,0.006887580000,  -2.36000,
,,,0.006887600000,  -2.36000,
,,,0.006887620000,  -2.44000,
,,,0.006887640000,  -2.40000,
,,,0.006887660000,  -2.40000,
,,,0.006887680000,  -2.40000,
,,,0.006887700000,  -2.40000,
,,,0.006887720000,  -2.40000,
,,,0.006887740000,  -2.36000,
,,,0.006887760000,  -2.40000,
,,,0.006887780000,  -2.44000,
,,,0.006887800000,  -2.32000,
,,,0.006887820000,  -2.40000,
,,,0.006887840000,  -2.48000,
,,,0.006887860000,  -2.40000,
,,,0.006887880000,  -2.36000,
,,,0.006887900000,  -2.36000,
,,,0.006887920000,  -2.44000,
,,,0.006887940000,  -2.40000,
,,,0.006887960000,  -2.36000,
,,,0.006887980000,  -2.36000,
,,,0.006888000000,  -2.36000,
,,,0.006888020000,  -2.40000,
,,,0.006888040000,  -2.40000,
,,,0.006888060000,  -2.40000,
,,,0.006888080000,  -2.36000,
,,,0.006888100000,  -2.40000,
,,,0.006888120000,  -2.40000,
,,,0.006888140000,  -2.40000,
,,,0.006888160000,  -2.36000,
,,,0.006888180000,  -2.40000,
,,,0.006888200000,  -2.36000,
,,,0.006888220000,  -2.40000,
,,,0.006888240000,  -2.36000,
,,,0.006888260000,  -2.36000,
,,,0.006888280000,  -2.36000,
,,,0.006888300000,  -2.40000,
,,,0.006888320000,  -2.44000,
,,,0.006888340000,  -2.48000,
,,,0.006888360000,  -2.40000,
,,,0.006888380000,  -2.40000,
,,,0.006888400000,  -2.44000,
,,,0.006888420000,  -2.40000,
,,,0.006888440000,  -2.40000,
,,,0.006888460000,  -2.36000,
,,,0.006888480000,  -2.40000,
,,,0.006888500000,  -2.32000,
,,,0.006888520000,  -2.40000,
,,,0.006888540000,  -2.40000,
,,,0.006888560000,  -2.40000,
,,,0.006888580000,  -2.36000,
,,,0.006888600000,  -2.36000,
,,,0.006888620000,  -2.40000,
,,,0.006888640000,  -2.36000,
,,,0.006888660000,  -2.40000,
,,,0.006888680000,  -2.40000,
,,,0.006888700000,  -2.40000,
,,,0.006888720000,  -2.36000,
,,,0.006888740000,  -2.36000,
,,,0.006888760000,  -2.44000,
,,,0.006888780000,  -2.40000,
,,,0.006888800000,  -2.32000,
,,,0.006888820000,  -2.32000,
,,,0.006888840000,  -2.40000,
,,,0.006888860000,  -2.36000,
,,,0.006888880000,  -2.36000,
,,,0.006888900000,  -2.32000,
,,,0.006888920000,  -2.32000,
,,,0.006888940000,  -2.36000,
,,,0.006888960000,  -2.40000,
,,,0.006888980000,  -2.44000,
,,,0.006889000000,  -2.36000,
,,,0.006889020000,  -2.32000,
,,,0.006889040000,  -2.40000,
,,,0.006889060000,  -2.36000,
,,,0.006889080000,  -2.36000,
,,,0.006889100000,  -2.32000,
,,,0.006889120000,  -2.32000,
,,,0.006889140000,  -2.32000,
,,,0.006889160000,  -2.36000,
,,,0.006889180000,  -2.36000,
,,,0.006889200000,  -2.36000,
,,,0.006889220000,  -2.32000,
,,,0.006889240000,  -2.40000,
,,,0.006889260000,  -2.36000,
,,,0.006889280000,  -2.36000,
,,,0.006889300000,  -2.36000,
,,,0.006889320000,  -2.32000,
,,,0.006889340000,  -2.36000,
,,,0.006889360000,  -2.40000,
,,,0.006889380000,  -2.36000,
,,,0.006889400000,  -2.36000,
,,,0.006889420000,  -2.32000,
,,,0.006889440000,  -2.40000,
,,,0.006889460000,  -2.40000,
,,,0.006889480000,  -2.36000,
,,,0.006889500000,  -2.40000,
,,,0.006889520000,  -2.32000,
,,,0.006889540000,  -2.36000,
,,,0.006889560000,  -2.36000,
,,,0.006889580000,  -2.36000,
,,,0.006889600000,  -2.36000,
,,,0.006889620000,  -2.36000,
,,,0.006889640000,  -2.32000,
,,,0.006889660000,  -2.40000,
,,,0.006889680000,  -2.36000,
,,,0.006889700000,  -2.36000,
,,,0.006889720000,  -2.36000,
,,,0.006889740000,  -2.32000,
,,,0.006889760000,  -2.36000,
,,,0.006889780000,  -2.32000,
,,,0.006889800000,  -2.40000,
,,,0.006889820000,  -2.36000,
,,,0.006889840000,  -2.36000,
,,,0.006889860000,  -2.36000,
,,,0.006889880000,  -2.32000,
,,,0.006889900000,  -2.36000,
,,,0.006889920000,  -2.32000,
,,,0.006889940000,  -2.36000,
,,,0.006889960000,  -2.36000,
,,,0.006889980000,  -2.32000,
,,,0.006890000000,  -2.28000,
,,,0.006890020000,  -2.36000,
,,,0.006890040000,  -2.36000,
,,,0.006890060000,  -2.36000,
,,,0.006890080000,  -2.36000,
,,,0.006890100000,  -2.32000,
,,,0.006890120000,  -2.36000,
,,,0.006890140000,  -2.36000,
,,,0.006890160000,  -2.32000,
,,,0.006890180000,  -2.32000,
,,,0.006890200000,  -2.36000,
,,,0.006890220000,  -2.36000,
,,,0.006890240000,  -1.60000,
,,,0.006890260000,   2.68000,
,,,0.006890280000,   2.40000,
,,,0.006890300000,   2.64000,
,,,0.006890320000,   2.52000,
,,,0.006890340000,   2.60000,
,,,0.006890360000,   2.56000,
,,,0.006890380000,   2.56000,
,,,0.006890400000,   2.56000,
,,,0.006890420000,   2.52000,
,,,0.006890440000,   2.56000,
,,,0.006890460000,   2.56000,
,,,0.006890480000,   2.60000,
,,,0.006890500000,   2.60000,
,,,0.006890520000,   2.60000,
,,,0.006890540000,   2.52000,
,,,0.006890560000,   2.56000,
,,,0.006890580000,   2.56000,
,,,0.006890600000,   2.52000,
,,,0.006890620000,   2.56000,
,,,0.006890640000,   2.56000,
,,,0.006890660000,   2.56000,
,,,0.006890680000,   2.52000,
,,,0.006890700000,   2.56000,
,,,0.006890720000,   2.56000,
,,,0.006890740000,   2.52000,
,,,0.006890760000,   2.48000,
,,,0.006890780000,   2.56000,
,,,0.006890800000,   2.56000,
,,,0.006890820000,   2.52000,
,,,0.006890840000,   2.56000,
,,,0.006890860000,   2.56000,
,,,0.006890880000,   2.56000,
,,,0.006890900000,   2.56000,
,,,0.006890920000,   2.56000,
,,,0.006890940000,   2.56000,
,,,0.006890960000,   2.60000,
,,,0.006890980000,   2.60000,
,,,0.006891000000,   2.56000,
,,,0.006891020000,   2.56000,
,,,0.006891040000,   2.56000,
,,,0.006891060000,   2.60000,
,,,0.006891080000,   2.56000,
,,,0.006891100000,   2.56000,
,,,0.006891120000,   2.56000,
,,,0.006891140000,   2.60000,
,,,0.006891160000,   2.56000,
,,,0.006891180000,   2.56000,
,,,0.006891200000,   2.56000,
,,,0.006891220000,   2.64000,
,,,0.006891240000,   2.52000,
,,,0.006891260000,   2.60000,
,,,0.006891280000,   2.56000,
,,,0.006891300000,   2.52000,
,,,0.006891320000,   2.56000,
,,,0.006891340000,   2.56000,
,,,0.006891360000,   2.52000,
,,,0.006891380000,   2.64000,
,,,0.006891400000,   2.52000,
,,,0.006891420000,   2.56000,
,,,0.006891440000,   2.56000,
,,,0.006891460000,   2.52000,
,,,0.006891480000,   2.52000,
,,,0.006891500000,   2.60000,
,,,0.006891520000,   2.56000,
,,,0.006891540000,   2.52000,
,,,0.006891560000,   2.56000,
,,,0.006891580000,   2.60000,
,,,0.006891600000,   2.52000,
,,,0.006891620000,   2.56000,
,,,0.006891640000,   2.52000,
,,,0.006891660000,   2.56000,
,,,0.006891680000,   2.56000,
,,,0.006891700000,   2.56000,
,,,0.006891720000,   2.56000,
,,,0.006891740000,   2.52000,
,,,0.006891760000,   2.52000,
,,,0.006891780000,   2.56000,
,,,0.006891800000,   2.56000,
,,,0.006891820000,   2.56000,
,,,0.006891840000,   2.56000,
,,,0.006891860000,   2.60000,
,,,0.006891880000,   2.56000,
,,,0.006891900000,   2.56000,
,,,0.006891920000,   2.56000,
,,,0.006891940000,   2.52000,
,,,0.006891960000,   2.56000,
,,,0.006891980000,   2.56000,
,,,0.006892000000,   2.52000,
,,,0.006892020000,   2.52000,
,,,0.006892040000,   2.52000,
,,,0.006892060000,   2.56000,
,,,0.006892080000,   2.56000,
,,,0.006892100000,   2.56000,
,,,0.006892120000,   2.52000,
,,,0.006892140000,   2.52000,
,,,0.006892160000,   2.56000,
,,,0.006892180000,   2.52000,
,,,0.006892200000,   2.52000,
,,,0.006892220000,   2.56000,
,,,0.006892240000,   2.56000,
,,,0.006892260000,   2.56000,
,,,0.006892280000,   2.52000,
,,,0.006892300000,   2.52000,
,,,0.006892320000,   2.60000,
,,,0.006892340000,   2.56000,
,,,0.006892360000,   2.52000,
,,,0.006892380000,   2.52000,
,,,0.006892400000,   2.48000,
,,,0.006892420000,   2.52000,
,,,0.006892440000,   2.56000,
,,,0.006892460000,   2.52000,
,,,0.006892480000,   2.52000,
,,,0.006892500000,   2.52000,
,,,0.006892520000,   2.52000,
,,,0.006892540000,   2.52000,
,,,0.006892560000,   2.48000,
,,,0.006892580000,   2.52000,
,,,0.006892600000,   2.56000,
,,,0.006892620000,   2.48000,
,,,0.006892640000,   2.56000,
,,,0.006892660000,   2.52000,
,,,0.006892680000,   2.56000,
,,,0.006892700000,   2.52000,
,,,0.006892720000,   2.52000,
,,,0.006892740000,   2.56000,
,,,0.006892760000,   2.56000,
,,,0.006892780000,   2.52000,
,,,0.006892800000,   2.52000,
,,,0.006892820000,   2.52000,
,,,0.006892840000,   2.52000,
,,,0.006892860000,   2.56000,
,,,0.006892880000,   2.52000,
,,,0.006892900000,   2.56000,
,,,0.006892920000,   2.52000,
,,,0.006892940000,   2.52000,
,,,0.006892960000,   2.56000,
,,,0.006892980000,   2.52000,
,,,0.006893000000,   2.52000,
,,,0.006893020000,   2.56000,
,,,0.006893040000,   2.56000,
,,,0.006893060000,   2.56000,
,,,0.006893080000,   2.52000,
,,,0.006893100000,   2.56000,
,,,0.006893120000,   2.52000,
,,,0.006893140000,   2.56000,
,,,0.006893160000,   2.52000,
,,,0.006893180000,   2.52000,
,,,0.006893200000,   2.56000,
,,,0.006893220000,   2.52000,
,,,0.006893240000,   2.56000,
,,,0.006893260000,   2.52000,
,,,0.006893280000,   2.56000,
,,,0.006893300000,   2.52000,
,,,0.006893320000,   2.56000,
,,,0.006893340000,   2.52000,
,,,0.006893360000,   2.52000,
,,,0.006893380000,   2.52000,
,,,0.006893400000,   2.52000,
,,,0.006893420000,   2.52000,
,,,0.006893440000,   2.52000,
,,,0.006893460000,   2.56000,
,,,0.006893480000,   2.52000,
,,,0.006893500000,   2.52000,
,,,0.006893520000,   2.52000,
,,,0.006893540000,   2.56000,
,,,0.006893560000,   2.56000,
,,,0.006893580000,   2.52000,
,,,0.006893600000,   2.56000,
,,,0.006893620000,   2.48000,
,,,0.006893640000,   2.56000,
,,,0.006893660000,   2.52000,
,,,0.006893680000,   2.48000,
,,,0.006893700000,   2.56000,
,,,0.006893720000,   2.52000,
,,,0.006893740000,   2.52000,
,,,0.006893760000,   2.52000,
,,,0.006893780000,   2.52000,
,,,0.006893800000,   2.52000,
,,,0.006893820000,   2.52000,
,,,0.006893840000,   2.56000,
,,,0.006893860000,   2.56000,
,,,0.006893880000,   2.56000,
,,,0.006893900000,   2.56000,
,,,0.006893920000,   2.52000,
,,,0.006893940000,   2.56000,
,,,0.006893960000,   2.52000,
,,,0.006893980000,   2.52000,
,,,0.006894000000,   2.52000,
,,,0.006894020000,   2.52000,
,,,0.006894040000,   2.52000,
,,,0.006894060000,   2.56000,
,,,0.006894080000,   2.52000,
,,,0.006894100000,   2.52000,
,,,0.006894120000,   2.48000,
,,,0.006894140000,   2.52000,
,,,0.006894160000,   2.52000,
,,,0.006894180000,   2.56000,
,,,0.006894200000,   2.48000,
,,,0.006894220000,   2.48000,
,,,0.006894240000,   2.48000,
,,,0.006894260000,   2.48000,
,,,0.006894280000,   2.52000,
,,,0.006894300000,   2.48000,
,,,0.006894320000,   2.52000,
,,,0.006894340000,   2.48000,
,,,0.006894360000,   2.52000,
,,,0.006894380000,   2.52000,
,,,0.006894400000,   2.52000,
,,,0.006894420000,   2.56000,
,,,0.006894440000,   2.48000,
,,,0.006894460000,   2.48000,
,,,0.006894480000,   2.48000,
,,,0.006894500000,   2.44000,
,,,0.006894520000,   2.52000,
,,,0.006894540000,   2.48000,
,,,0.006894560000,   2.48000,
,,,0.006894580000,   2.52000,
,,,0.006894600000,   2.44000,
,,,0.006894620000,   2.48000,
,,,0.006894640000,   2.48000,
,,,0.006894660000,   2.52000,
,,,0.006894680000,   2.52000,
,,,0.006894700000,   2.44000,
,,,0.006894720000,   2.48000,
,,,0.006894740000,   2.52000,
,,,0.006894760000,   2.48000,
,,,0.006894780000,   2.44000,
,,,0.006894800000,   2.52000,
,,,0.006894820000,   2.48000,
,,,0.006894840000,   2.48000,
,,,0.006894860000,   2.52000,
,,,0.006894880000,   2.52000,
,,,0.006894900000,   2.48000,
,,,0.006894920000,   2.52000,
,,,0.006894940000,   2.52000,
,,,0.006894960000,   2.48000,
,,,0.006894980000,   2.44000,
,,,0.006895000000,   2.48000,
,,,0.006895020000,   2.48000,
,,,0.006895040000,   2.48000,
,,,0.006895060000,   2.48000,
,,,0.006895080000,   2.48000,
,,,0.006895100000,   2.52000,
,,,0.006895120000,   2.56000,
,,,0.006895140000,   2.48000,
,,,0.006895160000,   2.52000,
,,,0.006895180000,   2.48000,
,,,0.006895200000,   2.48000,
,,,0.006895220000,   2.52000,
,,,0.006895240000,   1.76000,
,,,0.006895260000,  -2.56000,
,,,0.006895280000,  -2.36000,
,,,0.006895300000,  -2.52000,
,,,0.006895320000,  -2.36000,
,,,0.006895340000,  -2.48000,
,,,0.006895360000,  -2.40000,
,,,0.006895380000,  -2.48000,
,,,0.006895400000,  -2.44000,
,,,0.006895420000,  -2.40000,
,,,0.006895440000,  -2.48000,
,,,0.006895460000,  -2.36000,
,,,0.006895480000,  -2.40000,
,,,0.006895500000,  -2.44000,
,,,0.006895520000,  -2.40000,
,,,0.006895540000,  -2.44000,
,,,0.006895560000,  -2.48000,
,,,0.006895580000,  -2.44000,
,,,0.006895600000,  -2.44000,
,,,0.006895620000,  -2.40000,
,,,0.006895640000,  -2.40000,
,,,0.006895660000,  -2.44000,
,,,0.006895680000,  -2.32000,
,,,0.006895700000,  -2.40000,
,,,0.006895720000,  -2.44000,
,,,0.006895740000,  -2.44000,
,,,0.006895760000,  -2.44000,
,,,0.006895780000,  -2.44000,
,,,0.006895800000,  -2.44000,
,,,0.006895820000,  -2.36000,
,,,0.006895840000,  -2.48000,
,,,0.006895860000,  -2.44000,
,,,0.006895880000,  -2.36000,
,,,0.006895900000,  -2.44000,
,,,0.006895920000,  -2.32000,
,,,0.006895940000,  -2.40000,
,,,0.006895960000,  -2.40000,
,,,0.006895980000,  -2.44000,
,,,0.006896000000,  -2.40000,
,,,0.006896020000,  -2.36000,
,,,0.006896040000,  -2.44000,
,,,0.006896060000,  -2.44000,
,,,0.006896080000,  -2.40000,
,,,0.006896100000,  -2.40000,
,,,0.006896120000,  -2.40000,
,,,0.006896140000,  -2.36000,
,,,0.006896160000,  -2.40000,
,,,0.006896180000,  -2.36000,
,,,0.006896200000,  -2.36000,
,,,0.006896220000,  -2.40000,
,,,0.006896240000,  -2.48000,
,,,0.006896260000,  -2.44000,
,,,0.006896280000,  -2.40000,
,,,0.006896300000,  -2.36000,
,,,0.006896320000,  -2.48000,
,,,0.006896340000,  -2.36000,
,,,0.006896360000,  -2.48000,
,,,0.006896380000,  -2.40000,
,,,0.006896400000,  -2.40000,
,,,0.006896420000,  -2.40000,
,,,0.006896440000,  -2.40000,
,,,0.006896460000,  -2.44000,
,,,0.006896480000,  -2.40000,
,,,0.006896500000,  -2.40000,
,,,0.006896520000,  -2.44000,
,,,0.006896540000,  -2.40000,
,,,0.006896560000,  -2.36000,
,,,0.006896580000,  -2.44000,
,,,0.006896600000,  -2.40000,
,,,0.006896620000,  -2.40000,
,,,0.006896640000,  -2.40000,
,,,0.006896660000,  -2.40000,
,,,0.006896680000,  -2.44000,
,,,0.006896700000,  -2.40000,
,,,0.006896720000,  -2.44000,
,,,0.006896740000,  -2.36000,
,,,0.006896760000,  -2.40000,
,,,0.006896780000,  -2.36000,
,,,0.006896800000,  -2.40000,
,,,0.006896820000,  -2.36000,
,,,0.006896840000,  -2.36000,
,,,0.006896860000,  -2.36000,
,,,0.006896880000,  -2.40000,
,,,0.006896900000,  -2.40000,
,,,0.006896920000,  -2.40000,
,,,0.006896940000,  -2.40000,
,,,0.006896960000,  -2.48000,
,,,0.006896980000,  -2.40000,
,,,0.006897000000,  -2.40000,
,,,0.006897020000,  -2.36000,
,,,0.006897040000,  -2.40000,
,,,0.006897060000,  -2.40000,
,,,0.006897080000,  -2.40000,
,,,0.006897100000,  -2.36000,
,,,0.006897120000,  -2.40000,
,,,0.006897140000,  -2.36000,
,,,0.006897160000,  -2.44000,
,,,0.006897180000,  -2.36000,
,,,0.006897200000,  -2.40000,
,,,0.006897220000,  -2.40000,
,,,0.006897240000,  -2.40000,
,,,0.006897260000,  -2.40000,
,,,0.006897280000,  -2.44000,
,,,0.006897300000,  -2.40000,
,,,0.006897320000,  -2.40000,
,,,0.006897340000,  -2.36000,
,,,0.006897360000,  -2.44000,
,,,0.006897380000,  -2.44000,
,,,0.006897400000,  -2.40000,
,,,0.006897420000,  -2.44000,
,,,0.006897440000,  -2.36000,
,,,0.006897460000,  -2.36000,
,,,0.006897480000,  -2.44000,
,,,0.006897500000,  -2.36000,
,,,0.006897520000,  -2.40000,
,,,0.006897540000,  -2.44000,
,,,0.006897560000,  -2.36000,
,,,0.006897580000,  -2.40000,
,,,0.006897600000,  -2.44000,
,,,0.006897620000,  -2.40000,
,,,0.006897640000,  -2.36000,
,,,0.006897660000,  -2.40000,
,,,0.006897680000,  -2.36000,
,,,0.006897700000,  -2.32000,
,,,0.006897720000,  -2.40000,
,,,0.006897740000,  -2.40000,
,,,0.006897760000,  -2.40000,
,,,0.006897780000,  -2.36000,
,,,0.006897800000,  -2.44000,
,,,0.006897820000,  -2.40000,
,,,0.006897840000,  -2.44000,
,,,0.006897860000,  -2.36000,
,,,0.006897880000,  -2.44000,
,,,0.006897900000,  -2.40000,
,,,0.006897920000,  -2.36000,
,,,0.006897940000,  -2.44000,
,,,0.006897960000,  -2.40000,
,,,0.006897980000,  -2.36000,
,,,0.006898000000,  -2.40000,
,,,0.006898020000,  -2.40000,
,,,0.006898040000,  -2.40000,
,,,0.006898060000,  -2.36000,
,,,0.006898080000,  -2.36000,
,,,0.006898100000,  -2.36000,
,,,0.006898120000,  -2.36000,
,,,0.006898140000,  -2.40000,
,,,0.006898160000,  -2.40000,
,,,0.006898180000,  -2.40000,
,,,0.006898200000,  -2.40000,
,,,0.006898220000,  -2.44000,
,,,0.006898240000,  -2.44000,
,,,0.006898260000,  -2.36000,
,,,0.006898280000,  -2.36000,
,,,0.006898300000,  -2.44000,
,,,0.006898320000,  -2.40000,
,,,0.006898340000,  -2.40000,
,,,0.006898360000,  -2.36000,
,,,0.006898380000,  -2.40000,
,,,0.006898400000,  -2.36000,
,,,0.006898420000,  -2.36000,
,,,0.006898440000,  -2.44000,
,,,0.006898460000,  -2.40000,
,,,0.006898480000,  -2.36000,
,,,0.006898500000,  -2.44000,
,,,0.006898520000,  -2.40000,
,,,0.006898540000,  -2.36000,
,,,0.006898560000,  -2.44000,
,,,0.006898580000,  -2.36000,
,,,0.006898600000,  -2.36000,
,,,0.006898620000,  -2.36000,
,,,0.006898640000,  -2.40000,
,,,0.006898660000,  -2.44000,
,,,0.006898680000,  -2.40000,
,,,0.006898700000,  -2.40000,
,,,0.006898720000,  -2.32000,
,,,0.006898740000,  -2.40000,
,,,0.006898760000,  -2.40000,
,,,0.006898780000,  -2.36000,
,,,0.006898800000,  -2.32000,
,,,0.006898820000,  -2.36000,
,,,0.006898840000,  -2.32000,
,,,0.006898860000,  -2.40000,
,,,0.006898880000,  -2.36000,
,,,0.006898900000,  -2.32000,
,,,0.006898920000,  -2.32000,
,,,0.006898940000,  -2.40000,
,,,0.006898960000,  -2.36000,
,,,0.006898980000,  -2.36000,
,,,0.006899000000,  -2.28000,
,,,0.006899020000,  -2.32000,
,,,0.006899040000,  -2.40000,
,,,0.006899060000,  -2.36000,
,,,0.006899080000,  -2.36000,
,,,0.006899100000,  -2.32000,
,,,0.006899120000,  -2.40000,
,,,0.006899140000,  -2.40000,
,,,0.006899160000,  -2.40000,
,,,0.006899180000,  -2.36000,
,,,0.006899200000,  -2.32000,
,,,0.006899220000,  -2.28000,
,,,0.006899240000,  -2.32000,
,,,0.006899260000,  -2.40000,
,,,0.006899280000,  -2.36000,
,,,0.006899300000,  -2.36000,
,,,0.006899320000,  -2.36000,
,,,0.006899340000,  -2.44000,
,,,0.006899360000,  -2.36000,
,,,0.006899380000,  -2.36000,
,,,0.006899400000,  -2.36000,
,,,0.006899420000,  -2.32000,
,,,0.006899440000,  -2.32000,
,,,0.006899460000,  -2.36000,
,,,0.006899480000,  -2.32000,
,,,0.006899500000,  -2.40000,
,,,0.006899520000,  -2.36000,
,,,0.006899540000,  -2.32000,
,,,0.006899560000,  -2.28000,
,,,0.006899580000,  -2.36000,
,,,0.006899600000,  -2.36000,
,,,0.006899620000,  -2.36000,
,,,0.006899640000,  -2.36000,
,,,0.006899660000,  -2.36000,
,,,0.006899680000,  -2.32000,
,,,0.006899700000,  -2.40000,
,,,0.006899720000,  -2.40000,
,,,0.006899740000,  -2.36000,
,,,0.006899760000,  -2.32000,
,,,0.006899780000,  -2.32000,
,,,0.006899800000,  -2.40000,
,,,0.006899820000,  -2.36000,
,,,0.006899840000,  -2.32000,
,,,0.006899860000,  -2.32000,
,,,0.006899880000,  -2.32000,
,,,0.006899900000,  -2.28000,
,,,0.006899920000,  -2.40000,
,,,0.006899940000,  -2.36000,
,,,0.006899960000,  -2.36000,
,,,0.006899980000,  -2.36000,
,,,0.006900000000,  -2.32000,
,,,0.006900020000,  -2.40000,
,,,0.006900040000,  -2.28000,
,,,0.006900060000,  -2.36000,
,,,0.006900080000,  -2.32000,
,,,0.006900100000,  -2.36000,
,,,0.006900120000,  -2.36000,
,,,0.006900140000,  -2.32000,
,,,0.006900160000,  -2.36000,
,,,0.006900180000,  -2.40000,
,,,0.006900200000,  -2.40000,
,,,0.006900220000,  -2.44000,
,,,0.006900240000,  -1.60000,
,,,0.006900260000,   2.68000,
,,,0.006900280000,   2.40000,
,,,0.006900300000,   2.68000,
,,,0.006900320000,   2.52000,
,,,0.006900340000,   2.56000,
,,,0.006900360000,   2.56000,
,,,0.006900380000,   2.60000,
,,,0.006900400000,   2.56000,
,,,0.006900420000,   2.60000,
,,,0.006900440000,   2.56000,
,,,0.006900460000,   2.60000,
,,,0.006900480000,   2.56000,
,,,0.006900500000,   2.60000,
,,,0.006900520000,   2.56000,
,,,0.006900540000,   2.52000,
,,,0.006900560000,   2.56000,
,,,0.006900580000,   2.56000,
,,,0.006900600000,   2.56000,
,,,0.006900620000,   2.60000,
,,,0.006900640000,   2.48000,
,,,0.006900660000,   2.56000,
,,,0.006900680000,   2.60000,
,,,0.006900700000,   2.60000,
,,,0.006900720000,   2.52000,
,,,0.006900740000,   2.56000,
,,,0.006900760000,   2.56000,
,,,0.006900780000,   2.60000,
,,,0.006900800000,   2.56000,
,,,0.006900820000,   2.56000,
,,,0.006900840000,   2.60000,
,,,0.006900860000,   2.60000,
,,,0.006900880000,   2.56000,
,,,0.006900900000,   2.56000,
,,,0.006900920000,   2.52000,
,,,0.006900940000,   2.56000,
,,,0.006900960000,   2.52000,
,,,0.006900980000,   2.56000,
,,,0.006901000000,   2.52000,
,,,0.006901020000,   2.56000,
,,,0.006901040000,   2.56000,
,,,0.006901060000,   2.56000,
,,,0.006901080000,   2.56000,
,,,0.006901100000,   2.52000,
,,,0.006901120000,   2.56000,
,,,0.006901140000,   2.52000,
,,,0.006901160000,   2.56000,
,,,0.006901180000,   2.60000,
,,,0.006901200000,   2.52000,
,,,0.006901220000,   2.56000,
,,,0.006901240000,   2.52000,
,,,0.006901260000,   2.52000,
,,,0.006901280000,   2.60000,
,,,0.006901300000,   2.52000,
,,,0.006901320000,   2.56000,
,,,0.006901340000,   2.56000,
,,,0.006901360000,   2.52000,
,,,0.006901380000,   2.52000,
,,,0.006901400000,   2.56000,
,,,0.006901420000,   2.60000,
,,,0.006901440000,   2.56000,
,,,0.006901460000,   2.56000,
,,,0.006901480000,   2.56000,
,,,0.006901500000,   2.56000,
,,,0.006901520000,   2.56000,
,,,0.006901540000,   2.52000,
,,,0.006901560000,   2.56000,
,,,0.006901580000,   2.56000,
,,,0.006901600000,   2.56000,
,,,0.006901620000,   2.56000,
,,,0.006901640000,   2.56000,
,,,0.006901660000,   2.56000,
,,,0.006901680000,   2.60000,
,,,0.006901700000,   2.52000,
,,,0.006901720000,   2.52000,
,,,0.006901740000,   2.56000,
,,,0.006901760000,   2.56000,
,,,0.006901780000,   2.56000,
,,,0.006901800000,   2.60000,
,,,0.006901820000,   2.52000,
,,,0.006901840000,   2.60000,
,,,0.006901860000,   2.52000,
,,,0.006901880000,   2.56000,
,,,0.006901900000,   2.56000,
,,,0.006901920000,   2.52000,
,,,0.006901940000,   2.56000,
,,,0.006901960000,   2.56000,
,,,0.006901980000,   2.56000,
,,,0.006902000000,   2.56000,
,,,0.006902020000,   2.60000,
,,,0.006902040000,   2.52000,
,,,0.006902060000,   2.52000,
,,,0.006902080000,   2.60000,
,,,0.006902100000,   2.52000,
,,,0.006902120000,   2.52000,
,,,0.006902140000,   2.56000,
,,,0.006902160000,   2.52000,
,,,0.006902180000,   2.48000,
,,,0.006902200000,   2.56000,
,,,0.006902220000,   2.56000,
,,,0.006902240000,   2.52000,
,,,0.006902260000,   2.52000,
,,,0.006902280000,   2.60000,
,,,0.006902300000,   2.52000,
,,,0.006902320000,   2.52000,
,,,0.006902340000,   2.56000,
,,,0.006902360000,   2.60000,
,,,0.006902380000,   2.52000,
,,,0.006902400000,   2.60000,
,,,0.006902420000,   2.52000,
,,,0.006902440000,   2.56000,
,,,0.006902460000,   2.52000,
,,,0.006902480000,   2.56000,
,,,0.006902500000,   2.52000,
,,,0.006902520000,   2.52000,
,,,0.006902540000,   2.56000,
,,,0.006902560000,   2.52000,
,,,0.006902580000,   2.56000,
,,,0.006902600000,   2.52000,
,,,0.006902620000,   2.52000,
,,,0.006902640000,   2.52000,
,,,0.006902660000,   2.56000,
,,,0.006902680000,   2.52000,
,,,0.006902700000,   2.48000,
,,,0.006902720000,   2.56000,
,,,0.006902740000,   2.56000,
,,,0.006902760000,   2.56000,
,,,0.006902780000,   2.52000,
,,,0.006902800000,   2.56000,
,,,0.006902820000,   2.52000,
,,,0.006902840000,   2.56000,
,,,0.006902860000,   2.56000,
,,,0.006902880000,   2.56000,
,,,0.006902900000,   2.48000,
,,,0.006902920000,   2.52000,
,,,0.006902940000,   2.56000,
,,,0.006902960000,   2.56000,
,,,0.006902980000,   2.52000,
,,,0.006903000000,   2.56000,
,,,0.006903020000,   2.52000,
,,,0.006903040000,   2.52000,
,,,0.006903060000,   2.56000,
,,,0.006903080000,   2.52000,
,,,0.006903100000,   2.52000,
,,,0.006903120000,   2.52000,
,,,0.006903140000,   2.56000,
,,,0.006903160000,   2.56000,
,,,0.006903180000,   2.56000,
,,,0.006903200000,   2.52000,
,,,0.006903220000,   2.52000,
,,,0.006903240000,   2.56000,
,,,0.006903260000,   2.56000,
,,,0.006903280000,   2.52000,
,,,0.006903300000,   2.56000,
,,,0.006903320000,   2.52000,
,,,0.006903340000,   2.52000,
,,,0.006903360000,   2.56000,
,,,0.006903380000,   2.52000,
,,,0.006903400000,   2.56000,
,,,0.006903420000,   2.52000,
,,,0.006903440000,   2.56000,
,,,0.006903460000,   2.56000,
,,,0.006903480000,   2.48000,
,,,0.006903500000,   2.60000,
,,,0.006903520000,   2.52000,
,,,0.006903540000,   2.52000,
,,,0.006903560000,   2.52000,
,,,0.006903580000,   2.52000,
,,,0.006903600000,   2.52000,
,,,0.006903620000,   2.52000,
,,,0.006903640000,   2.52000,
,,,0.006903660000,   2.52000,
,,,0.006903680000,   2.56000,
,,,0.006903700000,   2.52000,
,,,0.006903720000,   2.52000,
,,,0.006903740000,   2.56000,
,,,0.006903760000,   2.52000,
,,,0.006903780000,   2.52000,
,,,0.006903800000,   2.52000,
,,,0.006903820000,   2.52000,
,,,0.006903840000,   2.52000,
,,,0.006903860000,   2.52000,
,,,0.006903880000,   2.56000,
,,,0.006903900000,   2.48000,
,,,0.006903920000,   2.52000,
,,,0.006903940000,   2.52000,
,,,0.006903960000,   2.52000,
,,,0.006903980000,   2.52000,
,,,0.006904000000,   2.52000,
,,,0.006904020000,   2.52000,
,,,0.006904040000,   2.52000,
,,,0.006904060000,   2.52000,
,,,0.006904080000,   2.52000,
,,,0.006904100000,   2.52000,
,,,0.006904120000,   2.52000,
,,,0.006904140000,   2.48000,
,,,0.006904160000,   2.48000,
,,,0.006904180000,   2.48000,
,,,0.006904200000,   2.48000,
,,,0.006904220000,   2.52000,
,,,0.006904240000,   2.52000,
,,,0.006904260000,   2.52000,
,,,0.006904280000,   2.52000,
,,,0.006904300000,   2.56000,
,,,0.006904320000,   2.52000,
,,,0.006904340000,   2.52000,
,,,0.006904360000,   2.52000,
,,,0.006904380000,   2.48000,
,,,0.006904400000,   2.44000,
,,,0.006904420000,   2.52000,
,,,0.006904440000,   2.48000,
,,,0.006904460000,   2.52000,
,,,0.006904480000,   2.48000,
,,,0.006904500000,   2.44000,
,,,0.006904520000,   2.52000,
,,,0.006904540000,   2.48000,
,,,0.006904560000,   2.48000,
,,,0.006904580000,   2.52000,
,,,0.006904600000,   2.48000,
,,,0.006904620000,   2.48000,
,,,0.006904640000,   2.48000,
,,,0.006904660000,   2.52000,
,,,0.006904680000,   2.44000,
,,,0.006904700000,   2.48000,
,,,0.006904720000,   2.52000,
,,,0.006904740000,   2.52000,
,,,0.006904760000,   2.44000,
,,,0.006904780000,   2.52000,
,,,0.006904800000,   2.52000,
,,,0.006904820000,   2.48000,
,,,0.006904840000,   2.52000,
,,,0.006904860000,   2.52000,
,,,0.006904880000,   2.48000,
,,,0.006904900000,   2.48000,
,,,0.006904920000,   2.52000,
,,,0.006904940000,   2.52000,
,,,0.006904960000,   2.52000,
,,,0.006904980000,   2.52000,
,,,0.006905000000,   2.48000,
,,,0.006905020000,   2.48000,
,,,0.006905040000,   2.52000,
,,,0.006905060000,   2.52000,
,,,0.006905080000,   2.52000,
,,,0.006905100000,   2.52000,
,,,0.006905120000,   2.56000,
,,,0.006905140000,   2.52000,
,,,0.006905160000,   2.48000,
,,,0.006905180000,   2.52000,
,,,0.006905200000,   2.52000,
,,,0.006905220000,   2.48000,
,,,0.006905240000,   1.68000,
,,,0.006905260000,  -2.64000,
,,,0.006905280000,  -2.40000,
,,,0.006905300000,  -2.48000,
,,,0.006905320000,  -2.36000,
,,,0.006905340000,  -2.48000,
,,,0.006905360000,  -2.36000,
,,,0.006905380000,  -2.36000,
,,,0.006905400000,  -2.40000,
,,,0.006905420000,  -2.44000,
,,,0.006905440000,  -2.44000,
,,,0.006905460000,  -2.48000,
,,,0.006905480000,  -2.40000,
,,,0.006905500000,  -2.44000,
,,,0.006905520000,  -2.40000,
,,,0.006905540000,  -2.40000,
,,,0.006905560000,  -2.40000,
,,,0.006905580000,  -2.44000,
,,,0.006905600000,  -2.44000,
,,,0.006905620000,  -2.44000,
,,,0.006905640000,  -2.44000,
,,,0.006905660000,  -2.48000,
,,,0.006905680000,  -2.40000,
,,,0.006905700000,  -2.36000,
,,,0.006905720000,  -2.44000,
,,,0.006905740000,  -2.48000,
,,,0.006905760000,  -2.48000,
,,,0.006905780000,  -2.40000,
,,,0.006905800000,  -2.44000,
,,,0.006905820000,  -2.40000,
,,,0.006905840000,  -2.40000,
,,,0.006905860000,  -2.44000,
,,,0.006905880000,  -2.40000,
,,,0.006905900000,  -2.40000,
,,,0.006905920000,  -2.36000,
,,,0.006905940000,  -2.36000,
,,,0.006905960000,  -2.44000,
,,,0.006905980000,  -2.36000,
,,,0.006906000000,  -2.40000,
,,,0.006906020000,  -2.40000,
,,,0.006906040000,  -2.36000,
,,,0.006906060000,  -2.36000,
,,,0.006906080000,  -2.40000,
,,,0.006906100000,  -2.40000,
,,,0.006906120000,  -2.48000,
,,,0.006906140000,  -2.48000,
,,,0.006906160000,  -2.44000,
,,,0.006906180000,  -2.40000,
,,,0.006906200000,  -2.36000,
,,,0.006906220000,  -2.48000,
,,,0.006906240000,  -2.40000,
,,,0.006906260000,  -2.44000,
,,,0.006906280000,  -2.44000,
,,,0.006906300000,  -2.40000,
,,,0.006906320000,  -2.40000,
,,,0.006906340000,  -2.40000,
,,,0.006906360000,  -2.44000,
,,,0.006906380000,  -2.48000,
,,,0.006906400000,  -2.40000,
,,,0.006906420000,  -2.48000,
,,,0.006906440000,  -2.40000,
,,,0.006906460000,  -2.36000,
,,,0.006906480000,  -2.44000,
,,,0.006906500000,  -2.44000,
,,,0.006906520000,  -2.40000,
,,,0.006906540000,  -2.40000,
,,,0.006906560000,  -2.40000,
,,,0.006906580000,  -2.44000,
,,,0.006906600000,  -2.48000,
,,,0.006906620000,  -2.40000,
,,,0.006906640000,  -2.44000,
,,,0.006906660000,  -2.44000,
,,,0.006906680000,  -2.40000,
,,,0.006906700000,  -2.40000,
,,,0.006906720000,  -2.36000,
,,,0.006906740000,  -2.36000,
,,,0.006906760000,  -2.36000,
,,,0.006906780000,  -2.40000,
,,,0.006906800000,  -2.44000,
,,,0.006906820000,  -2.40000,
,,,0.006906840000,  -2.36000,
,,,0.006906860000,  -2.48000,
,,,0.006906880000,  -2.40000,
,,,0.006906900000,  -2.40000,
,,,0.006906920000,  -2.40000,
,,,0.006906940000,  -2.40000,
,,,0.006906960000,  -2.36000,
,,,0.006906980000,  -2.36000,
,,,0.006907000000,  -2.48000,
,,,0.006907020000,  -2.36000,
,,,0.006907040000,  -2.40000,
,,,0.006907060000,  -2.44000,
,,,0.006907080000,  -2.40000,
,,,0.006907100000,  -2.40000,
,,,0.006907120000,  -2.36000,
,,,0.006907140000,  -2.40000,
,,,0.006907160000,  -2.44000,
,,,0.006907180000,  -2.40000,
,,,0.006907200000,  -2.40000,
,,,0.006907220000,  -2.36000,
,,,0.006907240000,  -2.40000,
,,,0.006907260000,  -2.48000,
,,,0.006907280000,  -2.36000,
,,,0.006907300000,  -2.36000,
,,,0.006907320000,  -2.40000,
,,,0.006907340000,  -2.40000,
,,,0.006907360000,  -2.40000,
,,,0.006907380000,  -2.40000,
,,,0.006907400000,  -2.36000,
,,,0.006907420000,  -2.40000,
,,,0.006907440000,  -2.48000,
,,,0.006907460000,  -2.40000,
,,,0.006907480000,  -2.40000,
,,,0.006907500000,  -2.44000,
,,,0.006907520000,  -2.40000,
,,,0.006907540000,  -2.40000,
,,,0.006907560000,  -2.40000,
,,,0.006907580000,  -2.40000,
,,,0.006907600000,  -2.40000,
,,,0.006907620000,  -2.44000,
,,,0.006907640000,  -2.44000,
,,,0.006907660000,  -2.44000,
,,,0.006907680000,  -2.40000,
,,,0.006907700000,  -2.36000,
,,,0.006907720000,  -2.40000,
,,,0.006907740000,  -2.40000,
,,,0.006907760000,  -2.40000,
,,,0.006907780000,  -2.40000,
,,,0.006907800000,  -2.40000,
,,,0.006907820000,  -2.40000,
,,,0.006907840000,  -2.44000,
,,,0.006907860000,  -2.40000,
,,,0.006907880000,  -2.40000,
,,,0.006907900000,  -2.40000,
,,,0.006907920000,  -2.36000,
,,,0.006907940000,  -2.36000,
,,,0.006907960000,  -2.40000,
,,,0.006907980000,  -2.36000,
,,,0.006908000000,  -2.40000,
,,,0.006908020000,  -2.40000,
,,,0.006908040000,  -2.36000,
,,,0.006908060000,  -2.36000,
,,,0.006908080000,  -2.40000,
,,,0.006908100000,  -2.40000,
,,,0.006908120000,  -2.52000,
,,,0.006908140000,  -2.40000,
,,,0.006908160000,  -2.36000,
,,,0.006908180000,  -2.40000,
,,,0.006908200000,  -2.48000,
,,,0.006908220000,  -2.40000,
,,,0.006908240000,  -2.40000,
,,,0.006908260000,  -2.36000,
,,,0.006908280000,  -2.36000,
,,,0.006908300000,  -2.36000,
,,,0.006908320000,  -2.40000,
,,,0.006908340000,  -2.40000,
,,,0.006908360000,  -2.44000,
,,,0.006908380000,  -2.36000,
,,,0.006908400000,  -2.44000,
,,,0.006908420000,  -2.36000,
,,,0.006908440000,  -2.36000,
,,,0.006908460000,  -2.40000,
,,,0.006908480000,  -2.36000,
,,,0.006908500000,  -2.36000,
,,,0.006908520000,  -2.40000,
,,,0.006908540000,  -2.40000,
,,,0.006908560000,  -2.44000,
,,,0.006908580000,  -2.44000,
,,,0.006908600000,  -2.40000,
,,,0.006908620000,  -2.32000,
,,,0.006908640000,  -2.44000,
,,,0.006908660000,  -2.36000,
,,,0.006908680000,  -2.40000,
,,,0.006908700000,  -2.32000,
,,,0.006908720000,  -2.36000,
,,,0.006908740000,  -2.36000,
,,,0.006908760000,  -2.40000,
,,,0.006908780000,  -2.36000,
,,,0.006908800000,  -2.40000,
,,,0.006908820000,  -2.32000,
,,,0.006908840000,  -2.40000,
,,,0.006908860000,  -2.36000,
,,,0.006908880000,  -2.36000,
,,,0.006908900000,  -2.32000,
,,,0.006908920000,  -2.40000,
,,,0.006908940000,  -2.36000,
,,,0.006908960000,  -2.36000,
,,,0.006908980000,  -2.36000,
,,,0.006909000000,  -2.32000,
,,,0.006909020000,  -2.40000,
,,,0.006909040000,  -2.40000,
,,,0.006909060000,  -2.40000,
,,,0.006909080000,  -2.36000,
,,,0.006909100000,  -2.32000,
,,,0.006909120000,  -2.32000,
,,,0.006909140000,  -2.36000,
,,,0.006909160000,  -2.40000,
,,,0.006909180000,  -2.36000,
,,,0.006909200000,  -2.40000,
,,,0.006909220000,  -2.40000,
,,,0.006909240000,  -2.44000,
,,,0.006909260000,  -2.36000,
,,,0.006909280000,  -2.36000,
,,,0.006909300000,  -2.36000,
,,,0.006909320000,  -2.32000,
,,,0.006909340000,  -2.32000,
,,,0.006909360000,  -2.32000,
,,,0.006909380000,  -2.32000,
,,,0.006909400000,  -2.36000,
,,,0.006909420000,  -2.44000,
,,,0.006909440000,  -2.32000,
,,,0.006909460000,  -2.36000,
,,,0.006909480000,  -2.36000,
,,,0.006909500000,  -2.40000,
,,,0.006909520000,  -2.32000,
,,,0.006909540000,  -2.36000,
,,,0.006909560000,  -2.40000,
,,,0.006909580000,  -2.36000,
,,,0.006909600000,  -2.36000,
,,,0.006909620000,  -2.36000,
,,,0.006909640000,  -2.36000,
,,,0.006909660000,  -2.36000,
,,,0.006909680000,  -2.32000,
,,,0.006909700000,  -2.44000,
,,,0.006909720000,  -2.36000,
,,,0.006909740000,  -2.36000,
,,,0.006909760000,  -2.40000,
,,,0.006909780000,  -2.28000,
,,,0.006909800000,  -2.32000,
,,,0.006909820000,  -2.36000,
,,,0.006909840000,  -2.40000,
,,,0.006909860000,  -2.36000,
,,,0.006909880000,  -2.40000,
,,,0.006909900000,  -2.32000,
,,,0.006909920000,  -2.40000,
,,,0.006909940000,  -2.36000,
,,,0.006909960000,  -2.32000,
,,,0.006909980000,  -2.36000,
,,,0.006910000000,  -2.36000,
,,,0.006910020000,  -2.32000,
,,,0.006910040000,  -2.32000,
,,,0.006910060000,  -2.36000,
,,,0.006910080000,  -2.32000,
,,,0.006910100000,  -2.44000,
,,,0.006910120000,  -2.40000,
,,,0.006910140000,  -2.40000,
,,,0.006910160000,  -2.32000,
,,,0.006910180000,  -2.48000,
,,,0.006910200000,  -2.36000,
,,,0.006910220000,  -2.40000,
,,,0.006910240000,  -1.52000,
,,,0.006910260000,   2.72000,
,,,0.006910280000,   2.40000,
,,,0.006910300000,   2.64000,
,,,0.006910320000,   2.48000,
,,,0.006910340000,   2.56000,
,,,0.006910360000,   2.56000,
,,,0.006910380000,   2.56000,
,,,0.006910400000,   2.56000,
,,,0.006910420000,   2.56000,
,,,0.006910440000,   2.52000,
,,,0.006910460000,   2.60000,
,,,0.006910480000,   2.56000,
,,,0.006910500000,   2.56000,
,,,0.006910520000,   2.56000,
,,,0.006910540000,   2.52000,
,,,0.006910560000,   2.52000,
,,,0.006910580000,   2.56000,
,,,0.006910600000,   2.56000,
,,,0.006910620000,   2.48000,
,,,0.006910640000,   2.52000,
,,,0.006910660000,   2.56000,
,,,0.006910680000,   2.56000,
,,,0.006910700000,   2.52000,
,,,0.006910720000,   2.52000,
,,,0.006910740000,   2.52000,
,,,0.006910760000,   2.56000,
,,,0.006910780000,   2.56000,
,,,0.006910800000,   2.56000,
,,,0.006910820000,   2.48000,
,,,0.006910840000,   2.56000,
,,,0.006910860000,   2.56000,
,,,0.006910880000,   2.64000,
,,,0.006910900000,   2.56000,
,,,0.006910920000,   2.56000,
,,,0.006910940000,   2.52000,
,,,0.006910960000,   2.56000,
,,,0.006910980000,   2.56000,
,,,0.006911000000,   2.56000,
,,,0.006911020000,   2.56000,
,,,0.006911040000,   2.52000,
,,,0.006911060000,   2.56000,
,,,0.006911080000,   2.56000,
,,,0.006911100000,   2.56000,
,,,0.006911120000,   2.56000,
,,,0.006911140000,   2.56000,
,,,0.006911160000,   2.56000,
,,,0.006911180000,   2.56000,
,,,0.006911200000,   2.56000,
,,,0.006911220000,   2.56000,
,,,0.006911240000,   2.56000,
,,,0.006911260000,   2.56000,
,,,0.006911280000,   2.52000,
,,,0.006911300000,   2.56000,
,,,0.006911320000,   2.56000,
,,,0.006911340000,   2.56000,
,,,0.006911360000,   2.56000,
,,,0.006911380000,   2.56000,
,,,0.006911400000,   2.52000,
,,,0.006911420000,   2.56000,
,,,0.006911440000,   2.52000,
,,,0.006911460000,   2.60000,
,,,0.006911480000,   2.52000,
,,,0.006911500000,   2.56000,
,,,0.006911520000,   2.56000,
,,,0.006911540000,   2.56000,
,,,0.006911560000,   2.56000,
,,,0.006911580000,   2.52000,
,,,0.006911600000,   2.52000,
,,,0.006911620000,   2.52000,
,,,0.006911640000,   2.56000,
,,,0.006911660000,   2.56000,
,,,0.006911680000,   2.60000,
,,,0.006911700000,   2.56000,
,,,0.006911720000,   2.56000,
,,,0.006911740000,   2.56000,
,,,0.006911760000,   2.56000,
,,,0.006911780000,   2.56000,
,,,0.006911800000,   2.56000,
,,,0.006911820000,   2.56000,
,,,0.006911840000,   2.56000,
,,,0.006911860000,   2.56000,
,,,0.006911880000,   2.56000,
,,,0.006911900000,   2.56000,
,,,0.006911920000,   2.52000,
,,,0.006911940000,   2.52000,
,,,0.006911960000,   2.52000,
,,,0.006911980000,   2.56000,
,,,0.006912000000,   2.56000,
,,,0.006912020000,   2.60000,
,,,0.006912040000,   2.52000,
,,,0.006912060000,   2.52000,
,,,0.006912080000,   2.48000,
,,,0.006912100000,   2.52000,
,,,0.006912120000,   2.52000,
,,,0.006912140000,   2.56000,
,,,0.006912160000,   2.56000,
,,,0.006912180000,   2.56000,
,,,0.006912200000,   2.52000,
,,,0.006912220000,   2.52000,
,,,0.006912240000,   2.56000,
,,,0.006912260000,   2.56000,
,,,0.006912280000,   2.52000,
,,,0.006912300000,   2.52000,
,,,0.006912320000,   2.52000,
,,,0.006912340000,   2.52000,
,,,0.006912360000,   2.52000,
,,,0.006912380000,   2.52000,
,,,0.006912400000,   2.52000,
,,,0.006912420000,   2.48000,
,,,0.006912440000,   2.56000,
,,,0.006912460000,   2.56000,
,,,0.006912480000,   2.52000,
,,,0.006912500000,   2.52000,
,,,0.006912520000,   2.52000,
,,,0.006912540000,   2.52000,
,,,0.006912560000,   2.56000,
,,,0.006912580000,   2.52000,
,,,0.006912600000,   2.48000,
,,,0.006912620000,   2.48000,
,,,0.006912640000,   2.56000,
,,,0.006912660000,   2.60000,
,,,0.006912680000,   2.52000,
,,,0.006912700000,   2.56000,
,,,0.006912720000,   2.52000,
,,,0.006912740000,   2.48000,
,,,0.006912760000,   2.56000,
,,,0.006912780000,   2.52000,
,,,0.006912800000,   2.52000,
,,,0.006912820000,   2.56000,
,,,0.006912840000,   2.60000,
,,,0.006912860000,   2.64000,
,,,0.006912880000,   2.52000,
,,,0.006912900000,   2.56000,
,,,0.006912920000,   2.60000,
,,,0.006912940000,   2.56000,
,,,0.006912960000,   2.60000,
,,,0.006912980000,   2.56000,
,,,0.006913000000,   2.56000,
,,,0.006913020000,   2.52000,
,,,0.006913040000,   2.56000,
,,,0.006913060000,   2.52000,
,,,0.006913080000,   2.56000,
,,,0.006913100000,   2.56000,
,,,0.006913120000,   2.52000,
,,,0.006913140000,   2.52000,
,,,0.006913160000,   2.56000,
,,,0.006913180000,   2.52000,
,,,0.006913200000,   2.48000,
,,,0.006913220000,   2.48000,
,,,0.006913240000,   2.52000,
,,,0.006913260000,   2.52000,
,,,0.006913280000,   2.56000,
,,,0.006913300000,   2.56000,
,,,0.006913320000,   2.52000,
,,,0.006913340000,   2.56000,
,,,0.006913360000,   2.56000,
,,,0.006913380000,   2.56000,
,,,0.006913400000,   2.56000,
,,,0.006913420000,   2.52000,
,,,0.006913440000,   2.52000,
,,,0.006913460000,   2.56000,
,,,0.006913480000,   2.52000,
,,,0.006913500000,   2.52000,
,,,0.006913520000,   2.52000,
,,,0.006913540000,   2.52000,
,,,0.006913560000,   2.56000,
,,,0.006913580000,   2.52000,
,,,0.006913600000,   2.52000,
,,,0.006913620000,   2.52000,
,,,0.006913640000,   2.52000,
,,,0.006913660000,   2.56000,
,,,0.006913680000,   2.52000,
,,,0.006913700000,   2.52000,
,,,0.006913720000,   2.52000,
,,,0.006913740000,   2.56000,
,,,0.006913760000,   2.52000,
,,,0.006913780000,   2.56000,
,,,0.006913800000,   2.48000,
,,,0.006913820000,   2.56000,
,,,0.006913840000,   2.56000,
,,,0.006913860000,   2.56000,
,,,0.006913880000,   2.52000,
,,,0.006913900000,   2.56000,
,,,0.006913920000,   2.52000,
,,,0.006913940000,   2.52000,
,,,0.006913960000,   2.52000,
,,,0.006913980000,   2.52000,
,,,0.006914000000,   2.52000,
,,,0.006914020000,   2.52000,
,,,0.006914040000,   2.52000,
,,,0.006914060000,   2.48000,
,,,0.006914080000,   2.44000,
,,,0.006914100000,   2.52000,
,,,0.006914120000,   2.56000,
,,,0.006914140000,   2.52000,
,,,0.006914160000,   2.52000,
,,,0.006914180000,   2.44000,
,,,0.006914200000,   2.52000,
,,,0.006914220000,   2.52000,
,,,0.006914240000,   2.52000,
,,,0.006914260000,   2.48000,
,,,0.006914280000,   2.48000,
,,,0.006914300000,   2.48000,
,,,0.006914320000,   2.52000,
,,,0.006914340000,   2.48000,
,,,0.006914360000,   2.52000,
,,,0.006914380000,   2.52000,
,,,0.006914400000,   2.48000,
,,,0.006914420000,   2.52000,
,,,0.006914440000,   2.48000,
,,,0.006914460000,   2.48000,
,,,0.006914480000,   2.48000,
,,,0.006914500000,   2.48000,
,,,0.006914520000,   2.48000,
,,,0.006914540000,   2.48000,
,,,0.006914560000,   2.52000,
,,,0.006914580000,   2.48000,
,,,0.006914600000,   2.44000,
,,,0.006914620000,   2.52000,
,,,0.006914640000,   2.48000,
,,,0.006914660000,   2.52000,
,,,0.006914680000,   2.52000,
,,,0.006914700000,   2.48000,
,,,0.006914720000,   2.52000,
,,,0.006914740000,   2.48000,
,,,0.006914760000,   2.52000,
,,,0.006914780000,   2.48000,
,,,0.006914800000,   2.52000,
,,,0.006914820000,   2.48000,
,,,0.006914840000,   2.48000,
,,,0.006914860000,   2.44000,
,,,0.006914880000,   2.56000,
,,,0.006914900000,   2.48000,
,,,0.006914920000,   2.52000,
,,,0.006914940000,   2.52000,
,,,0.006914960000,   2.48000,
,,,0.006914980000,   2.52000,
,,,0.006915000000,   2.52000,
,,,0.006915020000,   2.56000,
,,,0.006915040000,   2.52000,
,,,0.006915060000,   2.48000,
,,,0.006915080000,   2.44000,
,,,0.006915100000,   2.52000,
,,,0.006915120000,   2.52000,
,,,0.006915140000,   2.52000,
,,,0.006915160000,   2.44000,
,,,0.006915180000,   2.48000,
,,,0.006915200000,   2.48000,
,,,0.006915220000,   2.48000,
,,,0.006915240000,   1.68000,
,,,0.006915260000,  -2.64000,
,,,0.006915280000,  -2.32000,
,,,0.006915300000,  -2.48000,
,,,0.006915320000,  -2.36000,
,,,0.006915340000,  -2.44000,
,,,0.006915360000,  -2.48000,
,,,0.006915380000,  -2.40000,
,,,0.006915400000,  -2.40000,
,,,0.006915420000,  -2.44000,
,,,0.006915440000,  -2.44000,
,,,0.006915460000,  -2.36000,
,,,0.006915480000,  -2.40000,
,,,0.006915500000,  -2.44000,
,,,0.006915520000,  -2.40000,
,,,0.006915540000,  -2.44000,
,,,0.006915560000,  -2.44000,
,,,0.006915580000,  -2.48000,
,,,0.006915600000,  -2.36000,
,,,0.006915620000,  -2.40000,
,,,0.006915640000,  -2.44000,
,,,0.006915660000,  -2.48000,
,,,0.006915680000,  -2.40000,
,,,0.006915700000,  -2.44000,
,,,0.006915720000,  -2.40000,
,,,0.006915740000,  -2.40000,
,,,0.006915760000,  -2.40000,
,,,0.006915780000,  -2.44000,
,,,0.006915800000,  -2.40000,
,,,0.006915820000,  -2.44000,
,,,0.006915840000,  -2.40000,
,,,0.006915860000,  -2.44000,
,,,0.006915880000,  -2.40000,
,,,0.006915900000,  -2.36000,
,,,0.006915920000,  -2.40000,
,,,0.006915940000,  -2.44000,
,,,0.006915960000,  -2.44000,
,,,0.006915980000,  -2.40000,
,,,0.006916000000,  -2.40000,
,,,0.006916020000,  -2.40000,
,,,0.006916040000,  -2.48000,
,,,0.006916060000,  -2.44000,
,,,0.006916080000,  -2.44000,
,,,0.006916100000,  -2.40000,
,,,0.006916120000,  -2.52000,
,,,0.006916140000,  -2.40000,
,,,0.006916160000,  -2.44000,
,,,0.006916180000,  -2.40000,
,,,0.006916200000,  -2.44000,
,,,0.006916220000,  -2.36000,
,,,0.006916240000,  -2.40000,
,,,0.006916260000,  -2.40000,
,,,0.006916280000,  -2.40000,
,,,0.006916300000,  -2.40000,
,,,0.006916320000,  -2.44000,
,,,0.006916340000,  -2.44000,
,,,0.006916360000,  -2.44000,
,,,0.006916380000,  -2.48000,
,,,0.006916400000,  -2.40000,
,,,0.006916420000,  -2.40000,
,,,0.006916440000,  -2.44000,
,,,0.006916460000,  -2.40000,
,,,0.006916480000,  -2.44000,
,,,0.006916500000,  -2.44000,
,,,0.006916520000,  -2.40000,
,,,0.006916540000,  -2.40000,
,,,0.006916560000,  -2.44000,
,,,0.006916580000,  -2.40000,
,,,0.006916600000,  -2.40000,
,,,0.006916620000,  -2.36000,
,,,0.006916640000,  -2.36000,
,,,0.006916660000,  -2.36000,
,,,0.006916680000,  -2.40000,
,,,0.006916700000,  -2.40000,
,,,0.006916720000,  -2.40000,
,,,0.006916740000,  -2.40000,
,,,0.006916760000,  -2.48000,
,,,0.006916780000,  -2.40000,
,,,0.006916800000,  -2.36000,
,,,0.006916820000,  -2.40000,
,,,0.006916840000,  -2.40000,
,,,0.006916860000,  -2.36000,
,,,0.006916880000,  -2.36000,
,,,0.006916900000,  -2.40000,
,,,0.006916920000,  -2.36000,
,,,0.006916940000,  -2.40000,
,,,0.006916960000,  -2.40000,
,,,0.006916980000,  -2.40000,
,,,0.006917000000,  -2.36000,
,,,0.006917020000,  -2.36000,
,,,0.006917040000,  -2.36000,
,,,0.006917060000,  -2.44000,
,,,0.006917080000,  -2.40000,
,,,0.006917100000,  -2.40000,
,,,0.006917120000,  -2.44000,
,,,0.006917140000,  -2.36000,
,,,0.006917160000,  -2.44000,
,,,0.006917180000,  -2.36000,
,,,0.006917200000,  -2.36000,
,,,0.006917220000,  -2.40000,
,,,0.006917240000,  -2.40000,
,,,0.006917260000,  -2.36000,
,,,0.006917280000,  -2.40000,
,,,0.006917300000,  -2.36000,
,,,0.006917320000,  -2.40000,
,,,0.006917340000,  -2.48000,
,,,0.006917360000,  -2.36000,
,,,0.006917380000,  -2.40000,
,,,0.006917400000,  -2.40000,
,,,0.006917420000,  -2.40000,
,,,0.006917440000,  -2.40000,
,,,0.006917460000,  -2.44000,
,,,0.006917480000,  -2.40000,
,,,0.006917500000,  -2.40000,
,,,0.006917520000,  -2.44000,
,,,0.006917540000,  -2.40000,
,,,0.006917560000,  -2.44000,
,,,0.006917580000,  -2.40000,
,,,0.006917600000,  -2.40000,
,,,0.006917620000,  -2.48000,
,,,0.006917640000,  -2.40000,
,,,0.006917660000,  -2.40000,
,,,0.006917680000,  -2.40000,
,,,0.006917700000,  -2.36000,
,,,0.006917720000,  -2.40000,
,,,0.006917740000,  -2.40000,
,,,0.006917760000,  -2.40000,
,,,0.006917780000,  -2.40000,
,,,0.006917800000,  -2.40000,
,,,0.006917820000,  -2.40000,
,,,0.006917840000,  -2.40000,
,,,0.006917860000,  -2.40000,
,,,0.006917880000,  -2.40000,
,,,0.006917900000,  -2.36000,
,,,0.006917920000,  -2.40000,
,,,0.006917940000,  -2.36000,
,,,0.006917960000,  -2.36000,
,,,0.006917980000,  -2.40000,
,,,0.006918000000,  -2.44000,
,,,0.006918020000,  -2.44000,
,,,0.006918040000,  -2.44000,
,,,0.006918060000,  -2.40000,
,,,0.006918080000,  -2.36000,
,,,0.006918100000,  -2.48000,
,,,0.006918120000,  -2.40000,
,,,0.006918140000,  -2.44000,
,,,0.006918160000,  -2.36000,
,,,0.006918180000,  -2.40000,
,,,0.006918200000,  -2.36000,
,,,0.006918220000,  -2.40000,
,,,0.006918240000,  -2.36000,
,,,0.006918260000,  -2.44000,
,,,0.006918280000,  -2.40000,
,,,0.006918300000,  -2.44000,
,,,0.006918320000,  -2.36000,
,,,0.006918340000,  -2.40000,
,,,0.006918360000,  -2.40000,
,,,0.006918380000,  -2.40000,
,,,0.006918400000,  -2.44000,
,,,0.006918420000,  -2.40000,
,,,0.006918440000,  -2.36000,
,,,0.006918460000,  -2.44000,
,,,0.006918480000,  -2.40000,
,,,0.006918500000,  -2.40000,
,,,0.006918520000,  -2.40000,
,,,0.006918540000,  -2.40000,
,,,0.006918560000,  -2.40000,
,,,0.006918580000,  -2.40000,
,,,0.006918600000,  -2.36000,
,,,0.006918620000,  -2.32000,
,,,0.006918640000,  -2.36000,
,,,0.006918660000,  -2.40000,
,,,0.006918680000,  -2.40000,
,,,0.006918700000,  -2.36000,
,,,0.006918720000,  -2.36000,
,,,0.006918740000,  -2.44000,
,,,0.006918760000,  -2.36000,
,,,0.006918780000,  -2.40000,
,,,0.006918800000,  -2.32000,
,,,0.006918820000,  -2.40000,
,,,0.006918840000,  -2.36000,
,,,0.006918860000,  -2.40000,
,,,0.006918880000,  -2.36000,
,,,0.006918900000,  -2.36000,
,,,0.006918920000,  -2.40000,
,,,0.006918940000,  -2.40000,
,,,0.006918960000,  -2.40000,
,,,0.006918980000,  -2.36000,
,,,0.006919000000,  -2.36000,
,,,0.006919020000,  -2.36000,
,,,0.006919040000,  -2.36000,
,,,0.006919060000,  -2.44000,
,,,0.006919080000,  -2.36000,
,,,0.006919100000,  -2.40000,
,,,0.006919120000,  -2.36000,
,,,0.006919140000,  -2.40000,
,,,0.006919160000,  -2.36000,
,,,0.006919180000,  -2.36000,
,,,0.006919200000,  -2.36000,
,,,0.006919220000,  -2.32000,
,,,0.006919240000,  -2.36000,
,,,0.006919260000,  -2.32000,
,,,0.006919280000,  -2.36000,
,,,0.006919300000,  -2.40000,
,,,0.006919320000,  -2.36000,
,,,0.006919340000,  -2.32000,
,,,0.006919360000,  -2.40000,
,,,0.006919380000,  -2.40000,
,,,0.006919400000,  -2.36000,
,,,0.006919420000,  -2.32000,
,,,0.006919440000,  -2.32000,
,,,0.006919460000,  -2.40000,
,,,0.006919480000,  -2.40000,
,,,0.006919500000,  -2.36000,
,,,0.006919520000,  -2.36000,
,,,0.006919540000,  -2.36000,
,,,0.006919560000,  -2.36000,
,,,0.006919580000,  -2.32000,
,,,0.006919600000,  -2.36000,
,,,0.006919620000,  -2.36000,
,,,0.006919640000,  -2.32000,
,,,0.006919660000,  -2.40000,
,,,0.006919680000,  -2.36000,
,,,0.006919700000,  -2.32000,
,,,0.006919720000,  -2.36000,
,,,0.006919740000,  -2.36000,
,,,0.006919760000,  -2.32000,
,,,0.006919780000,  -2.36000,
,,,0.006919800000,  -2.40000,
,,,0.006919820000,  -2.36000,
,,,0.006919840000,  -2.28000,
,,,0.006919860000,  -2.32000,
,,,0.006919880000,  -2.32000,
,,,0.006919900000,  -2.32000,
,,,0.006919920000,  -2.36000,
,,,0.006919940000,  -2.32000,
,,,0.006919960000,  -2.32000,
,,,0.006919980000,  -2.36000,
,,,0.006920000000,  -2.40000,
,,,0.006920020000,  -2.40000,
,,,0.006920040000,  -2.32000,
,,,0.006920060000,  -2.36000,
,,,0.006920080000,  -2.40000,
,,,0.006920100000,  -2.36000,
,,,0.006920120000,  -2.44000,
,,,0.006920140000,  -2.36000,
,,,0.006920160000,  -2.32000,
,,,0.006920180000,  -2.36000,
,,,0.006920200000,  -2.36000,
,,,0.006920220000,  -2.36000,
,,,0.006920240000,  -1.56000,
,,,0.006920260000,   2.72000,
,,,0.006920280000,   2.32000,
,,,0.006920300000,   2.64000,
,,,0.006920320000,   2.52000,
,,,0.006920340000,   2.56000,
,,,0.006920360000,   2.56000,
,,,0.006920380000,   2.56000,
,,,0.006920400000,   2.56000,
,,,0.006920420000,   2.60000,
,,,0.006920440000,   2.56000,
,,,0.006920460000,   2.56000,
,,,0.006920480000,   2.60000,
,,,0.006920500000,   2.56000,
,,,0.006920520000,   2.52000,
,,,0.006920540000,   2.56000,
,,,0.006920560000,   2.56000,
,,,0.006920580000,   2.56000,
,,,0.006920600000,   2.52000,
,,,0.006920620000,   2.56000,
,,,0.006920640000,   2.52000,
,,,0.006920660000,   2.56000,
,,,0.006920680000,   2.60000,
,,,0.006920700000,   2.56000,
,,,0.006920720000,   2.56000,
,,,0.006920740000,   2.56000,
,,,0.006920760000,   2.60000,
,,,0.006920780000,   2.56000,
,,,0.006920800000,   2.56000,
,,,0.006920820000,   2.56000,
,,,0.006920840000,   2.60000,
,,,0.006920860000,   2.60000,
,,,0.006920880000,   2.56000,
,,,0.006920900000,   2.60000,
,,,0.006920920000,   2.60000,
,,,0.006920940000,   2.52000,
,,,0.006920960000,   2.60000,
,,,0.006920980000,   2.56000,
,,,0.006921000000,   2.56000,
,,,0.006921020000,   2.60000,
,,,0.006921040000,   2.56000,
,,,0.006921060000,   2.52000,
,,,0.006921080000,   2.60000,
,,,0.006921100000,   2.56000,
,,,0.006921120000,   2.56000,
,,,0.006921140000,   2.56000,
,,,0.006921160000,   2.52000,
,,,0.006921180000,   2.56000,
,,,0.006921200000,   2.56000,
,,,0.006921220000,   2.64000,
,,,0.006921240000,   2.56000,
,,,0.006921260000,   2.56000,
,,,0.006921280000,   2.56000,
,,,0.006921300000,   2.52000,
,,,0.006921320000,   2.56000,
,,,0.006921340000,   2.56000,
,,,0.006921360000,   2.56000,
,,,0.006921380000,   2.56000,
,,,0.006921400000,   2.52000,
,,,0.006921420000,   2.56000,
,,,0.006921440000,   2.56000,
,,,0.006921460000,   2.56000,
,,,0.006921480000,   2.60000,
,,,0.006921500000,   2.52000,
,,,0.006921520000,   2.52000,
,,,0.006921540000,   2.52000,
,,,0.006921560000,   2.56000,
,,,0.006921580000,   2.56000,
,,,0.006921600000,   2.56000,
,,,0.006921620000,   2.56000,
,,,0.006921640000,   2.56000,
,,,0.006921660000,   2.56000,
,,,0.006921680000,   2.56000,
,,,0.006921700000,   2.56000,
,,,0.006921720000,   2.52000,
,,,0.006921740000,   2.60000,
,,,0.006921760000,   2.56000,
,,,0.006921780000,   2.52000,
,,,0.006921800000,   2.56000,
,,,0.006921820000,   2.56000,
,,,0.006921840000,   2.52000,
,,,0.006921860000,   2.52000,
,,,0.006921880000,   2.60000,
,,,0.006921900000,   2.56000,
,,,0.006921920000,   2.52000,
,,,0.006921940000,   2.56000,
,,,0.006921960000,   2.52000,
,,,0.006921980000,   2.56000,
,,,0.006922000000,   2.52000,
,,,0.006922020000,   2.52000,
,,,0.006922040000,   2.56000,
,,,0.006922060000,   2.56000,
,,,0.006922080000,   2.52000,
,,,0.006922100000,   2.48000,
,,,0.006922120000,   2.56000,
,,,0.006922140000,   2.56000,
,,,0.006922160000,   2.56000,
,,,0.006922180000,   2.56000,
,,,0.006922200000,   2.60000,
,,,0.006922220000,   2.48000,
,,,0.006922240000,   2.60000,
,,,0.006922260000,   2.56000,
,,,0.006922280000,   2.56000,
,,,0.006922300000,   2.52000,
,,,0.006922320000,   2.52000,
,,,0.006922340000,   2.52000,
,,,0.006922360000,   2.56000,
,,,0.006922380000,   2.56000,
,,,0.006922400000,   2.56000,
,,,0.006922420000,   2.56000,
,,,0.006922440000,   2.52000,
,,,0.006922460000,   2.60000,
,,,0.006922480000,   2.56000,
,,,0.006922500000,   2.52000,
,,,0.006922520000,   2.56000,
,,,0.006922540000,   2.52000,
,,,0.006922560000,   2.56000,
,,,0.006922580000,   2.56000,
,,,0.006922600000,   2.56000,
,,,0.006922620000,   2.56000,
,,,0.006922640000,   2.56000,
,,,0.006922660000,   2.56000,
,,,0.006922680000,   2.52000,
,,,0.006922700000,   2.52000,
,,,0.006922720000,   2.52000,
,,,0.006922740000,   2.52000,
,,,0.006922760000,   2.52000,
,,,0.006922780000,   2.56000,
,,,0.006922800000,   2.56000,
,,,0.006922820000,   2.52000,
,,,0.006922840000,   2.60000,
,,,0.006922860000,   2.52000,
,,,0.006922880000,   2.56000,
,,,0.006922900000,   2.56000,
,,,0.006922920000,   2.52000,
,,,0.006922940000,   2.56000,
,,,0.006922960000,   2.56000,
,,,0.006922980000,   2.56000,
,,,0.006923000000,   2.52000,
,,,0.006923020000,   2.56000,
,,,0.006923040000,   2.52000,
,,,0.006923060000,   2.60000,
,,,0.006923080000,   2.48000,
,,,0.006923100000,   2.52000,
,,,0.006923120000,   2.52000,
,,,0.006923140000,   2.52000,
,,,0.006923160000,   2.52000,
,,,0.006923180000,   2.52000,
,,,0.006923200000,   2.56000,
,,,0.006923220000,   2.52000,
,,,0.006923240000,   2.56000,
,,,0.006923260000,   2.52000,
,,,0.006923280000,   2.56000,
,,,0.006923300000,   2.52000,
,,,0.006923320000,   2.52000,
,,,0.006923340000,   2.56000,
,,,0.006923360000,   2.56000,
,,,0.006923380000,   2.56000,
,,,0.006923400000,   2.52000,
,,,0.006923420000,   2.52000,
,,,0.006923440000,   2.48000,
,,,0.006923460000,   2.56000,
,,,0.006923480000,   2.52000,
,,,0.006923500000,   2.56000,
,,,0.006923520000,   2.52000,
,,,0.006923540000,   2.52000,
,,,0.006923560000,   2.56000,
,,,0.006923580000,   2.52000,
,,,0.006923600000,   2.48000,
,,,0.006923620000,   2.52000,
,,,0.006923640000,   2.52000,
,,,0.006923660000,   2.60000,
,,,0.006923680000,   2.52000,
,,,0.006923700000,   2.52000,
,,,0.006923720000,   2.56000,
,,,0.006923740000,   2.56000,
,,,0.006923760000,   2.52000,
,,,0.006923780000,   2.56000,
,,,0.006923800000,   2.56000,
,,,0.006923820000,   2.56000,
,,,0.006923840000,   2.52000,
,,,0.006923860000,   2.56000,
,,,0.006923880000,   2.52000,
,,,0.006923900000,   2.52000,
,,,0.006923920000,   2.52000,
,,,0.006923940000,   2.52000,
,,,0.006923960000,   2.48000,
,,,0.006923980000,   2.48000,
,,,0.006924000000,   2.56000,
,,,0.006924020000,   2.52000,
,,,0.006924040000,   2.52000,
,,,0.006924060000,   2.56000,
,,,0.006924080000,   2.48000,
,,,0.006924100000,   2.52000,
,,,0.006924120000,   2.52000,
,,,0.006924140000,   2.48000,
,,,0.006924160000,   2.52000,
,,,0.006924180000,   2.52000,
,,,0.006924200000,   2.44000,
,,,0.006924220000,   2.52000,
,,,0.006924240000,   2.48000,
,,,0.006924260000,   2.52000,
,,,0.006924280000,   2.52000,
,,,0.006924300000,   2.44000,
,,,0.006924320000,   2.48000,
,,,0.006924340000,   2.48000,
,,,0.006924360000,   2.52000,
,,,0.006924380000,   2.56000,
